# Blender v3.3.1 OBJ File: 'level2.blend'
# www.blender.org
mtllib level2.mtl
o Cylinder.048_Cylinder.001
v -50.781380 20.796474 87.043495
v -50.781380 -0.157268 87.043495
v -50.866776 20.796474 87.051903
v -50.866776 -0.157268 87.051903
v -50.948887 20.796474 87.076813
v -50.948891 -0.157268 87.076813
v -51.024563 20.796474 87.117264
v -51.024567 -0.157268 87.117264
v -51.090897 20.796474 87.171700
v -51.090900 -0.157268 87.171700
v -51.145332 20.796474 87.238029
v -51.145336 -0.157268 87.238029
v -51.185783 20.796474 87.313705
v -51.185787 -0.157268 87.313705
v -51.210690 20.796474 87.395821
v -51.210693 -0.157268 87.395821
v -51.219101 20.796474 87.481216
v -51.219105 -0.157268 87.481216
v -51.210690 20.796474 87.566612
v -51.210693 -0.157268 87.566612
v -51.185783 20.796474 87.648727
v -51.185787 -0.157268 87.648727
v -51.145332 20.796474 87.724403
v -51.145336 -0.157268 87.724403
v -51.090897 20.796474 87.790733
v -51.090900 -0.157268 87.790733
v -51.024563 20.796474 87.845169
v -51.024567 -0.157268 87.845169
v -50.948887 20.796474 87.885620
v -50.948891 -0.157268 87.885620
v -50.866776 20.796474 87.910530
v -50.866776 -0.157268 87.910530
v -50.781380 20.796474 87.918938
v -50.781380 -0.157268 87.918938
v -50.695984 20.796474 87.910530
v -50.695984 -0.157268 87.910530
v -50.613869 20.796474 87.885620
v -50.613873 -0.157268 87.885620
v -50.538193 20.796474 87.845169
v -50.538197 -0.157268 87.845169
v -50.471859 20.796474 87.790733
v -50.471863 -0.157268 87.790733
v -50.417423 20.796474 87.724403
v -50.417427 -0.157268 87.724403
v -50.376972 20.796474 87.648727
v -50.376976 -0.157268 87.648727
v -50.352066 20.796474 87.566612
v -50.352070 -0.157268 87.566612
v -50.343655 20.796474 87.481216
v -50.343658 -0.157268 87.481216
v -50.352066 20.796474 87.395821
v -50.352070 -0.157268 87.395821
v -50.376972 20.796474 87.313705
v -50.376976 -0.157268 87.313705
v -50.417423 20.796474 87.238029
v -50.417427 -0.157268 87.238029
v -50.471859 20.796474 87.171700
v -50.471863 -0.157268 87.171700
v -50.538193 20.796474 87.117264
v -50.538197 -0.157268 87.117264
v -50.613869 20.796474 87.076813
v -50.613873 -0.157268 87.076813
v -50.695984 20.796474 87.051903
v -50.695984 -0.157268 87.051903
vt 0.115184 0.229106
vt 0.115184 0.240942
vt 0.114444 0.240942
vt 0.114444 0.229106
vt 0.113705 0.240942
vt 0.113705 0.229106
vt 0.112965 0.240942
vt 0.112965 0.229106
vt 0.112225 0.240942
vt 0.112225 0.229106
vt 0.111485 0.240942
vt 0.111485 0.229106
vt 0.110745 0.240942
vt 0.110745 0.229106
vt 0.110006 0.240942
vt 0.110006 0.229106
vt 0.109266 0.240942
vt 0.109266 0.229106
vt 0.108526 0.240942
vt 0.108526 0.229106
vt 0.107786 0.240942
vt 0.107786 0.229106
vt 0.107046 0.240942
vt 0.107046 0.229106
vt 0.106307 0.240942
vt 0.106307 0.229106
vt 0.105567 0.240942
vt 0.105567 0.229106
vt 0.104827 0.240942
vt 0.104827 0.229106
vt 0.104087 0.240942
vt 0.104087 0.229106
vt 0.103347 0.240942
vt 0.103347 0.229106
vt 0.102608 0.240942
vt 0.102608 0.229106
vt 0.101868 0.240942
vt 0.101868 0.229106
vt 0.101128 0.240942
vt 0.101128 0.229106
vt 0.100388 0.240942
vt 0.100388 0.229106
vt 0.099649 0.240942
vt 0.099649 0.229106
vt 0.098909 0.240942
vt 0.098909 0.229106
vt 0.098169 0.240942
vt 0.098169 0.229106
vt 0.097429 0.240942
vt 0.097429 0.229106
vt 0.096689 0.240942
vt 0.096689 0.229106
vt 0.095950 0.240942
vt 0.095950 0.229106
vt 0.095210 0.240942
vt 0.095210 0.229106
vt 0.094470 0.240942
vt 0.094470 0.229106
vt 0.093730 0.240942
vt 0.093730 0.229106
vt 0.092990 0.240942
vt 0.092990 0.229106
vt 0.099805 0.239919
vt 0.098743 0.240024
vt 0.097682 0.239919
vt 0.096661 0.239609
vt 0.095721 0.239107
vt 0.094896 0.238430
vt 0.094219 0.237606
vt 0.093717 0.236665
vt 0.093407 0.235644
vt 0.093303 0.234583
vt 0.093407 0.233522
vt 0.093717 0.232501
vt 0.094219 0.231560
vt 0.094896 0.230736
vt 0.095721 0.230059
vt 0.096661 0.229557
vt 0.097682 0.229247
vt 0.098743 0.229142
vt 0.099805 0.229247
vt 0.100825 0.229557
vt 0.101766 0.230059
vt 0.102590 0.230736
vt 0.103267 0.231560
vt 0.103770 0.232501
vt 0.104079 0.233522
vt 0.104184 0.234583
vt 0.104079 0.235644
vt 0.103770 0.236665
vt 0.103267 0.237606
vt 0.102590 0.238430
vt 0.101766 0.239107
vt 0.100825 0.239609
vt 0.092251 0.240942
vt 0.092251 0.229106
vt 0.091511 0.240942
vt 0.091511 0.229106
vt 0.109266 0.240685
vt 0.110374 0.240576
vt 0.111440 0.240252
vt 0.112422 0.239727
vt 0.113283 0.239021
vt 0.113990 0.238160
vt 0.114515 0.237178
vt 0.114838 0.236112
vt 0.114947 0.235003
vt 0.114838 0.233895
vt 0.114515 0.232829
vt 0.113990 0.231847
vt 0.113283 0.230986
vt 0.112422 0.230279
vt 0.111440 0.229754
vt 0.110374 0.229431
vt 0.109266 0.229322
vt 0.108157 0.229431
vt 0.107092 0.229754
vt 0.106109 0.230279
vt 0.105248 0.230986
vt 0.104542 0.231847
vt 0.104017 0.232829
vt 0.103693 0.233895
vt 0.103584 0.235003
vt 0.103693 0.236112
vt 0.104017 0.237178
vt 0.104542 0.238160
vt 0.105248 0.239021
vt 0.106109 0.239727
vt 0.107092 0.240252
vt 0.108157 0.240576
vn -0.0980 0.0000 -0.9952
vn -0.2903 0.0000 -0.9569
vn -0.4714 0.0000 -0.8819
vn -0.6344 0.0000 -0.7730
vn -0.7730 0.0000 -0.6344
vn -0.8819 0.0000 -0.4714
vn -0.9569 0.0000 -0.2903
vn -0.9952 0.0000 -0.0980
vn -0.9952 0.0000 0.0980
vn -0.9569 0.0000 0.2903
vn -0.8819 0.0000 0.4714
vn -0.7730 0.0000 0.6344
vn -0.6344 0.0000 0.7730
vn -0.4714 0.0000 0.8819
vn -0.2903 0.0000 0.9569
vn -0.0980 0.0000 0.9952
vn 0.0980 0.0000 0.9952
vn 0.2903 -0.0000 0.9569
vn 0.4714 0.0000 0.8819
vn 0.6344 0.0000 0.7730
vn 0.7730 -0.0000 0.6344
vn 0.8819 -0.0000 0.4714
vn 0.9569 -0.0000 0.2903
vn 0.9952 0.0000 0.0980
vn 0.9952 0.0000 -0.0980
vn 0.9569 -0.0000 -0.2903
vn 0.8819 -0.0000 -0.4714
vn 0.7730 -0.0000 -0.6344
vn 0.6344 0.0000 -0.7730
vn 0.4714 0.0000 -0.8819
vn 0.0000 -1.0000 0.0000
vn 0.2903 -0.0000 -0.9569
vn 0.0980 0.0000 -0.9952
vn 0.0000 1.0000 0.0000
usemtl basically_everything
s off
f 1/1/1 2/2/1 4/3/1 3/4/1
f 3/4/2 4/3/2 6/5/2 5/6/2
f 5/6/3 6/5/3 8/7/3 7/8/3
f 7/8/4 8/7/4 10/9/4 9/10/4
f 9/10/5 10/9/5 12/11/5 11/12/5
f 11/12/6 12/11/6 14/13/6 13/14/6
f 13/14/7 14/13/7 16/15/7 15/16/7
f 15/16/8 16/15/8 18/17/8 17/18/8
f 17/18/9 18/17/9 20/19/9 19/20/9
f 19/20/10 20/19/10 22/21/10 21/22/10
f 21/22/11 22/21/11 24/23/11 23/24/11
f 23/24/12 24/23/12 26/25/12 25/26/12
f 25/26/13 26/25/13 28/27/13 27/28/13
f 27/28/14 28/27/14 30/29/14 29/30/14
f 29/30/15 30/29/15 32/31/15 31/32/15
f 31/32/16 32/31/16 34/33/16 33/34/16
f 33/34/17 34/33/17 36/35/17 35/36/17
f 35/36/18 36/35/18 38/37/18 37/38/18
f 37/38/19 38/37/19 40/39/19 39/40/19
f 39/40/20 40/39/20 42/41/20 41/42/20
f 41/42/21 42/41/21 44/43/21 43/44/21
f 43/44/22 44/43/22 46/45/22 45/46/22
f 45/46/23 46/45/23 48/47/23 47/48/23
f 47/48/24 48/47/24 50/49/24 49/50/24
f 49/50/25 50/49/25 52/51/25 51/52/25
f 51/52/26 52/51/26 54/53/26 53/54/26
f 53/54/27 54/53/27 56/55/27 55/56/27
f 55/56/28 56/55/28 58/57/28 57/58/28
f 57/58/29 58/57/29 60/59/29 59/60/29
f 59/60/30 60/59/30 62/61/30 61/62/30
f 4/63/31 2/64/31 64/65/31 62/66/31 60/67/31 58/68/31 56/69/31 54/70/31 52/71/31 50/72/31 48/73/31 46/74/31 44/75/31 42/76/31 40/77/31 38/78/31 36/79/31 34/80/31 32/81/31 30/82/31 28/83/31 26/84/31 24/85/31 22/86/31 20/87/31 18/88/31 16/89/31 14/90/31 12/91/31 10/92/31 8/93/31 6/94/31
f 61/62/32 62/61/32 64/95/32 63/96/32
f 63/96/33 64/95/33 2/97/33 1/98/33
f 1/99/34 3/100/34 5/101/34 7/102/34 9/103/34 11/104/34 13/105/34 15/106/34 17/107/34 19/108/34 21/109/34 23/110/34 25/111/34 27/112/34 29/113/34 31/114/34 33/115/34 35/116/34 37/117/34 39/118/34 41/119/34 43/120/34 45/121/34 47/122/34 49/123/34 51/124/34 53/125/34 55/126/34 57/127/34 59/128/34 61/129/34 63/130/34
o Cylinder.047_Cylinder.002
v -50.781380 0.062372 85.225128
v -50.781380 0.436364 85.225128
v -50.341240 0.062372 85.268478
v -50.341240 0.436364 85.268478
v -49.918011 0.062372 85.396858
v -49.918011 0.436364 85.396858
v -49.527962 0.062372 85.605347
v -49.527962 0.436364 85.605347
v -49.186081 0.062372 85.885918
v -49.186081 0.436364 85.885918
v -48.905506 0.062372 86.227798
v -48.905506 0.436364 86.227798
v -48.697021 0.062372 86.617844
v -48.697021 0.436364 86.617844
v -48.568638 0.062372 87.041077
v -48.568638 0.436364 87.041077
v -48.525288 0.062372 87.481216
v -48.525288 0.436364 87.481216
v -48.568638 0.062372 87.921356
v -48.568638 0.436364 87.921356
v -48.697021 0.062372 88.344589
v -48.697021 0.436364 88.344589
v -48.905506 0.062372 88.734634
v -48.905506 0.436364 88.734634
v -49.186081 0.062372 89.076515
v -49.186081 0.436364 89.076515
v -49.527962 0.062372 89.357086
v -49.527962 0.436364 89.357086
v -49.918011 0.062372 89.565575
v -49.918011 0.436364 89.565575
v -50.341240 0.062372 89.693954
v -50.341240 0.436364 89.693954
v -50.781380 0.062372 89.737305
v -50.781380 0.436364 89.737305
v -51.221519 0.062372 89.693954
v -51.221519 0.436364 89.693954
v -51.644749 0.062372 89.565575
v -51.644749 0.436364 89.565575
v -52.034798 0.062372 89.357086
v -52.034798 0.436364 89.357086
v -52.376678 0.062372 89.076515
v -52.376678 0.436364 89.076515
v -52.657253 0.062372 88.734634
v -52.657253 0.436364 88.734634
v -52.865738 0.062372 88.344589
v -52.865738 0.436364 88.344589
v -52.994122 0.062372 87.921356
v -52.994122 0.436364 87.921356
v -53.037472 0.062372 87.481216
v -53.037472 0.436364 87.481216
v -52.994122 0.062372 87.041077
v -52.994122 0.436364 87.041077
v -52.865738 0.062372 86.617844
v -52.865738 0.436364 86.617844
v -52.657253 0.062372 86.227798
v -52.657253 0.436364 86.227798
v -52.376678 0.062372 85.885918
v -52.376678 0.436364 85.885918
v -52.034798 0.062372 85.605347
v -52.034798 0.436364 85.605347
v -51.644749 0.062372 85.396858
v -51.644749 0.436364 85.396858
v -51.221519 0.062372 85.268478
v -51.221519 0.436364 85.268478
vt 0.245529 0.319697
vt 0.245529 0.440196
vt 0.237997 0.440196
vt 0.237997 0.319697
vt 0.230466 0.440196
vt 0.230466 0.319697
vt 0.222935 0.440196
vt 0.222935 0.319697
vt 0.215404 0.440196
vt 0.215404 0.319697
vt 0.207872 0.440196
vt 0.207872 0.319697
vt 0.200341 0.440196
vt 0.200341 0.319697
vt 0.192810 0.440196
vt 0.192810 0.319697
vt 0.185279 0.440196
vt 0.185279 0.319697
vt 0.177748 0.440196
vt 0.177748 0.319697
vt 0.170216 0.440196
vt 0.170216 0.319697
vt 0.162685 0.440196
vt 0.162685 0.319697
vt 0.155154 0.440196
vt 0.155154 0.319697
vt 0.147623 0.440196
vt 0.147623 0.319697
vt 0.140091 0.440196
vt 0.140091 0.319697
vt 0.132560 0.440196
vt 0.132560 0.319697
vt 0.125029 0.440196
vt 0.125029 0.319697
vt 0.117498 0.440196
vt 0.117498 0.319697
vt 0.109966 0.440196
vt 0.109966 0.319697
vt 0.102435 0.440196
vt 0.102435 0.319697
vt 0.094904 0.440196
vt 0.094904 0.319697
vt 0.087373 0.440196
vt 0.087373 0.319697
vt 0.079841 0.440196
vt 0.079841 0.319697
vt 0.072310 0.440196
vt 0.072310 0.319697
vt 0.064779 0.440196
vt 0.064779 0.319697
vt 0.057248 0.440196
vt 0.057248 0.319697
vt 0.049716 0.440196
vt 0.049716 0.319697
vt 0.042185 0.440196
vt 0.042185 0.319697
vt 0.034654 0.440196
vt 0.034654 0.319697
vt 0.027123 0.440196
vt 0.027123 0.319697
vt 0.019591 0.440196
vt 0.019591 0.319697
vt 0.076063 0.437653
vt 0.064779 0.438765
vt 0.053495 0.437653
vt 0.042644 0.434362
vt 0.032645 0.429017
vt 0.023880 0.421824
vt 0.016687 0.413059
vt 0.011342 0.403059
vt 0.008050 0.392209
vt 0.006939 0.380925
vt 0.008050 0.369641
vt 0.011342 0.358790
vt 0.016687 0.348791
vt 0.023880 0.340026
vt 0.032645 0.332833
vt 0.042644 0.327488
vt 0.053495 0.324196
vt 0.064779 0.323085
vt 0.076063 0.324196
vt 0.086913 0.327488
vt 0.096913 0.332833
vt 0.105678 0.340026
vt 0.112871 0.348791
vt 0.118216 0.358790
vt 0.121507 0.369641
vt 0.122619 0.380925
vt 0.121507 0.392209
vt 0.118216 0.403059
vt 0.112871 0.413059
vt 0.105678 0.421824
vt 0.096913 0.429017
vt 0.086913 0.434362
vt 0.012060 0.440196
vt 0.012060 0.319697
vt 0.004529 0.440196
vt 0.004529 0.319697
vt 0.185279 0.437580
vt 0.196563 0.436468
vt 0.207413 0.433177
vt 0.217413 0.427832
vt 0.226178 0.420639
vt 0.233371 0.411874
vt 0.238716 0.401874
vt 0.242007 0.391024
vt 0.243119 0.379740
vt 0.242007 0.368456
vt 0.238716 0.357605
vt 0.233371 0.347606
vt 0.226178 0.338841
vt 0.217413 0.331648
vt 0.207413 0.326303
vt 0.196563 0.323011
vt 0.185279 0.321900
vt 0.173995 0.323011
vt 0.163144 0.326303
vt 0.153145 0.331648
vt 0.144380 0.338841
vt 0.137187 0.347606
vt 0.131842 0.357605
vt 0.128550 0.368456
vt 0.127439 0.379740
vt 0.128550 0.391024
vt 0.131842 0.401874
vt 0.137187 0.411874
vt 0.144380 0.420639
vt 0.153145 0.427832
vt 0.163144 0.433177
vt 0.173995 0.436468
vn 0.0980 0.0000 -0.9952
vn 0.2903 0.0000 -0.9569
vn 0.4714 0.0000 -0.8819
vn 0.6344 0.0000 -0.7730
vn 0.7730 0.0000 -0.6344
vn 0.8819 0.0000 -0.4714
vn 0.9569 0.0000 -0.2903
vn 0.9952 0.0000 -0.0980
vn 0.9952 0.0000 0.0980
vn 0.9569 0.0000 0.2903
vn 0.8819 0.0000 0.4714
vn 0.7730 0.0000 0.6344
vn 0.6344 0.0000 0.7730
vn 0.4714 0.0000 0.8819
vn 0.2903 0.0000 0.9569
vn 0.0980 0.0000 0.9952
vn -0.0980 0.0000 0.9952
vn -0.2903 0.0000 0.9569
vn -0.4714 0.0000 0.8819
vn -0.6344 0.0000 0.7730
vn -0.7730 0.0000 0.6344
vn -0.8819 0.0000 0.4714
vn -0.9569 0.0000 0.2903
vn -0.9952 0.0000 0.0980
vn -0.9952 0.0000 -0.0980
vn -0.9569 0.0000 -0.2903
vn -0.8819 0.0000 -0.4714
vn -0.7730 0.0000 -0.6344
vn -0.6344 0.0000 -0.7730
vn -0.4714 0.0000 -0.8819
vn 0.0000 1.0000 -0.0000
vn -0.2903 0.0000 -0.9569
vn -0.0980 0.0000 -0.9952
vn 0.0000 -1.0000 0.0000
usemtl basically_everything
s off
f 65/131/35 66/132/35 68/133/35 67/134/35
f 67/134/36 68/133/36 70/135/36 69/136/36
f 69/136/37 70/135/37 72/137/37 71/138/37
f 71/138/38 72/137/38 74/139/38 73/140/38
f 73/140/39 74/139/39 76/141/39 75/142/39
f 75/142/40 76/141/40 78/143/40 77/144/40
f 77/144/41 78/143/41 80/145/41 79/146/41
f 79/146/42 80/145/42 82/147/42 81/148/42
f 81/148/43 82/147/43 84/149/43 83/150/43
f 83/150/44 84/149/44 86/151/44 85/152/44
f 85/152/45 86/151/45 88/153/45 87/154/45
f 87/154/46 88/153/46 90/155/46 89/156/46
f 89/156/47 90/155/47 92/157/47 91/158/47
f 91/158/48 92/157/48 94/159/48 93/160/48
f 93/160/49 94/159/49 96/161/49 95/162/49
f 95/162/50 96/161/50 98/163/50 97/164/50
f 97/164/51 98/163/51 100/165/51 99/166/51
f 99/166/52 100/165/52 102/167/52 101/168/52
f 101/168/53 102/167/53 104/169/53 103/170/53
f 103/170/54 104/169/54 106/171/54 105/172/54
f 105/172/55 106/171/55 108/173/55 107/174/55
f 107/174/56 108/173/56 110/175/56 109/176/56
f 109/176/57 110/175/57 112/177/57 111/178/57
f 111/178/58 112/177/58 114/179/58 113/180/58
f 113/180/59 114/179/59 116/181/59 115/182/59
f 115/182/60 116/181/60 118/183/60 117/184/60
f 117/184/61 118/183/61 120/185/61 119/186/61
f 119/186/62 120/185/62 122/187/62 121/188/62
f 121/188/63 122/187/63 124/189/63 123/190/63
f 123/190/64 124/189/64 126/191/64 125/192/64
f 68/193/65 66/194/65 128/195/65 126/196/65 124/197/65 122/198/65 120/199/65 118/200/65 116/201/65 114/202/65 112/203/65 110/204/65 108/205/65 106/206/65 104/207/65 102/208/65 100/209/65 98/210/65 96/211/65 94/212/65 92/213/65 90/214/65 88/215/65 86/216/65 84/217/65 82/218/65 80/219/65 78/220/65 76/221/65 74/222/65 72/223/65 70/224/65
f 125/192/66 126/191/66 128/225/66 127/226/66
f 127/226/67 128/225/67 66/227/67 65/228/67
f 65/229/68 67/230/68 69/231/68 71/232/68 73/233/68 75/234/68 77/235/68 79/236/68 81/237/68 83/238/68 85/239/68 87/240/68 89/241/68 91/242/68 93/243/68 95/244/68 97/245/68 99/246/68 101/247/68 103/248/68 105/249/68 107/250/68 109/251/68 111/252/68 113/253/68 115/254/68 117/255/68 119/256/68 121/257/68 123/258/68 125/259/68 127/260/68
o Cylinder.046_Cylinder.003
v -50.781380 0.037944 85.415009
v -50.781380 0.682203 85.415009
v -50.378284 0.037944 85.454712
v -50.378284 0.682203 85.454712
v -49.990677 0.037944 85.572289
v -49.990677 0.682203 85.572289
v -49.633457 0.037944 85.763229
v -49.633457 0.682203 85.763229
v -49.320351 0.037944 86.020187
v -49.320351 0.682203 86.020187
v -49.063393 0.037944 86.333290
v -49.063393 0.682203 86.333290
v -48.872452 0.037944 86.690514
v -48.872452 0.682203 86.690514
v -48.754875 0.037944 87.078117
v -48.754875 0.682203 87.078117
v -48.715172 0.037944 87.481216
v -48.715172 0.682203 87.481216
v -48.754875 0.037944 87.884315
v -48.754875 0.682203 87.884315
v -48.872452 0.037944 88.271919
v -48.872452 0.682203 88.271919
v -49.063393 0.037944 88.629143
v -49.063393 0.682203 88.629143
v -49.320351 0.037944 88.942245
v -49.320351 0.682203 88.942245
v -49.633457 0.037944 89.199203
v -49.633457 0.682203 89.199203
v -49.990677 0.037944 89.390144
v -49.990677 0.682203 89.390144
v -50.378284 0.037944 89.507721
v -50.378284 0.682203 89.507721
v -50.781380 0.037944 89.547424
v -50.781380 0.682203 89.547424
v -51.184475 0.037944 89.507721
v -51.184475 0.682203 89.507721
v -51.572083 0.037944 89.390144
v -51.572083 0.682203 89.390144
v -51.929302 0.037944 89.199203
v -51.929302 0.682203 89.199203
v -52.242409 0.037944 88.942245
v -52.242409 0.682203 88.942245
v -52.499367 0.037944 88.629143
v -52.499367 0.682203 88.629143
v -52.690308 0.037944 88.271919
v -52.690308 0.682203 88.271919
v -52.807884 0.037944 87.884315
v -52.807884 0.682203 87.884315
v -52.847588 0.037944 87.481216
v -52.847588 0.682203 87.481216
v -52.807884 0.037944 87.078117
v -52.807884 0.682203 87.078117
v -52.690308 0.037944 86.690514
v -52.690308 0.682203 86.690514
v -52.499367 0.037944 86.333290
v -52.499367 0.682203 86.333290
v -52.242409 0.037944 86.020187
v -52.242409 0.682203 86.020187
v -51.929302 0.037944 85.763229
v -51.929302 0.682203 85.763229
v -51.572083 0.037944 85.572289
v -51.572083 0.682203 85.572289
v -51.184475 0.037944 85.454712
v -51.184475 0.682203 85.454712
vt 0.245529 0.319697
vt 0.245529 0.440196
vt 0.237997 0.440196
vt 0.237997 0.319697
vt 0.230466 0.440196
vt 0.230466 0.319697
vt 0.222935 0.440196
vt 0.222935 0.319697
vt 0.215404 0.440196
vt 0.215404 0.319697
vt 0.207872 0.440196
vt 0.207872 0.319697
vt 0.200341 0.440196
vt 0.200341 0.319697
vt 0.192810 0.440196
vt 0.192810 0.319697
vt 0.185279 0.440196
vt 0.185279 0.319697
vt 0.177748 0.440196
vt 0.177748 0.319697
vt 0.170216 0.440196
vt 0.170216 0.319697
vt 0.162685 0.440196
vt 0.162685 0.319697
vt 0.155154 0.440196
vt 0.155154 0.319697
vt 0.147623 0.440196
vt 0.147623 0.319697
vt 0.140091 0.440196
vt 0.140091 0.319697
vt 0.132560 0.440196
vt 0.132560 0.319697
vt 0.125029 0.440196
vt 0.125029 0.319697
vt 0.117498 0.440196
vt 0.117498 0.319697
vt 0.109966 0.440196
vt 0.109966 0.319697
vt 0.102435 0.440196
vt 0.102435 0.319697
vt 0.094904 0.440196
vt 0.094904 0.319697
vt 0.087373 0.440196
vt 0.087373 0.319697
vt 0.079841 0.440196
vt 0.079841 0.319697
vt 0.072310 0.440196
vt 0.072310 0.319697
vt 0.064779 0.440196
vt 0.064779 0.319697
vt 0.057248 0.440196
vt 0.057248 0.319697
vt 0.049716 0.440196
vt 0.049716 0.319697
vt 0.042185 0.440196
vt 0.042185 0.319697
vt 0.034654 0.440196
vt 0.034654 0.319697
vt 0.027123 0.440196
vt 0.027123 0.319697
vt 0.019591 0.440196
vt 0.019591 0.319697
vt 0.106096 0.249670
vt 0.103092 0.249966
vt 0.100088 0.249670
vt 0.097199 0.248794
vt 0.094537 0.247371
vt 0.092204 0.245456
vt 0.090289 0.243123
vt 0.088866 0.240460
vt 0.087990 0.237572
vt 0.087694 0.234568
vt 0.087990 0.231564
vt 0.088866 0.228675
vt 0.090289 0.226013
vt 0.092204 0.223680
vt 0.094537 0.221765
vt 0.097199 0.220342
vt 0.100088 0.219466
vt 0.103092 0.219170
vt 0.106096 0.219466
vt 0.108985 0.220342
vt 0.111647 0.221765
vt 0.113980 0.223680
vt 0.115895 0.226013
vt 0.117318 0.228675
vt 0.118194 0.231564
vt 0.118490 0.234568
vt 0.118194 0.237572
vt 0.117318 0.240460
vt 0.115895 0.243123
vt 0.113980 0.245456
vt 0.111647 0.247371
vt 0.108985 0.248794
vt 0.012060 0.440196
vt 0.012060 0.319697
vt 0.004529 0.440196
vt 0.004529 0.319697
vt 0.185279 0.437580
vt 0.196563 0.436468
vt 0.207413 0.433177
vt 0.217413 0.427832
vt 0.226178 0.420639
vt 0.233371 0.411874
vt 0.238716 0.401874
vt 0.242007 0.391024
vt 0.243119 0.379740
vt 0.242007 0.368456
vt 0.238716 0.357605
vt 0.233371 0.347606
vt 0.226178 0.338841
vt 0.217413 0.331648
vt 0.207413 0.326303
vt 0.196563 0.323011
vt 0.185279 0.321900
vt 0.173995 0.323011
vt 0.163144 0.326303
vt 0.153145 0.331648
vt 0.144380 0.338841
vt 0.137187 0.347606
vt 0.131842 0.357605
vt 0.128550 0.368456
vt 0.127439 0.379740
vt 0.128550 0.391024
vt 0.131842 0.401874
vt 0.137187 0.411874
vt 0.144380 0.420639
vt 0.153145 0.427832
vt 0.163144 0.433177
vt 0.173995 0.436468
vn 0.0980 0.0000 -0.9952
vn 0.2903 0.0000 -0.9569
vn 0.4714 0.0000 -0.8819
vn 0.6344 0.0000 -0.7730
vn 0.7730 0.0000 -0.6344
vn 0.8819 0.0000 -0.4714
vn 0.9569 0.0000 -0.2903
vn 0.9952 0.0000 -0.0980
vn 0.9952 0.0000 0.0980
vn 0.9569 0.0000 0.2903
vn 0.8819 0.0000 0.4714
vn 0.7730 0.0000 0.6344
vn 0.6344 0.0000 0.7730
vn 0.4714 0.0000 0.8819
vn 0.2903 0.0000 0.9569
vn 0.0980 0.0000 0.9952
vn -0.0980 0.0000 0.9952
vn -0.2903 0.0000 0.9569
vn -0.4714 0.0000 0.8819
vn -0.6344 0.0000 0.7730
vn -0.7730 0.0000 0.6344
vn -0.8819 0.0000 0.4714
vn -0.9569 0.0000 0.2903
vn -0.9952 0.0000 0.0980
vn -0.9952 0.0000 -0.0980
vn -0.9569 0.0000 -0.2903
vn -0.8819 0.0000 -0.4714
vn -0.7730 0.0000 -0.6344
vn -0.6344 0.0000 -0.7730
vn -0.4714 0.0000 -0.8819
vn 0.0000 1.0000 0.0000
vn -0.2903 0.0000 -0.9569
vn -0.0980 0.0000 -0.9952
vn 0.0000 -1.0000 0.0000
usemtl basically_everything
s off
f 129/261/69 130/262/69 132/263/69 131/264/69
f 131/264/70 132/263/70 134/265/70 133/266/70
f 133/266/71 134/265/71 136/267/71 135/268/71
f 135/268/72 136/267/72 138/269/72 137/270/72
f 137/270/73 138/269/73 140/271/73 139/272/73
f 139/272/74 140/271/74 142/273/74 141/274/74
f 141/274/75 142/273/75 144/275/75 143/276/75
f 143/276/76 144/275/76 146/277/76 145/278/76
f 145/278/77 146/277/77 148/279/77 147/280/77
f 147/280/78 148/279/78 150/281/78 149/282/78
f 149/282/79 150/281/79 152/283/79 151/284/79
f 151/284/80 152/283/80 154/285/80 153/286/80
f 153/286/81 154/285/81 156/287/81 155/288/81
f 155/288/82 156/287/82 158/289/82 157/290/82
f 157/290/83 158/289/83 160/291/83 159/292/83
f 159/292/84 160/291/84 162/293/84 161/294/84
f 161/294/85 162/293/85 164/295/85 163/296/85
f 163/296/86 164/295/86 166/297/86 165/298/86
f 165/298/87 166/297/87 168/299/87 167/300/87
f 167/300/88 168/299/88 170/301/88 169/302/88
f 169/302/89 170/301/89 172/303/89 171/304/89
f 171/304/90 172/303/90 174/305/90 173/306/90
f 173/306/91 174/305/91 176/307/91 175/308/91
f 175/308/92 176/307/92 178/309/92 177/310/92
f 177/310/93 178/309/93 180/311/93 179/312/93
f 179/312/94 180/311/94 182/313/94 181/314/94
f 181/314/95 182/313/95 184/315/95 183/316/95
f 183/316/96 184/315/96 186/317/96 185/318/96
f 185/318/97 186/317/97 188/319/97 187/320/97
f 187/320/98 188/319/98 190/321/98 189/322/98
f 132/323/99 130/324/99 192/325/99 190/326/99 188/327/99 186/328/99 184/329/99 182/330/99 180/331/99 178/332/99 176/333/99 174/334/99 172/335/99 170/336/99 168/337/99 166/338/99 164/339/99 162/340/99 160/341/99 158/342/99 156/343/99 154/344/99 152/345/99 150/346/99 148/347/99 146/348/99 144/349/99 142/350/99 140/351/99 138/352/99 136/353/99 134/354/99
f 189/322/100 190/321/100 192/355/100 191/356/100
f 191/356/101 192/355/101 130/357/101 129/358/101
f 129/359/102 131/360/102 133/361/102 135/362/102 137/363/102 139/364/102 141/365/102 143/366/102 145/367/102 147/368/102 149/369/102 151/370/102 153/371/102 155/372/102 157/373/102 159/374/102 161/375/102 163/376/102 165/377/102 167/378/102 169/379/102 171/380/102 173/381/102 175/382/102 177/383/102 179/384/102 181/385/102 183/386/102 185/387/102 187/388/102 189/389/102 191/390/102
o Cylinder.045_Cylinder.004
v -50.781380 5.919573 85.415009
v -50.781380 5.557762 85.415009
v -51.184475 5.919573 85.454712
v -51.184475 5.557762 85.454712
v -51.572083 5.919573 85.572289
v -51.572083 5.557762 85.572289
v -51.929302 5.919573 85.763229
v -51.929302 5.557762 85.763229
v -52.242409 5.919573 86.020187
v -52.242409 5.557762 86.020187
v -52.499367 5.919573 86.333290
v -52.499367 5.557762 86.333290
v -52.690308 5.919573 86.690514
v -52.690308 5.557762 86.690514
v -52.807884 5.919573 87.078117
v -52.807884 5.557762 87.078117
v -52.847588 5.919573 87.481216
v -52.847588 5.557762 87.481216
v -52.807884 5.919573 87.884315
v -52.807884 5.557762 87.884315
v -52.690308 5.919573 88.271919
v -52.690308 5.557762 88.271919
v -52.499367 5.919573 88.629143
v -52.499367 5.557762 88.629143
v -52.242409 5.919573 88.942245
v -52.242409 5.557762 88.942245
v -51.929302 5.919573 89.199203
v -51.929302 5.557762 89.199203
v -51.572083 5.919573 89.390144
v -51.572083 5.557762 89.390144
v -51.184475 5.919573 89.507721
v -51.184475 5.557762 89.507721
v -50.781380 5.919573 89.547424
v -50.781380 5.557762 89.547424
v -50.378284 5.919573 89.507721
v -50.378284 5.557762 89.507721
v -49.990677 5.919573 89.390144
v -49.990677 5.557762 89.390144
v -49.633457 5.919573 89.199203
v -49.633457 5.557762 89.199203
v -49.320351 5.919573 88.942245
v -49.320351 5.557762 88.942245
v -49.063393 5.919573 88.629143
v -49.063393 5.557762 88.629143
v -48.872452 5.919573 88.271919
v -48.872452 5.557762 88.271919
v -48.754875 5.919573 87.884315
v -48.754875 5.557762 87.884315
v -48.715172 5.919573 87.481216
v -48.715172 5.557762 87.481216
v -48.754875 5.919573 87.078117
v -48.754875 5.557762 87.078117
v -48.872452 5.919573 86.690514
v -48.872452 5.557762 86.690514
v -49.063393 5.919573 86.333290
v -49.063393 5.557762 86.333290
v -49.320351 5.919573 86.020187
v -49.320351 5.557762 86.020187
v -49.633457 5.919573 85.763229
v -49.633457 5.557762 85.763229
v -49.990677 5.919573 85.572289
v -49.990677 5.557762 85.572289
v -50.378284 5.919573 85.454712
v -50.378284 5.557762 85.454712
vt 0.245529 0.319697
vt 0.245529 0.440196
vt 0.237997 0.440196
vt 0.237997 0.319697
vt 0.230466 0.440196
vt 0.230466 0.319697
vt 0.222935 0.440196
vt 0.222935 0.319697
vt 0.215404 0.440196
vt 0.215404 0.319697
vt 0.207872 0.440196
vt 0.207872 0.319697
vt 0.200341 0.440196
vt 0.200341 0.319697
vt 0.192810 0.440196
vt 0.192810 0.319697
vt 0.185279 0.440196
vt 0.185279 0.319697
vt 0.177748 0.440196
vt 0.177748 0.319697
vt 0.170216 0.440196
vt 0.170216 0.319697
vt 0.162685 0.440196
vt 0.162685 0.319697
vt 0.155154 0.440196
vt 0.155154 0.319697
vt 0.147623 0.440196
vt 0.147623 0.319697
vt 0.140091 0.440196
vt 0.140091 0.319697
vt 0.132560 0.440196
vt 0.132560 0.319697
vt 0.125029 0.440196
vt 0.125029 0.319697
vt 0.117498 0.440196
vt 0.117498 0.319697
vt 0.109966 0.440196
vt 0.109966 0.319697
vt 0.102435 0.440196
vt 0.102435 0.319697
vt 0.094904 0.440196
vt 0.094904 0.319697
vt 0.087373 0.440196
vt 0.087373 0.319697
vt 0.079841 0.440196
vt 0.079841 0.319697
vt 0.072310 0.440196
vt 0.072310 0.319697
vt 0.064779 0.440196
vt 0.064779 0.319697
vt 0.057248 0.440196
vt 0.057248 0.319697
vt 0.049716 0.440196
vt 0.049716 0.319697
vt 0.042185 0.440196
vt 0.042185 0.319697
vt 0.034654 0.440196
vt 0.034654 0.319697
vt 0.027123 0.440196
vt 0.027123 0.319697
vt 0.019591 0.440196
vt 0.019591 0.319697
vt 0.106096 0.249670
vt 0.103092 0.249966
vt 0.100088 0.249670
vt 0.097199 0.248794
vt 0.094537 0.247371
vt 0.092204 0.245456
vt 0.090289 0.243123
vt 0.088866 0.240460
vt 0.087990 0.237572
vt 0.087694 0.234568
vt 0.087990 0.231564
vt 0.088866 0.228675
vt 0.090289 0.226013
vt 0.092204 0.223680
vt 0.094537 0.221765
vt 0.097199 0.220342
vt 0.100088 0.219466
vt 0.103092 0.219170
vt 0.106096 0.219466
vt 0.108985 0.220342
vt 0.111647 0.221765
vt 0.113980 0.223680
vt 0.115895 0.226013
vt 0.117318 0.228675
vt 0.118194 0.231564
vt 0.118490 0.234568
vt 0.118194 0.237572
vt 0.117318 0.240460
vt 0.115895 0.243123
vt 0.113980 0.245456
vt 0.111647 0.247371
vt 0.108985 0.248794
vt 0.012060 0.440196
vt 0.012060 0.319697
vt 0.004529 0.440196
vt 0.004529 0.319697
vt 0.185279 0.437580
vt 0.196563 0.436468
vt 0.207413 0.433177
vt 0.217413 0.427832
vt 0.226178 0.420639
vt 0.233371 0.411874
vt 0.238716 0.401874
vt 0.242007 0.391024
vt 0.243119 0.379740
vt 0.242007 0.368456
vt 0.238716 0.357605
vt 0.233371 0.347606
vt 0.226178 0.338841
vt 0.217413 0.331648
vt 0.207413 0.326303
vt 0.196563 0.323011
vt 0.185279 0.321900
vt 0.173995 0.323011
vt 0.163144 0.326303
vt 0.153145 0.331648
vt 0.144380 0.338841
vt 0.137187 0.347606
vt 0.131842 0.357605
vt 0.128550 0.368456
vt 0.127439 0.379740
vt 0.128550 0.391024
vt 0.131842 0.401874
vt 0.137187 0.411874
vt 0.144380 0.420639
vt 0.153145 0.427832
vt 0.163144 0.433177
vt 0.173995 0.436468
vn -0.0980 0.0000 -0.9952
vn -0.2903 0.0000 -0.9569
vn -0.4714 0.0000 -0.8819
vn -0.6344 0.0000 -0.7730
vn -0.7730 0.0000 -0.6344
vn -0.8819 0.0000 -0.4714
vn -0.9569 0.0000 -0.2903
vn -0.9952 0.0000 -0.0980
vn -0.9952 0.0000 0.0980
vn -0.9569 0.0000 0.2903
vn -0.8819 0.0000 0.4714
vn -0.7730 0.0000 0.6344
vn -0.6344 0.0000 0.7730
vn -0.4714 0.0000 0.8819
vn -0.2903 0.0000 0.9569
vn -0.0980 0.0000 0.9952
vn 0.0980 0.0000 0.9952
vn 0.2903 0.0000 0.9569
vn 0.4714 0.0000 0.8819
vn 0.6344 0.0000 0.7730
vn 0.7730 0.0000 0.6344
vn 0.8819 0.0000 0.4714
vn 0.9569 0.0000 0.2903
vn 0.9952 0.0000 0.0980
vn 0.9952 0.0000 -0.0980
vn 0.9569 0.0000 -0.2903
vn 0.8819 0.0000 -0.4714
vn 0.7730 0.0000 -0.6344
vn 0.6344 0.0000 -0.7730
vn 0.4714 0.0000 -0.8819
vn -0.0000 -1.0000 -0.0000
vn 0.2903 0.0000 -0.9569
vn 0.0980 0.0000 -0.9952
vn 0.0000 1.0000 0.0000
usemtl basically_everything
s off
f 193/391/103 194/392/103 196/393/103 195/394/103
f 195/394/104 196/393/104 198/395/104 197/396/104
f 197/396/105 198/395/105 200/397/105 199/398/105
f 199/398/106 200/397/106 202/399/106 201/400/106
f 201/400/107 202/399/107 204/401/107 203/402/107
f 203/402/108 204/401/108 206/403/108 205/404/108
f 205/404/109 206/403/109 208/405/109 207/406/109
f 207/406/110 208/405/110 210/407/110 209/408/110
f 209/408/111 210/407/111 212/409/111 211/410/111
f 211/410/112 212/409/112 214/411/112 213/412/112
f 213/412/113 214/411/113 216/413/113 215/414/113
f 215/414/114 216/413/114 218/415/114 217/416/114
f 217/416/115 218/415/115 220/417/115 219/418/115
f 219/418/116 220/417/116 222/419/116 221/420/116
f 221/420/117 222/419/117 224/421/117 223/422/117
f 223/422/118 224/421/118 226/423/118 225/424/118
f 225/424/119 226/423/119 228/425/119 227/426/119
f 227/426/120 228/425/120 230/427/120 229/428/120
f 229/428/121 230/427/121 232/429/121 231/430/121
f 231/430/122 232/429/122 234/431/122 233/432/122
f 233/432/123 234/431/123 236/433/123 235/434/123
f 235/434/124 236/433/124 238/435/124 237/436/124
f 237/436/125 238/435/125 240/437/125 239/438/125
f 239/438/126 240/437/126 242/439/126 241/440/126
f 241/440/127 242/439/127 244/441/127 243/442/127
f 243/442/128 244/441/128 246/443/128 245/444/128
f 245/444/129 246/443/129 248/445/129 247/446/129
f 247/446/130 248/445/130 250/447/130 249/448/130
f 249/448/131 250/447/131 252/449/131 251/450/131
f 251/450/132 252/449/132 254/451/132 253/452/132
f 196/453/133 194/454/133 256/455/133 254/456/133 252/457/133 250/458/133 248/459/133 246/460/133 244/461/133 242/462/133 240/463/133 238/464/133 236/465/133 234/466/133 232/467/133 230/468/133 228/469/133 226/470/133 224/471/133 222/472/133 220/473/133 218/474/133 216/475/133 214/476/133 212/477/133 210/478/133 208/479/133 206/480/133 204/481/133 202/482/133 200/483/133 198/484/133
f 253/452/134 254/451/134 256/485/134 255/486/134
f 255/486/135 256/485/135 194/487/135 193/488/135
f 193/489/136 195/490/136 197/491/136 199/492/136 201/493/136 203/494/136 205/495/136 207/496/136 209/497/136 211/498/136 213/499/136 215/500/136 217/501/136 219/502/136 221/503/136 223/504/136 225/505/136 227/506/136 229/507/136 231/508/136 233/509/136 235/510/136 237/511/136 239/512/136 241/513/136 243/514/136 245/515/136 247/516/136 249/517/136 251/518/136 253/519/136 255/520/136
o Cylinder.044_Cylinder.005
v -50.781380 0.005151 85.643875
v -50.781380 5.585703 85.643875
v -50.422932 0.005151 85.679176
v -50.422932 5.585703 85.679176
v -50.078259 0.005151 85.783737
v -50.078259 5.585703 85.783737
v -49.760609 0.005151 85.953522
v -49.760609 5.585703 85.953522
v -49.760609 0.005151 89.008911
v -49.760609 5.585703 89.008911
v -50.078259 0.005151 89.178696
v -50.078259 5.585703 89.178696
v -50.422932 0.005151 89.283257
v -50.422932 5.585703 89.283257
v -50.781380 0.005151 89.318558
v -50.781380 5.585703 89.318558
v -51.139828 0.005151 89.283257
v -51.139828 5.585703 89.283257
v -51.484501 0.005151 89.178696
v -51.484501 5.585703 89.178696
v -51.802151 0.005151 89.008911
v -51.802151 5.585703 89.008911
v -52.080578 0.005151 88.780411
v -52.080578 5.585703 88.780411
v -52.309074 0.005151 88.501991
v -52.309074 5.585703 88.501991
v -52.478863 0.005151 88.184334
v -52.478863 5.585703 88.184334
v -52.583420 0.005151 87.839661
v -52.583420 5.585703 87.839661
v -52.618721 0.005151 87.481216
v -52.618721 5.585703 87.481216
v -52.583420 0.005151 87.122772
v -52.583420 5.585703 87.122772
v -52.478863 0.005151 86.778099
v -52.478863 5.585703 86.778099
v -52.309074 0.005151 86.460442
v -52.309074 5.585703 86.460442
v -52.080578 0.005151 86.182022
v -52.080578 5.585703 86.182022
v -51.802151 0.005151 85.953522
v -51.802151 5.585703 85.953522
v -51.484501 0.005151 85.783737
v -51.484501 5.585703 85.783737
v -51.139828 0.005151 85.679176
v -51.139828 5.585703 85.679176
vt 0.236453 0.303240
vt 0.236453 0.464030
vt 0.226403 0.464030
vt 0.226403 0.303240
vt 0.216354 0.464030
vt 0.216354 0.303240
vt 0.206305 0.464030
vt 0.206305 0.303240
vt 0.199239 0.303240
vt 0.199239 0.464030
vt 0.189190 0.464030
vt 0.189190 0.303240
vt 0.179140 0.464030
vt 0.179140 0.303240
vt 0.169091 0.464030
vt 0.169091 0.303240
vt 0.159041 0.464030
vt 0.159041 0.303240
vt 0.148992 0.464030
vt 0.148992 0.303240
vt 0.138943 0.464030
vt 0.138943 0.303240
vt 0.128893 0.464030
vt 0.128893 0.303240
vt 0.118844 0.464030
vt 0.118844 0.303240
vt 0.108795 0.464030
vt 0.108795 0.303240
vt 0.098745 0.464030
vt 0.098745 0.303240
vt 0.088696 0.464030
vt 0.088696 0.303240
vt 0.078647 0.464030
vt 0.078647 0.303240
vt 0.068597 0.464030
vt 0.068597 0.303240
vt 0.058548 0.464030
vt 0.058548 0.303240
vt 0.048498 0.464030
vt 0.048498 0.303240
vt 0.038449 0.464030
vt 0.038449 0.303240
vt 0.028400 0.464030
vt 0.028400 0.303240
vt 0.018350 0.464030
vt 0.018350 0.303240
vt 0.008301 0.464030
vt 0.008301 0.303240
vn 0.0980 0.0000 -0.9952
vn 0.2903 0.0000 -0.9569
vn 0.4714 0.0000 -0.8819
vn 0.4714 0.0000 0.8819
vn 0.2903 0.0000 0.9569
vn 0.0980 0.0000 0.9952
vn -0.0980 0.0000 0.9952
vn -0.2903 0.0000 0.9569
vn -0.4714 0.0000 0.8819
vn -0.6344 0.0000 0.7730
vn -0.7730 0.0000 0.6344
vn -0.8819 0.0000 0.4714
vn -0.9569 0.0000 0.2903
vn -0.9952 0.0000 0.0980
vn -0.9952 0.0000 -0.0980
vn -0.9569 0.0000 -0.2903
vn -0.8819 0.0000 -0.4714
vn -0.7730 0.0000 -0.6344
vn -0.6344 0.0000 -0.7730
vn -0.4714 0.0000 -0.8819
vn -0.2903 0.0000 -0.9569
vn -0.0980 0.0000 -0.9952
usemtl basically_everything
s off
f 257/521/137 258/522/137 260/523/137 259/524/137
f 259/524/138 260/523/138 262/525/138 261/526/138
f 261/526/139 262/525/139 264/527/139 263/528/139
f 265/529/140 266/530/140 268/531/140 267/532/140
f 267/532/141 268/531/141 270/533/141 269/534/141
f 269/534/142 270/533/142 272/535/142 271/536/142
f 271/536/143 272/535/143 274/537/143 273/538/143
f 273/538/144 274/537/144 276/539/144 275/540/144
f 275/540/145 276/539/145 278/541/145 277/542/145
f 277/542/146 278/541/146 280/543/146 279/544/146
f 279/544/147 280/543/147 282/545/147 281/546/147
f 281/546/148 282/545/148 284/547/148 283/548/148
f 283/548/149 284/547/149 286/549/149 285/550/149
f 285/550/150 286/549/150 288/551/150 287/552/150
f 287/552/151 288/551/151 290/553/151 289/554/151
f 289/554/152 290/553/152 292/555/152 291/556/152
f 291/556/153 292/555/153 294/557/153 293/558/153
f 293/558/154 294/557/154 296/559/154 295/560/154
f 295/560/155 296/559/155 298/561/155 297/562/155
f 297/562/156 298/561/156 300/563/156 299/564/156
f 299/564/157 300/563/157 302/565/157 301/566/157
f 301/566/158 302/565/158 258/567/158 257/568/158
o Cube.507_Cube.289
v -51.965244 -0.212750 88.971855
v -51.965244 5.736923 88.971855
v -52.429276 -0.212750 88.971855
v -52.429276 5.736923 88.971855
v -51.965240 -0.212750 85.933586
v -51.965240 5.736923 85.933586
v -52.429272 -0.212750 85.933586
v -52.429272 5.736923 85.933586
vt 0.375000 0.000000
vt 0.625000 0.000000
vt 0.625000 0.250000
vt 0.375000 0.250000
vt 0.625000 0.500000
vt 0.375000 0.500000
vt 0.625000 0.750000
vt 0.375000 0.750000
vt 0.625000 1.000000
vt 0.375000 1.000000
vt 0.125000 0.500000
vt 0.125000 0.750000
vt 0.875000 0.500000
vt 0.875000 0.750000
vn 0.0000 0.0000 1.0000
vn -1.0000 0.0000 -0.0000
vn 0.0000 0.0000 -1.0000
vn 1.0000 0.0000 0.0000
vn 0.0000 -1.0000 0.0000
vn 0.0000 1.0000 0.0000
usemtl hbmat_concrete
s off
f 303/569/159 304/570/159 306/571/159 305/572/159
f 305/572/160 306/571/160 310/573/160 309/574/160
f 309/574/161 310/573/161 308/575/161 307/576/161
f 307/576/162 308/575/162 304/577/162 303/578/162
f 305/579/163 309/574/163 307/576/163 303/580/163
f 310/573/164 306/581/164 304/582/164 308/575/164
o Cube.506_Cube.290
v -49.074997 -0.212750 85.572517
v -49.074997 5.736923 85.572517
v -49.074997 -0.212750 86.036552
v -49.074997 5.736923 86.036552
v -52.113266 -0.212750 85.572517
v -52.113266 5.736923 85.572517
v -52.113266 -0.212750 86.036552
v -52.113266 5.736923 86.036552
vt 0.375000 0.000000
vt 0.625000 0.000000
vt 0.625000 0.250000
vt 0.375000 0.250000
vt 0.625000 0.500000
vt 0.375000 0.500000
vt 0.625000 0.750000
vt 0.375000 0.750000
vt 0.625000 1.000000
vt 0.375000 1.000000
vt 0.125000 0.500000
vt 0.125000 0.750000
vt 0.875000 0.500000
vt 0.875000 0.750000
vn 1.0000 0.0000 0.0000
vn 0.0000 0.0000 1.0000
vn -1.0000 0.0000 0.0000
vn 0.0000 0.0000 -1.0000
vn 0.0000 -1.0000 0.0000
vn 0.0000 1.0000 0.0000
usemtl hbmat_concrete
s off
f 311/583/165 312/584/165 314/585/165 313/586/165
f 313/586/166 314/585/166 318/587/166 317/588/166
f 317/588/167 318/587/167 316/589/167 315/590/167
f 315/590/168 316/589/168 312/591/168 311/592/168
f 313/593/169 317/588/169 315/590/169 311/594/169
f 318/587/170 314/595/170 312/596/170 316/589/170
o Cube.505_Cube.291
v -49.074997 -0.212750 88.941864
v -49.074997 5.736923 88.941864
v -49.074997 -0.212750 89.405899
v -49.074997 5.736923 89.405899
v -52.113266 -0.212750 88.941864
v -52.113266 5.736923 88.941864
v -52.113266 -0.212750 89.405899
v -52.113266 5.736923 89.405899
vt 0.375000 0.000000
vt 0.625000 0.000000
vt 0.625000 0.250000
vt 0.375000 0.250000
vt 0.625000 0.500000
vt 0.375000 0.500000
vt 0.625000 0.750000
vt 0.375000 0.750000
vt 0.625000 1.000000
vt 0.375000 1.000000
vt 0.125000 0.500000
vt 0.125000 0.750000
vt 0.875000 0.500000
vt 0.875000 0.750000
vn 1.0000 0.0000 0.0000
vn 0.0000 0.0000 1.0000
vn -1.0000 0.0000 0.0000
vn 0.0000 0.0000 -1.0000
vn 0.0000 -1.0000 0.0000
vn 0.0000 1.0000 0.0000
usemtl hbmat_concrete
s off
f 319/597/171 320/598/171 322/599/171 321/600/171
f 321/600/172 322/599/172 326/601/172 325/602/172
f 325/602/173 326/601/173 324/603/173 323/604/173
f 323/604/174 324/603/174 320/605/174 319/606/174
f 321/607/175 325/602/175 323/604/175 319/608/175
f 326/601/176 322/609/176 320/610/176 324/603/176
o Cube.293_Cube.292
v -48.866493 0.134023 85.784645
v -48.866493 0.794970 85.784645
v -48.866493 0.134023 88.958519
v -48.866493 0.794970 88.958519
v -52.321770 0.134023 85.784645
v -52.321770 0.794970 85.784645
v -52.321770 0.134023 88.958519
v -52.321770 0.794970 88.958519
vt 0.375000 0.000000
vt 0.625000 0.000000
vt 0.625000 0.250000
vt 0.375000 0.250000
vt 0.625000 0.500000
vt 0.375000 0.500000
vt 0.625000 0.750000
vt 0.375000 0.750000
vt 0.625000 1.000000
vt 0.375000 1.000000
vt 0.125000 0.500000
vt 0.125000 0.750000
vt 0.875000 0.500000
vt 0.875000 0.750000
vn 1.0000 0.0000 0.0000
vn 0.0000 0.0000 1.0000
vn -1.0000 0.0000 0.0000
vn 0.0000 0.0000 -1.0000
vn 0.0000 -1.0000 0.0000
vn 0.0000 1.0000 0.0000
usemtl hbmat_concrete
s off
f 327/611/177 328/612/177 330/613/177 329/614/177
f 329/614/178 330/613/178 334/615/178 333/616/178
f 333/616/179 334/615/179 332/617/179 331/618/179
f 331/618/180 332/617/180 328/619/180 327/620/180
f 329/621/181 333/616/181 331/618/181 327/622/181
f 334/615/182 330/623/182 328/624/182 332/617/182
o Cube.296_Cube.293
v -53.779739 -0.236355 90.396324
v -53.779739 0.135212 90.396324
v -53.779739 -0.236355 84.379204
v -53.779739 0.135212 84.379204
v -47.762619 -0.236355 90.396324
v -47.762619 0.135212 90.396324
v -47.762619 -0.236355 84.379204
v -47.762619 0.135212 84.379204
vt 0.007560 0.265830
vt 0.243002 0.265830
vt 0.243002 0.490701
vt 0.007560 0.490701
vt 0.243002 0.259795
vt 0.007560 0.259795
vt 0.243002 0.495238
vt 0.007560 0.495238
vt 0.243002 0.267857
vt 0.007560 0.267857
vt 0.237291 0.259795
vt 0.237291 0.495238
vt 0.014447 0.259795
vt 0.014447 0.495238
vn -1.0000 0.0000 0.0000
vn 0.0000 0.0000 -1.0000
vn 1.0000 0.0000 0.0000
vn 0.0000 0.0000 1.0000
vn 0.0000 -1.0000 0.0000
vn 0.0000 1.0000 0.0000
usemtl basically_everything
s off
f 335/625/183 336/626/183 338/627/183 337/628/183
f 337/628/184 338/627/184 342/629/184 341/630/184
f 341/630/185 342/629/185 340/631/185 339/632/185
f 339/632/186 340/631/186 336/633/186 335/634/186
f 337/635/187 341/630/187 339/632/187 335/636/187
f 342/629/188 338/637/188 336/638/188 340/631/188
o Cube.303_Cube.299
v 7.196144 1.372702 -0.984051
v 7.196144 1.708770 -0.984051
v 7.196144 1.372702 -1.320119
v 7.196144 1.708770 -1.320119
v 7.532212 1.372702 -0.984051
v 7.532212 1.708770 -0.984051
v 7.532212 1.372702 -1.320119
v 7.532212 1.708770 -1.320119
vt 0.375000 0.000000
vt 0.625000 0.000000
vt 0.625000 0.250000
vt 0.375000 0.250000
vt 0.625000 0.500000
vt 0.375000 0.500000
vt 0.625000 0.750000
vt 0.375000 0.750000
vt 0.625000 1.000000
vt 0.375000 1.000000
vt 0.125000 0.500000
vt 0.125000 0.750000
vt 0.875000 0.500000
vt 0.875000 0.750000
vn -1.0000 0.0000 0.0000
vn 0.0000 0.0000 -1.0000
vn 1.0000 0.0000 0.0000
vn 0.0000 0.0000 1.0000
vn 0.0000 -1.0000 0.0000
vn 0.0000 1.0000 0.0000
usemtl loot_gun_c.100
s off
f 343/639/189 344/640/189 346/641/189 345/642/189
f 345/642/190 346/641/190 350/643/190 349/644/190
f 349/644/191 350/643/191 348/645/191 347/646/191
f 347/646/192 348/645/192 344/647/192 343/648/192
f 345/649/193 349/644/193 347/646/193 343/650/193
f 350/643/194 346/651/194 344/652/194 348/645/194
o Cube.304_Cube.300
v 58.064125 1.372702 -1.378376
v 58.064125 1.708770 -1.378376
v 58.064125 1.372702 -1.714444
v 58.064125 1.708770 -1.714444
v 58.400192 1.372702 -1.378376
v 58.400192 1.708770 -1.378376
v 58.400192 1.372702 -1.714444
v 58.400192 1.708770 -1.714444
vt 0.375000 0.000000
vt 0.625000 0.000000
vt 0.625000 0.250000
vt 0.375000 0.250000
vt 0.625000 0.500000
vt 0.375000 0.500000
vt 0.625000 0.750000
vt 0.375000 0.750000
vt 0.625000 1.000000
vt 0.375000 1.000000
vt 0.125000 0.500000
vt 0.125000 0.750000
vt 0.875000 0.500000
vt 0.875000 0.750000
vn -1.0000 0.0000 0.0000
vn 0.0000 0.0000 -1.0000
vn 1.0000 0.0000 0.0000
vn 0.0000 0.0000 1.0000
vn 0.0000 -1.0000 0.0000
vn 0.0000 1.0000 0.0000
usemtl loot_gun_a.75
s off
f 351/653/195 352/654/195 354/655/195 353/656/195
f 353/656/196 354/655/196 358/657/196 357/658/196
f 357/658/197 358/657/197 356/659/197 355/660/197
f 355/660/198 356/659/198 352/661/198 351/662/198
f 353/663/199 357/658/199 355/660/199 351/664/199
f 358/657/200 354/665/200 352/666/200 356/659/200
o Cube.310_Cube.306
v -46.234802 1.372702 87.509941
v -46.234802 1.708770 87.509941
v -46.234802 1.372702 87.173866
v -46.234802 1.708770 87.173866
v -45.898735 1.372702 87.509941
v -45.898735 1.708770 87.509941
v -45.898735 1.372702 87.173866
v -45.898735 1.708770 87.173866
vt 0.375000 0.000000
vt 0.625000 0.000000
vt 0.625000 0.250000
vt 0.375000 0.250000
vt 0.625000 0.500000
vt 0.375000 0.500000
vt 0.625000 0.750000
vt 0.375000 0.750000
vt 0.625000 1.000000
vt 0.375000 1.000000
vt 0.125000 0.500000
vt 0.125000 0.750000
vt 0.875000 0.500000
vt 0.875000 0.750000
vn -1.0000 0.0000 0.0000
vn 0.0000 0.0000 -1.0000
vn 1.0000 0.0000 0.0000
vn 0.0000 0.0000 1.0000
vn 0.0000 -1.0000 0.0000
vn 0.0000 1.0000 0.0000
usemtl loot_gun_a.75
s off
f 359/667/201 360/668/201 362/669/201 361/670/201
f 361/670/202 362/669/202 366/671/202 365/672/202
f 365/672/203 366/671/203 364/673/203 363/674/203
f 363/674/204 364/673/204 360/675/204 359/676/204
f 361/677/205 365/672/205 363/674/205 359/678/205
f 366/671/206 362/679/206 360/680/206 364/673/206
o type2.008_Plane.062
v 113.464149 -0.159017 2.439067
v 114.168327 -0.061615 2.439067
v 113.464149 -0.159017 0.923051
v 114.168327 -0.061615 0.923051
v 110.873535 -0.141169 1.410799
v 115.531914 0.085965 1.410799
v 110.873535 -0.141169 1.119309
v 115.531914 0.085965 1.119309
v 113.207924 -0.251690 1.410799
v 113.207924 -0.251690 1.119309
v 110.873535 -0.141169 2.331053
v 115.531914 0.085965 2.331053
v 110.873535 -0.141169 2.039563
v 115.531914 0.085965 2.039563
v 113.207924 -0.251690 2.331053
v 113.207924 -0.251690 2.039563
v 114.577271 0.039418 2.439068
v 115.283386 0.073848 2.439068
v 114.577271 0.039418 0.923051
v 115.283386 0.073848 0.923051
v 112.203072 -0.239965 2.393065
v 112.890045 -0.104482 2.464770
v 112.590332 -0.221083 0.897349
v 113.277313 -0.085599 0.969054
v 111.522934 -0.109506 2.464447
v 112.220924 -0.075473 2.396235
v 111.163689 -0.127021 0.965883
v 111.861687 -0.092989 0.897671
vt 0.506180 0.504949
vt 0.747281 0.504949
vt 0.747281 0.746051
vt 0.506180 0.746051
vt 0.627868 0.504949
vt 0.747281 0.504949
vt 0.747281 0.746051
vt 0.627868 0.746051
vt 0.506180 0.504949
vt 0.506180 0.746051
vt 0.627868 0.504949
vt 0.747281 0.504949
vt 0.747281 0.746051
vt 0.627868 0.746051
vt 0.506180 0.504949
vt 0.506180 0.746051
vt 0.506180 0.504949
vt 0.747281 0.504949
vt 0.747281 0.746051
vt 0.506180 0.746051
vt 0.506180 0.504949
vt 0.747281 0.504949
vt 0.747281 0.746051
vt 0.506180 0.746051
vt 0.506180 0.504949
vt 0.747281 0.504949
vt 0.747281 0.746051
vt 0.506180 0.746051
vn -0.1370 0.9906 0.0000
vn -0.1438 0.9896 0.0000
vn 0.0473 0.9989 0.0000
vn -0.0487 0.9988 0.0000
vn -0.1897 0.9812 -0.0367
usemtl stone_2
s off
f 367/681/207 368/682/207 370/683/207 369/684/207
f 375/685/208 372/686/208 374/687/208 376/688/208
f 371/689/209 375/685/209 376/688/209 373/690/209
f 381/691/208 378/692/208 380/693/208 382/694/208
f 377/695/209 381/691/209 382/694/209 379/696/209
f 383/697/210 384/698/210 386/699/210 385/700/210
f 387/701/211 388/702/211 390/703/211 389/704/211
f 391/705/210 392/706/210 394/707/210 393/708/210
o Plane.033_Plane.063
v 142.898193 -0.050000 28.391928
v 142.898193 -0.050000 5.195173
v 136.314087 -0.050000 28.391928
v 136.314087 -0.050000 5.195173
vt 0.501259 0.067845
vt 0.746772 0.067845
vt 0.746772 0.188061
vt 0.501259 0.188061
vn 0.0000 1.0000 0.0000
usemtl stone_2
s off
f 395/709/212 396/710/212 398/711/212 397/712/212
o Plane.043_Plane.064
v 142.852615 -0.192751 28.816414
v 142.852615 -0.192751 -1.219506
v 142.852615 5.016237 28.816414
v 142.852615 5.016237 -1.219506
vt 0.250337 0.806776
vt 0.498663 0.806776
vt 0.498663 0.948685
vt 0.250337 0.948685
vn 1.0000 0.0000 0.0000
usemtl stone_2
s off
f 399/713/213 400/714/213 402/715/213 401/716/213
o Plane.044_Plane.065
v 116.433319 -0.192751 -0.980667
v 143.561096 -0.192751 -0.980667
v 116.433319 5.016237 -0.980667
v 143.561096 5.016237 -0.980667
vt 0.250337 0.806776
vt 0.498663 0.806776
vt 0.498663 0.948685
vt 0.250337 0.948685
vn 0.0000 -0.0000 1.0000
usemtl stone_2
s off
f 403/717/214 404/718/214 406/719/214 405/720/214
o Plane.045_Plane.066
v 136.246780 -0.192751 28.452469
v 136.246780 -0.192751 2.929730
v 136.246780 5.016237 28.452469
v 136.246780 5.016237 2.929730
vt 0.250337 0.806776
vt 0.498663 0.806776
vt 0.498663 0.948685
vt 0.250337 0.948685
vn 1.0000 0.0000 0.0000
usemtl stone_2
s off
f 407/721/215 408/722/215 410/723/215 409/724/215
o Plane.046_Plane.067
v 116.582863 -0.025000 5.339966
v 142.865631 -0.025000 5.339966
v 116.582863 -0.025000 -1.244137
v 142.865631 -0.025000 -1.244137
vt 0.501259 0.067845
vt 0.746772 0.067845
vt 0.746772 0.188061
vt 0.501259 0.188061
vn 0.0000 1.0000 0.0000
usemtl stone_2
s off
f 411/725/216 412/726/216 414/727/216 413/728/216
o Plane.047_Plane.068
v 116.591988 -0.192751 5.056292
v 138.925644 -0.192751 5.056292
v 116.591988 5.016237 5.056292
v 138.925644 5.016237 5.056292
vt 0.250337 0.806776
vt 0.498663 0.806776
vt 0.498663 0.948685
vt 0.250337 0.948685
vn 0.0000 0.0000 1.0000
usemtl stone_2
s off
f 415/729/217 416/730/217 418/731/217 417/732/217
o Plane.048_Plane.069
v 119.474518 4.273802 2.520459
v 119.474518 -0.277355 2.520459
v 119.474518 4.273802 -1.172468
v 119.474518 -0.277355 -1.172468
vt 0.758398 0.757314
vt 0.994163 0.757314
vt 0.994163 0.993079
vt 0.758398 0.993079
vn 1.0000 0.0000 0.0000
usemtl stone_2
s off
f 419/733/218 420/734/218 422/735/218 421/736/218
o Plane.049_Plane.070
v 122.229546 4.273802 5.196223
v 122.229546 -0.277355 5.196223
v 122.229546 4.273802 1.491322
v 122.229546 -0.277355 1.491322
vt 0.507398 0.757314
vt 0.743163 0.757314
vt 0.743163 0.993079
vt 0.507398 0.993079
vn 1.0000 0.0000 0.0000
usemtl stone_2
s off
f 423/737/219 424/738/219 426/739/219 425/740/219
o Plane.050_Plane.071
v 127.877304 4.273802 5.196223
v 127.877304 -0.277355 5.196223
v 127.877304 4.273802 1.491322
v 127.877304 -0.277355 1.491322
vt 0.507398 0.757314
vt 0.743163 0.757314
vt 0.743163 0.993079
vt 0.507398 0.993079
vn 1.0000 0.0000 0.0000
usemtl stone_2
s off
f 427/741/220 428/742/220 430/743/220 429/744/220
o Plane.051_Plane.072
v 125.122261 4.273802 2.520459
v 125.122261 -0.277355 2.520459
v 125.122261 4.273802 -1.172468
v 125.122261 -0.277355 -1.172468
vt 0.758398 0.757314
vt 0.994163 0.757314
vt 0.994163 0.993079
vt 0.758398 0.993079
vn 1.0000 0.0000 0.0000
usemtl stone_2
s off
f 431/745/221 432/746/221 434/747/221 433/748/221
o Plane.052_Plane.073
v 130.934341 4.273802 2.520459
v 130.934341 -0.277355 2.520459
v 130.934341 4.273802 -1.172468
v 130.934341 -0.277355 -1.172468
vt 0.758398 0.757314
vt 0.994163 0.757314
vt 0.994163 0.993079
vt 0.758398 0.993079
vn 1.0000 0.0000 0.0000
usemtl stone_2
s off
f 435/749/222 436/750/222 438/751/222 437/752/222
o Plane.053_Plane.074
v 133.689377 4.273802 5.196223
v 133.689377 -0.277355 5.196223
v 133.689377 4.273802 1.491322
v 133.689377 -0.277355 1.491322
vt 0.507398 0.757314
vt 0.743163 0.757314
vt 0.743163 0.993079
vt 0.507398 0.993079
vn 1.0000 0.0000 0.0000
usemtl stone_2
s off
f 439/753/223 440/754/223 442/755/223 441/756/223
o Plane.054_Plane.075
v 136.042587 4.273802 23.730751
v 136.042603 -0.277356 23.730751
v 139.932770 4.273802 23.730949
v 139.932785 -0.277355 23.730949
vt 0.507398 0.757314
vt 0.743163 0.757314
vt 0.743163 0.993079
vt 0.507398 0.993079
vn -0.0001 -0.0000 1.0000
usemtl stone_2
s off
f 443/757/224 444/758/224 446/759/224 445/760/224
o Plane.055_Plane.076
v 139.440735 4.273802 20.627680
v 139.440735 -0.277356 20.627680
v 143.039124 4.273802 20.627863
v 143.039124 -0.277355 20.627863
vt 0.758398 0.757314
vt 0.994163 0.757314
vt 0.994163 0.993079
vt 0.758398 0.993079
vn -0.0001 0.0000 1.0000
usemtl stone_2
s off
f 447/761/225 448/762/225 450/763/225 449/764/225
o Plane.056_Plane.077
v 139.440948 4.273802 14.081103
v 139.440948 -0.277356 14.081103
v 143.039337 4.273802 14.081288
v 143.039337 -0.277355 14.081288
vt 0.758398 0.757314
vt 0.994163 0.757314
vt 0.994163 0.993079
vt 0.758398 0.993079
vn -0.0001 0.0000 1.0000
usemtl stone_2
s off
f 451/765/226 452/766/226 454/767/226 453/768/226
o Plane.057_Plane.078
v 136.042816 4.273802 17.184175
v 136.042816 -0.277356 17.184175
v 139.933014 4.273802 17.184374
v 139.933014 -0.277355 17.184374
vt 0.507398 0.757314
vt 0.743163 0.757314
vt 0.743163 0.993079
vt 0.507398 0.993079
vn -0.0001 0.0000 1.0000
usemtl stone_2
s off
f 455/769/227 456/770/227 458/771/227 457/772/227
o Plane.058_Plane.079
v 136.043045 4.273802 10.822689
v 136.043060 -0.277356 10.822689
v 139.933228 4.273802 10.822889
v 139.933243 -0.277355 10.822889
vt 0.507398 0.757314
vt 0.743163 0.757314
vt 0.743163 0.993079
vt 0.507398 0.993079
vn -0.0001 -0.0000 1.0000
usemtl stone_2
s off
f 459/773/228 460/774/228 462/775/228 461/776/228
o Plane.059_Plane.080
v 139.441147 4.273802 7.719629
v 139.441147 -0.277356 7.719629
v 143.039536 4.273802 7.719814
v 143.039536 -0.277355 7.719814
vt 0.758398 0.757314
vt 0.994163 0.757314
vt 0.994163 0.993079
vt 0.758398 0.993079
vn -0.0001 0.0000 1.0000
usemtl stone_2
s off
f 463/777/229 464/778/229 466/779/229 465/780/229
o type2.007_Plane.053
v 86.512527 -0.176738 0.758008
v 87.472931 -0.043894 0.758008
v 86.512527 -0.176738 -0.758008
v 87.472931 -0.043894 -0.758008
v 82.997498 -0.284036 -0.270260
v 89.330688 0.171743 -0.270260
v 82.997498 -0.284036 -0.561750
v 89.330688 0.171743 -0.561750
v 86.160301 -0.283103 -0.270260
v 86.160301 -0.283103 -0.561750
v 82.997498 -0.284036 0.649994
v 89.330688 0.171743 0.649994
v 82.997498 -0.284036 0.358504
v 89.330688 0.171743 0.358504
v 86.160301 -0.283103 0.649994
v 86.160301 -0.283103 0.358504
v 88.032822 0.078339 0.758008
v 88.992813 0.147427 0.758008
v 88.032822 0.078339 -0.758008
v 88.992813 0.147427 -0.758008
v 84.797119 -0.319853 0.712006
v 85.736023 -0.149231 0.783711
v 85.323608 -0.281963 -0.783711
v 86.262512 -0.111341 -0.712006
v 83.880371 -0.220498 0.783388
v 84.829315 -0.152206 0.715176
v 83.391975 -0.255646 -0.715176
v 84.340919 -0.187354 -0.783388
vt 0.506180 0.504949
vt 0.747281 0.504949
vt 0.747281 0.746051
vt 0.506180 0.746051
vt 0.627868 0.504949
vt 0.747281 0.504949
vt 0.747281 0.746051
vt 0.627868 0.746051
vt 0.506180 0.504949
vt 0.506180 0.746051
vt 0.627868 0.504949
vt 0.747281 0.504949
vt 0.747281 0.746051
vt 0.627868 0.746051
vt 0.506180 0.504949
vt 0.506180 0.746051
vt 0.506180 0.504949
vt 0.747281 0.504949
vt 0.747281 0.746051
vt 0.506180 0.746051
vt 0.506180 0.504949
vt 0.747281 0.504949
vt 0.747281 0.746051
vt 0.506180 0.746051
vt 0.506180 0.504949
vt 0.747281 0.504949
vt 0.747281 0.746051
vt 0.506180 0.746051
vn -0.1370 0.9906 0.0000
vn -0.1420 0.9899 0.0000
vn -0.0003 1.0000 0.0000
vn -0.0718 0.9974 0.0000
vn -0.1759 0.9837 -0.0370
usemtl stone_2
s off
f 467/781/230 468/782/230 470/783/230 469/784/230
f 475/785/231 472/786/231 474/787/231 476/788/231
f 471/789/232 475/785/232 476/788/232 473/790/232
f 481/791/231 478/792/231 480/793/231 482/794/231
f 477/795/232 481/791/232 482/794/232 479/796/232
f 483/797/233 484/798/233 486/799/233 485/800/233
f 487/801/234 488/802/234 490/803/234 489/804/234
f 491/805/233 492/806/233 494/807/233 493/808/233
o type2.006_Plane.052
v 90.970184 -0.141203 0.758008
v 91.416779 -0.079429 0.758008
v 90.970184 -0.141203 -0.758008
v 91.416779 -0.079429 -0.758008
v 89.309235 0.000000 -0.270260
v 92.283539 0.000000 -0.270260
v 89.309235 0.000000 -0.561750
v 92.283539 0.000000 -0.561750
v 90.810417 -0.219737 -0.270260
v 90.810417 -0.219737 -0.561750
v 89.309235 0.000000 0.649994
v 92.283539 0.000000 0.649994
v 89.309235 0.000000 0.358504
v 92.283539 0.000000 0.358504
v 90.810417 -0.219737 0.649994
v 90.810417 -0.219737 0.358504
v 91.674004 0.000000 0.758008
v 92.124855 0.000000 0.758008
v 91.674004 0.000000 -0.758008
v 92.124855 0.000000 -0.758008
v 90.165932 -0.160263 0.712006
v 90.599686 -0.060369 0.783711
v 90.413193 -0.160263 -0.783711
v 90.846947 -0.060369 -0.712006
v 89.723862 0.000000 0.783388
v 90.169525 0.000000 0.715176
v 89.494499 0.000000 -0.715176
v 89.940155 0.000000 -0.783388
vt 0.506180 0.504949
vt 0.747281 0.504949
vt 0.747281 0.746051
vt 0.506180 0.746051
vt 0.627868 0.504949
vt 0.747281 0.504949
vt 0.747281 0.746051
vt 0.627868 0.746051
vt 0.506180 0.504949
vt 0.506180 0.746051
vt 0.627868 0.504949
vt 0.747281 0.504949
vt 0.747281 0.746051
vt 0.627868 0.746051
vt 0.506180 0.504949
vt 0.506180 0.746051
vt 0.506180 0.504949
vt 0.747281 0.504949
vt 0.747281 0.746051
vt 0.506180 0.746051
vt 0.506180 0.504949
vt 0.747281 0.504949
vt 0.747281 0.746051
vt 0.506180 0.746051
vt 0.506180 0.504949
vt 0.747281 0.504949
vt 0.747281 0.746051
vt 0.506180 0.746051
vn -0.1370 0.9906 0.0000
vn -0.1475 0.9891 0.0000
vn 0.1448 0.9895 0.0000
vn -0.0000 1.0000 0.0000
vn -0.2186 0.9751 -0.0361
usemtl stone_2
s off
f 495/809/235 496/810/235 498/811/235 497/812/235
f 503/813/236 500/814/236 502/815/236 504/816/236
f 499/817/237 503/813/237 504/816/237 501/818/237
f 509/819/236 506/820/236 508/821/236 510/822/236
f 505/823/237 509/819/237 510/822/237 507/824/237
f 511/825/238 512/826/238 514/827/238 513/828/238
f 515/829/239 516/830/239 518/831/239 517/832/239
f 519/833/238 520/834/238 522/835/238 521/836/238
o type1.005_Plane.051
v 93.168945 -0.076655 0.706440
v 93.607666 -0.143977 0.785528
v 93.437897 -0.076655 -0.785528
v 93.876617 -0.143977 -0.706440
v 92.622925 -0.000000 0.758008
v 93.073769 -0.000000 0.758008
v 92.622925 -0.000000 -0.758008
v 93.073769 -0.000000 -0.758008
v 93.986526 -0.141203 0.758008
v 94.433121 -0.079429 0.758008
v 93.986526 -0.141203 -0.758008
v 94.433121 -0.079429 -0.758008
v 94.654808 -0.000000 0.746520
v 95.105156 -0.000000 0.767806
v 94.726387 -0.000000 -0.767805
v 95.176727 -0.000000 -0.746520
v 92.325577 -0.000000 0.649994
v 95.299873 -0.000000 0.649994
v 92.325577 -0.000000 0.358504
v 95.299873 -0.000000 0.358504
v 93.826759 -0.219737 0.649994
v 93.826759 -0.219737 0.358504
v 92.325577 0.000000 -0.270260
v 95.299873 -0.000000 -0.270260
v 92.325577 0.000000 -0.561751
v 95.299873 -0.000000 -0.561750
v 93.826759 -0.219737 -0.270260
v 93.826759 -0.219737 -0.561751
vt 0.506180 0.504949
vt 0.747281 0.504949
vt 0.747281 0.746051
vt 0.506180 0.746051
vt 0.627868 0.504949
vt 0.747281 0.504949
vt 0.747281 0.746051
vt 0.627868 0.746051
vt 0.506180 0.504949
vt 0.627868 0.504949
vt 0.627868 0.746051
vt 0.506180 0.746051
vt 0.627868 0.504949
vt 0.747281 0.504949
vt 0.747281 0.746051
vt 0.627868 0.746051
vt 0.506180 0.504949
vt 0.627868 0.504949
vt 0.627868 0.746051
vt 0.506180 0.746051
vt 0.506180 0.504949
vt 0.747281 0.504949
vt 0.747281 0.746051
vt 0.506180 0.746051
vt 0.506180 0.504949
vt 0.747281 0.504949
vt 0.747281 0.746051
vt 0.506180 0.746051
vt 0.506180 0.504949
vt 0.747281 0.504949
vt 0.747281 0.746051
vt 0.506180 0.746051
vn 0.1470 0.9888 0.0265
vn 0.0000 1.0000 0.0000
vn -0.1370 0.9906 0.0000
vn -0.1475 0.9891 -0.0000
vn 0.1448 0.9895 -0.0000
usemtl stone_2
s off
f 523/837/240 524/838/240 526/839/240 525/840/240
f 527/841/241 528/842/241 530/843/241 529/844/241
f 531/845/242 532/846/242 534/847/242 533/848/242
f 535/849/241 536/850/241 538/851/241 537/852/241
f 543/853/243 540/854/243 542/855/243 544/856/243
f 539/857/244 543/858/244 544/859/244 541/860/244
f 549/861/243 546/862/243 548/863/243 550/864/243
f 545/865/244 549/866/244 550/867/244 547/868/244
o Cube.039_Cube.030
v 89.128235 -0.346152 5.537772
v 89.128235 -0.014817 5.537772
v 89.775833 -0.346152 0.655584
v 89.775833 -0.014817 0.655584
v 94.675186 -0.346152 6.273546
v 94.675186 -0.014817 6.273546
v 95.322784 -0.346152 1.391357
v 95.322784 -0.014817 1.391357
vt 0.829427 0.500040
vt 0.889865 0.500040
vt 0.889865 0.560477
vt 0.829427 0.560477
vt 0.889865 0.620915
vt 0.829427 0.620915
vt 0.889865 0.681353
vt 0.829427 0.681353
vt 0.889865 0.741791
vt 0.829427 0.741791
vt 0.768989 0.620915
vt 0.768989 0.681353
vt 0.950302 0.620915
vt 0.950302 0.681353
vn -0.9913 0.0000 -0.1315
vn 0.1315 0.0000 -0.9913
vn 0.9913 0.0000 0.1315
vn -0.1315 0.0000 0.9913
vn 0.0000 -1.0000 0.0000
vn 0.0000 1.0000 0.0000
usemtl stone_2
s off
f 551/869/245 552/870/245 554/871/245 553/872/245
f 553/872/246 554/871/246 558/873/246 557/874/246
f 557/874/247 558/873/247 556/875/247 555/876/247
f 555/876/248 556/875/248 552/877/248 551/878/248
f 553/879/249 557/874/249 555/876/249 551/880/249
f 558/873/250 554/881/250 552/882/250 556/875/250
o Cube.038_Cube.029
v 89.816734 -0.440449 -1.083642
v 89.816734 -0.109114 -1.083642
v 89.816734 -0.440449 -3.083642
v 89.816734 -0.109114 -3.083642
v 95.178505 -0.440449 -1.083642
v 95.178505 -0.109114 -1.083642
v 95.178505 -0.440449 -3.083642
v 95.178505 -0.109114 -3.083642
vt 0.829427 0.500040
vt 0.889865 0.500040
vt 0.889865 0.560477
vt 0.829427 0.560477
vt 0.889865 0.620915
vt 0.829427 0.620915
vt 0.889865 0.681353
vt 0.829427 0.681353
vt 0.889865 0.741791
vt 0.829427 0.741791
vt 0.768989 0.620915
vt 0.768989 0.681353
vt 0.950302 0.620915
vt 0.950302 0.681353
vn -1.0000 0.0000 0.0000
vn 0.0000 0.0000 -1.0000
vn 1.0000 0.0000 0.0000
vn 0.0000 0.0000 1.0000
vn 0.0000 -1.0000 0.0000
vn 0.0000 1.0000 0.0000
usemtl stone_2
s off
f 559/883/251 560/884/251 562/885/251 561/886/251
f 561/886/252 562/885/252 566/887/252 565/888/252
f 565/888/253 566/887/253 564/889/253 563/890/253
f 563/890/254 564/889/254 560/891/254 559/892/254
f 561/893/255 565/888/255 563/890/255 559/894/255
f 566/887/256 562/895/256 560/896/256 564/889/256
o Plane.040_Plane.049
v 110.083000 0.094588 0.834721
v 106.098434 0.094588 0.834476
v 110.082855 0.094588 3.119514
v 106.098289 0.094588 3.119269
vt 0.758554 0.257065
vt 0.993291 0.257065
vt 0.993291 0.491803
vt 0.758554 0.491803
vn 0.0000 1.0000 0.0000
usemtl stone_2
s off
f 567/897/257 568/898/257 570/899/257 569/900/257
o Cube.037_Cube.035
v 89.849220 -0.392185 5.374816
v 89.849220 4.608057 5.374816
v 89.849220 -0.392185 5.260968
v 89.849220 4.608057 5.260968
v 89.963066 -0.392185 5.374816
v 89.963066 4.608057 5.374816
v 89.963066 -0.392185 5.260968
v 89.963066 4.608057 5.260968
vt 0.335791 0.749962
vt 0.398445 0.749962
vt 0.398445 0.812616
vt 0.335791 0.812616
vt 0.398445 0.875269
vt 0.335791 0.875269
vt 0.398445 0.937923
vt 0.335791 0.937923
vt 0.398445 1.000577
vt 0.335791 1.000577
vt 0.273137 0.875269
vt 0.273137 0.937923
vt 0.461098 0.875269
vt 0.461098 0.937923
vn -1.0000 0.0000 0.0000
vn 0.0000 0.0000 -1.0000
vn 1.0000 0.0000 0.0000
vn 0.0000 0.0000 1.0000
vn 0.0000 -1.0000 0.0000
vn 0.0000 1.0000 0.0000
usemtl stone_2
s off
f 571/901/258 572/902/258 574/903/258 573/904/258
f 573/904/259 574/903/259 578/905/259 577/906/259
f 577/906/260 578/905/260 576/907/260 575/908/260
f 575/908/261 576/907/261 572/909/261 571/910/261
f 573/911/262 577/906/262 575/908/262 571/912/262
f 578/905/263 574/913/263 572/914/263 576/907/263
o Cube.036_Cube.034
v 93.467094 -0.392185 5.579601
v 93.467094 4.608057 5.579601
v 93.467094 -0.392185 5.465754
v 93.467094 4.608057 5.465754
v 93.580940 -0.392185 5.579601
v 93.580940 4.608057 5.579601
v 93.580940 -0.392185 5.465754
v 93.580940 4.608057 5.465754
vt 0.335791 0.749962
vt 0.398445 0.749962
vt 0.398445 0.812616
vt 0.335791 0.812616
vt 0.398445 0.875269
vt 0.335791 0.875269
vt 0.398445 0.937923
vt 0.335791 0.937923
vt 0.398445 1.000577
vt 0.335791 1.000577
vt 0.273137 0.875269
vt 0.273137 0.937923
vt 0.461098 0.875269
vt 0.461098 0.937923
vn -1.0000 0.0000 0.0000
vn 0.0000 0.0000 -1.0000
vn 1.0000 0.0000 0.0000
vn 0.0000 0.0000 1.0000
vn 0.0000 -1.0000 0.0000
vn 0.0000 1.0000 0.0000
usemtl stone_2
s off
f 579/915/264 580/916/264 582/917/264 581/918/264
f 581/918/265 582/917/265 586/919/265 585/920/265
f 585/920/266 586/919/266 584/921/266 583/922/266
f 583/922/267 584/921/267 580/923/267 579/924/267
f 581/925/268 585/920/268 583/922/268 579/926/268
f 586/919/269 582/927/269 580/928/269 584/921/269
o Cube.035_Cube.033
v 92.374908 -0.392185 1.552154
v 92.374908 4.608057 1.552154
v 92.374908 -0.392185 1.438306
v 92.374908 4.608057 1.438306
v 92.488754 -0.392185 1.552154
v 92.488754 4.608057 1.552154
v 92.488754 -0.392185 1.438306
v 92.488754 4.608057 1.438306
vt 0.335791 0.749962
vt 0.398445 0.749962
vt 0.398445 0.812616
vt 0.335791 0.812616
vt 0.398445 0.875269
vt 0.335791 0.875269
vt 0.398445 0.937923
vt 0.335791 0.937923
vt 0.398445 1.000577
vt 0.335791 1.000577
vt 0.273137 0.875269
vt 0.273137 0.937923
vt 0.461098 0.875269
vt 0.461098 0.937923
vn -1.0000 0.0000 0.0000
vn 0.0000 0.0000 -1.0000
vn 1.0000 0.0000 0.0000
vn 0.0000 0.0000 1.0000
vn 0.0000 -1.0000 0.0000
vn 0.0000 1.0000 0.0000
usemtl stone_2
s off
f 587/929/270 588/930/270 590/931/270 589/932/270
f 589/932/271 590/931/271 594/933/271 593/934/271
f 593/934/272 594/933/272 592/935/272 591/936/272
f 591/936/273 592/935/273 588/937/273 587/938/273
f 589/939/274 593/934/274 591/936/274 587/940/274
f 594/933/275 590/941/275 588/942/275 592/935/275
o Cube.033_Cube.031
v 90.736626 -0.392185 -1.565136
v 90.736626 4.608057 -1.565136
v 90.736626 -0.392185 -1.678984
v 90.736626 4.608057 -1.678984
v 90.850471 -0.392185 -1.565136
v 90.850471 4.608057 -1.565136
v 90.850471 -0.392185 -1.678984
v 90.850471 4.608057 -1.678984
vt 0.335791 0.749962
vt 0.398445 0.749962
vt 0.398445 0.812616
vt 0.335791 0.812616
vt 0.398445 0.875269
vt 0.335791 0.875269
vt 0.398445 0.937923
vt 0.335791 0.937923
vt 0.398445 1.000577
vt 0.335791 1.000577
vt 0.273137 0.875269
vt 0.273137 0.937923
vt 0.461098 0.875269
vt 0.461098 0.937923
vn -1.0000 0.0000 0.0000
vn 0.0000 0.0000 -1.0000
vn 1.0000 0.0000 0.0000
vn 0.0000 0.0000 1.0000
vn 0.0000 -1.0000 0.0000
vn 0.0000 1.0000 0.0000
usemtl stone_2
s off
f 595/943/276 596/944/276 598/945/276 597/946/276
f 597/946/277 598/945/277 602/947/277 601/948/277
f 601/948/278 602/947/278 600/949/278 599/950/278
f 599/950/279 600/949/279 596/951/279 595/952/279
f 597/953/280 601/948/280 599/950/280 595/954/280
f 602/947/281 598/955/281 596/956/281 600/949/281
o Plane.042_Plane.061
v 102.441093 -0.038306 4.607650
v 104.343521 -0.038306 6.612837
v 102.441093 3.473372 4.607650
v 104.343521 3.473372 6.612837
v 104.343643 -0.038306 4.597658
v 104.343643 3.473372 4.597658
vt 0.886703 0.757714
vt 1.001076 0.757714
vt 1.001076 0.998146
vt 0.886703 0.998146
vt 0.760643 0.757714
vt 0.760643 0.998146
vn -1.0000 0.0000 -0.0001
vn 0.0053 0.0000 1.0000
usemtl stone_2
s off
f 607/957/282 604/958/282 606/959/282 608/960/282
f 603/961/283 607/957/283 608/960/283 605/962/283
o Plane.041_Plane.060
v 104.224785 0.094588 0.834397
v 100.240219 0.094588 0.834153
v 104.224640 0.094588 3.119190
v 100.240074 0.094588 3.118946
vt 0.758554 0.257065
vt 0.993291 0.257065
vt 0.993291 0.491803
vt 0.758554 0.491803
vn 0.0000 1.0000 0.0000
usemtl stone_2
s off
f 609/963/284 610/964/284 612/965/284 611/966/284
o Plane.039_Plane.059
v 104.224518 0.094588 4.674123
v 100.239952 0.094588 4.673878
v 104.224373 0.094588 6.958915
v 100.239807 0.094588 6.958671
vt 0.758554 0.257065
vt 0.993291 0.257065
vt 0.993291 0.491803
vt 0.758554 0.491803
vn 0.0000 1.0000 0.0000
usemtl stone_2
s off
f 613/967/285 614/968/285 616/969/285 615/970/285
o Plane.038_Plane.058
v 99.089752 0.094588 4.673793
v 95.489326 0.094588 4.673573
v 99.089607 0.094588 6.958586
v 95.489182 0.094588 6.958365
vt 0.758554 0.257065
vt 0.993291 0.257065
vt 0.993291 0.491803
vt 0.758554 0.491803
vn 0.0000 1.0000 0.0000
usemtl stone_2
s off
f 617/971/286 618/972/286 620/973/286 619/974/286
o Plane.037_Plane.054
v 100.260056 -0.038306 0.741814
v 100.260056 3.473372 0.741814
v 104.343903 -0.038306 0.731955
v 104.343903 3.473372 0.731955
vt 0.760643 0.757714
vt 0.886703 0.757714
vt 0.886703 0.998146
vt 0.760643 0.998146
vn 0.0024 0.0000 1.0000
usemtl stone_2
s off
f 621/975/287 623/976/287 624/977/287 622/978/287
o Plane.036_Plane.057
v 99.090240 0.094588 -3.274281
v 95.489815 0.094588 -3.274502
v 99.090096 0.094588 -0.989488
v 95.489670 0.094588 -0.989709
vt 0.758554 0.257065
vt 0.993291 0.257065
vt 0.993291 0.491803
vt 0.758554 0.491803
vn 0.0000 1.0000 0.0000
usemtl stone_2
s off
f 625/979/288 626/980/288 628/981/288 627/982/288
o Plane.035_Plane.056
v 110.083282 0.094588 -3.273628
v 106.098717 0.094588 -3.273872
v 110.083138 0.094588 -0.988835
v 106.098572 0.094588 -0.989080
vt 0.758554 0.257065
vt 0.993291 0.257065
vt 0.993291 0.491803
vt 0.758554 0.491803
vn 0.0000 1.0000 0.0000
usemtl stone_2
s off
f 629/983/289 630/984/289 632/985/289 631/986/289
o Plane.034_Plane.055
v 104.225060 0.094588 -3.273951
v 100.240494 0.094588 -3.274196
v 104.224915 0.094588 -0.989159
v 100.240349 0.094588 -0.989403
vt 0.758554 0.257065
vt 0.993291 0.257065
vt 0.993291 0.491803
vt 0.758554 0.491803
vn 0.0000 1.0000 0.0000
usemtl stone_2
s off
f 633/987/290 634/988/290 636/989/290 635/990/290
o Plane.032_Plane.048
v 97.455269 -0.038306 4.562307
v 99.174271 -0.038306 6.567483
v 97.455269 3.473372 4.562307
v 99.174271 3.473372 6.567483
v 99.174393 -0.038306 4.552304
v 99.174393 3.473372 4.552304
vt 0.886703 0.757714
vt 1.001076 0.757714
vt 1.001076 0.998146
vt 0.886703 0.998146
vt 0.760643 0.757714
vt 0.760643 0.998146
vn -1.0000 0.0000 -0.0001
vn 0.0058 0.0000 1.0000
usemtl stone_2
s off
f 641/991/291 638/992/291 640/993/291 642/994/291
f 637/995/292 641/991/292 642/994/292 639/996/292
o Plane.031_Plane.047
v 106.087563 -0.038306 -1.025396
v 106.087563 3.473372 -1.025396
v 110.171410 -0.038306 -1.035255
v 110.171410 3.473372 -1.035255
vt 0.760643 0.757714
vt 0.886703 0.757714
vt 0.886703 0.998146
vt 0.760643 0.998146
vn 0.0024 0.0000 1.0000
usemtl stone_2
s off
f 643/997/293 645/998/293 646/999/293 644/1000/293
o Cube.034_Cube.032
v 94.718559 -0.392185 -2.429786
v 94.718559 4.608057 -2.429786
v 94.718559 -0.392185 -2.543634
v 94.718559 4.608057 -2.543634
v 94.832405 -0.392185 -2.429786
v 94.832405 4.608057 -2.429786
v 94.832405 -0.392185 -2.543634
v 94.832405 4.608057 -2.543634
vt 0.335791 0.749962
vt 0.398445 0.749962
vt 0.398445 0.812616
vt 0.335791 0.812616
vt 0.398445 0.875269
vt 0.335791 0.875269
vt 0.398445 0.937923
vt 0.335791 0.937923
vt 0.398445 1.000577
vt 0.335791 1.000577
vt 0.273137 0.875269
vt 0.273137 0.937923
vt 0.461098 0.875269
vt 0.461098 0.937923
vn -1.0000 0.0000 0.0000
vn 0.0000 0.0000 -1.0000
vn 1.0000 0.0000 0.0000
vn 0.0000 0.0000 1.0000
vn 0.0000 -1.0000 0.0000
vn 0.0000 1.0000 0.0000
usemtl stone_2
s off
f 647/1001/294 648/1002/294 650/1003/294 649/1004/294
f 649/1004/295 650/1003/295 654/1005/295 653/1006/295
f 653/1006/296 654/1005/296 652/1007/296 651/1008/296
f 651/1008/297 652/1007/297 648/1009/297 647/1010/297
f 649/1011/298 653/1006/298 651/1008/298 647/1012/298
f 654/1005/299 650/1013/299 648/1014/299 652/1007/299
o Cube.040_Cube.036
v 96.209915 -1.084188 4.741884
v 96.209915 -0.264349 4.741884
v 97.882660 -1.084188 -1.741178
v 97.882660 -0.264349 -1.741178
v 97.003754 -1.084188 4.946709
v 97.003754 -0.264349 4.946709
v 98.676498 -1.084188 -1.536353
v 98.676498 -0.264349 -1.536353
vt 0.377828 0.242138
vt 0.379805 0.242138
vt 0.379805 0.244115
vt 0.377828 0.244115
vt 0.379805 0.246092
vt 0.377828 0.246092
vt 0.379805 0.248069
vt 0.377828 0.248069
vt 0.379805 0.250045
vt 0.377828 0.250045
vt 0.375851 0.246092
vt 0.375851 0.248069
vt 0.381782 0.246092
vt 0.381782 0.248069
vn -0.9683 0.0000 -0.2498
vn 0.2498 0.0000 -0.9683
vn 0.9683 0.0000 0.2498
vn -0.2498 0.0000 0.9683
vn 0.0000 -1.0000 0.0000
vn 0.0000 1.0000 0.0000
usemtl stone_2
s off
f 655/1015/300 656/1016/300 658/1017/300 657/1018/300
f 657/1018/301 658/1017/301 662/1019/301 661/1020/301
f 661/1020/302 662/1019/302 660/1021/302 659/1022/302
f 659/1022/303 660/1021/303 656/1023/303 655/1024/303
f 657/1025/304 661/1020/304 659/1022/304 655/1026/304
f 662/1019/305 658/1027/305 656/1028/305 660/1021/305
o Cube
v -1.617837 -0.315332 1.552525
v -1.617837 -0.085623 1.552525
v -1.617837 -0.315332 -1.552525
v -1.617837 -0.085623 -1.552525
v -1.388128 -0.315332 1.552525
v -1.388128 -0.085623 1.552525
v -1.388128 -0.315332 -1.552525
v -1.388128 -0.085623 -1.552525
vt 0.835385 0.255553
vt 0.894791 0.255553
vt 0.894791 0.314959
vt 0.835385 0.314959
vt 0.894791 0.374365
vt 0.835385 0.374365
vt 0.894791 0.433771
vt 0.835385 0.433771
vt 0.894791 0.493177
vt 0.835385 0.493177
vt 0.775979 0.374365
vt 0.775979 0.433771
vt 0.954197 0.374365
vt 0.954197 0.433771
vn -1.0000 0.0000 0.0000
vn 0.0000 0.0000 -1.0000
vn 1.0000 0.0000 0.0000
vn 0.0000 0.0000 1.0000
vn 0.0000 -1.0000 0.0000
vn 0.0000 1.0000 0.0000
usemtl stone_2
s off
f 663/1029/306 664/1030/306 666/1031/306 665/1032/306
f 665/1032/307 666/1031/307 670/1033/307 669/1034/307
f 669/1034/308 670/1033/308 668/1035/308 667/1036/308
f 667/1036/309 668/1035/309 664/1037/309 663/1038/309
f 665/1039/310 669/1034/310 667/1036/310 663/1040/310
f 670/1033/311 666/1041/311 664/1042/311 668/1035/311
o Cube.001
v 1.555709 -0.315332 1.552525
v 1.555709 -0.085623 1.552525
v 1.555709 -0.315332 -1.552525
v 1.555709 -0.085623 -1.552525
v 1.785419 -0.315332 1.552525
v 1.785419 -0.085623 1.552525
v 1.785419 -0.315332 -1.552525
v 1.785419 -0.085623 -1.552525
vt 0.831588 0.253911
vt 0.891882 0.253911
vt 0.891882 0.314205
vt 0.831588 0.314205
vt 0.891882 0.374500
vt 0.831588 0.374500
vt 0.891882 0.434795
vt 0.831588 0.434795
vt 0.891882 0.495090
vt 0.831588 0.495090
vt 0.771293 0.374500
vt 0.771293 0.434795
vt 0.952177 0.374500
vt 0.952177 0.434795
vn -1.0000 0.0000 0.0000
vn 0.0000 0.0000 -1.0000
vn 1.0000 0.0000 0.0000
vn 0.0000 0.0000 1.0000
vn 0.0000 -1.0000 0.0000
vn 0.0000 1.0000 0.0000
usemtl stone_2
s off
f 671/1043/312 672/1044/312 674/1045/312 673/1046/312
f 673/1046/313 674/1045/313 678/1047/313 677/1048/313
f 677/1048/314 678/1047/314 676/1049/314 675/1050/314
f 675/1050/315 676/1049/315 672/1051/315 671/1052/315
f 673/1053/316 677/1048/316 675/1050/316 671/1054/316
f 678/1047/317 674/1055/317 672/1056/317 676/1049/317
o Cube.002
v -1.667743 -0.135587 1.390406
v -1.667743 0.174404 1.390406
v -1.667743 -0.135587 1.080415
v -1.667743 0.174404 1.080415
v -1.357752 -0.135587 1.390406
v -1.357752 0.174404 1.390406
v -1.357752 -0.135587 1.080415
v -1.357752 0.174404 1.080415
vt 0.840311 0.753893
vt 0.900384 0.753893
vt 0.900384 0.813966
vt 0.840311 0.813966
vt 0.900384 0.874039
vt 0.840311 0.874039
vt 0.900384 0.934112
vt 0.840311 0.934112
vt 0.900384 0.994185
vt 0.840311 0.994185
vt 0.780239 0.874039
vt 0.780239 0.934112
vt 0.960457 0.874039
vt 0.960457 0.934112
vn -1.0000 0.0000 0.0000
vn 0.0000 0.0000 -1.0000
vn 1.0000 0.0000 0.0000
vn 0.0000 0.0000 1.0000
vn 0.0000 -1.0000 0.0000
vn 0.0000 1.0000 0.0000
usemtl stone_2
s off
f 679/1057/318 680/1058/318 682/1059/318 681/1060/318
f 681/1060/319 682/1059/319 686/1061/319 685/1062/319
f 685/1062/320 686/1061/320 684/1063/320 683/1064/320
f 683/1064/321 684/1063/321 680/1065/321 679/1066/321
f 681/1067/322 685/1062/322 683/1064/322 679/1068/322
f 686/1061/323 682/1069/323 680/1070/323 684/1063/323
o Cube.003
v -1.667743 -0.135587 0.891896
v -1.667743 0.174404 0.891896
v -1.667743 -0.135587 0.581905
v -1.667743 0.174404 0.581905
v -1.357752 -0.135587 0.891896
v -1.357752 0.174404 0.891896
v -1.357752 -0.135587 0.581905
v -1.357752 0.174404 0.581905
vt 0.844430 0.750194
vt 0.906616 0.750194
vt 0.906616 0.812380
vt 0.844430 0.812380
vt 0.906616 0.874566
vt 0.844430 0.874566
vt 0.906616 0.936752
vt 0.844430 0.936752
vt 0.906616 0.998938
vt 0.844430 0.998938
vt 0.782244 0.874566
vt 0.782244 0.936752
vt 0.968802 0.874566
vt 0.968802 0.936752
vn -1.0000 0.0000 0.0000
vn 0.0000 0.0000 -1.0000
vn 1.0000 0.0000 0.0000
vn 0.0000 0.0000 1.0000
vn 0.0000 -1.0000 0.0000
vn 0.0000 1.0000 0.0000
usemtl stone_2
s off
f 687/1071/324 688/1072/324 690/1073/324 689/1074/324
f 689/1074/325 690/1073/325 694/1075/325 693/1076/325
f 693/1076/326 694/1075/326 692/1077/326 691/1078/326
f 691/1078/327 692/1077/327 688/1079/327 687/1080/327
f 689/1081/328 693/1076/328 691/1078/328 687/1082/328
f 694/1075/329 690/1083/329 688/1084/329 692/1077/329
o Cube.004
v -1.567433 -0.135587 -0.375657
v -1.567433 0.174404 -0.375657
v -1.567433 -0.135587 -0.685648
v -1.567433 0.174404 -0.685648
v -1.257442 -0.135587 -0.375657
v -1.257442 0.174404 -0.375657
v -1.257442 -0.135587 -0.685648
v -1.257442 0.174404 -0.685648
vt 0.844430 0.750194
vt 0.906616 0.750194
vt 0.906616 0.812380
vt 0.844430 0.812380
vt 0.906616 0.874566
vt 0.844430 0.874566
vt 0.906616 0.936752
vt 0.844430 0.936752
vt 0.906616 0.998938
vt 0.844430 0.998938
vt 0.782244 0.874566
vt 0.782244 0.936752
vt 0.968802 0.874566
vt 0.968802 0.936752
vn -1.0000 0.0000 0.0000
vn 0.0000 0.0000 -1.0000
vn 1.0000 0.0000 0.0000
vn 0.0000 0.0000 1.0000
vn 0.0000 -1.0000 0.0000
vn 0.0000 1.0000 0.0000
usemtl stone_2
s off
f 695/1085/330 696/1086/330 698/1087/330 697/1088/330
f 697/1088/331 698/1087/331 702/1089/331 701/1090/331
f 701/1090/332 702/1089/332 700/1091/332 699/1092/332
f 699/1092/333 700/1091/333 696/1093/333 695/1094/333
f 697/1095/334 701/1090/334 699/1092/334 695/1096/334
f 702/1089/335 698/1097/335 696/1098/335 700/1091/335
o Cube.005
v -1.670782 -0.135587 -0.986636
v -1.670782 0.174404 -0.986636
v -1.670782 -0.135587 -1.296627
v -1.670782 0.174404 -1.296627
v -1.360791 -0.135587 -0.986636
v -1.360791 0.174404 -0.986636
v -1.360791 -0.135587 -1.296627
v -1.360791 0.174404 -1.296627
vt 0.844430 0.750194
vt 0.906616 0.750194
vt 0.906616 0.812380
vt 0.844430 0.812380
vt 0.906616 0.874566
vt 0.844430 0.874566
vt 0.906616 0.936752
vt 0.844430 0.936752
vt 0.906616 0.998938
vt 0.844430 0.998938
vt 0.782244 0.874566
vt 0.782244 0.936752
vt 0.968802 0.874566
vt 0.968802 0.936752
vn -1.0000 0.0000 0.0000
vn 0.0000 0.0000 -1.0000
vn 1.0000 0.0000 0.0000
vn 0.0000 0.0000 1.0000
vn 0.0000 -1.0000 0.0000
vn 0.0000 1.0000 0.0000
usemtl stone_2
s off
f 703/1099/336 704/1100/336 706/1101/336 705/1102/336
f 705/1102/337 706/1101/337 710/1103/337 709/1104/337
f 709/1104/338 710/1103/338 708/1105/338 707/1106/338
f 707/1106/339 708/1105/339 704/1107/339 703/1108/339
f 705/1109/340 709/1104/340 707/1106/340 703/1110/340
f 710/1103/341 706/1111/341 704/1112/341 708/1105/341
o Cube.006
v 1.526977 -0.135587 -0.980557
v 1.526977 0.174404 -0.980557
v 1.526977 -0.135587 -1.290548
v 1.526977 0.174404 -1.290548
v 1.836968 -0.135587 -0.980557
v 1.836968 0.174404 -0.980557
v 1.836968 -0.135587 -1.290548
v 1.836968 0.174404 -1.290548
vt 0.844430 0.750194
vt 0.906616 0.750194
vt 0.906616 0.812380
vt 0.844430 0.812380
vt 0.906616 0.874566
vt 0.844430 0.874566
vt 0.906616 0.936752
vt 0.844430 0.936752
vt 0.906616 0.998938
vt 0.844430 0.998938
vt 0.782244 0.874566
vt 0.782244 0.936752
vt 0.968802 0.874566
vt 0.968802 0.936752
vn -1.0000 0.0000 0.0000
vn 0.0000 0.0000 -1.0000
vn 1.0000 0.0000 0.0000
vn 0.0000 0.0000 1.0000
vn 0.0000 -1.0000 0.0000
vn 0.0000 1.0000 0.0000
usemtl stone_2
s off
f 711/1113/342 712/1114/342 714/1115/342 713/1116/342
f 713/1116/343 714/1115/343 718/1117/343 717/1118/343
f 717/1118/344 718/1117/344 716/1119/344 715/1120/344
f 715/1120/345 716/1119/345 712/1121/345 711/1122/345
f 713/1123/346 717/1118/346 715/1120/346 711/1124/346
f 718/1117/347 714/1125/347 712/1126/347 716/1119/347
o Cube.007_Cube.006
v 1.526977 -0.135587 -0.427332
v 1.526977 0.174404 -0.427332
v 1.526977 -0.135587 -0.737323
v 1.526977 0.174404 -0.737323
v 1.836968 -0.135587 -0.427332
v 1.836968 0.174404 -0.427332
v 1.836968 -0.135587 -0.737323
v 1.836968 0.174404 -0.737323
vt 0.844430 0.750194
vt 0.906616 0.750194
vt 0.906616 0.812380
vt 0.844430 0.812380
vt 0.906616 0.874566
vt 0.844430 0.874566
vt 0.906616 0.936752
vt 0.844430 0.936752
vt 0.906616 0.998938
vt 0.844430 0.998938
vt 0.782244 0.874566
vt 0.782244 0.936752
vt 0.968802 0.874566
vt 0.968802 0.936752
vn -1.0000 0.0000 0.0000
vn 0.0000 0.0000 -1.0000
vn 1.0000 0.0000 0.0000
vn 0.0000 0.0000 1.0000
vn 0.0000 -1.0000 0.0000
vn 0.0000 1.0000 0.0000
usemtl stone_2
s off
f 719/1127/348 720/1128/348 722/1129/348 721/1130/348
f 721/1130/349 722/1129/349 726/1131/349 725/1132/349
f 725/1132/350 726/1131/350 724/1133/350 723/1134/350
f 723/1134/351 724/1133/351 720/1135/351 719/1136/351
f 721/1137/352 725/1132/352 723/1134/352 719/1138/352
f 726/1131/353 722/1139/353 720/1140/353 724/1133/353
o Cube.008_Cube.006
v 1.578652 -0.135587 0.055979
v 1.578652 0.174404 0.055979
v 1.578652 -0.135587 -0.254012
v 1.578652 0.174404 -0.254012
v 1.888643 -0.135587 0.055979
v 1.888643 0.174404 0.055979
v 1.888643 -0.135587 -0.254012
v 1.888643 0.174404 -0.254012
vt 0.844430 0.750194
vt 0.906616 0.750194
vt 0.906616 0.812380
vt 0.844430 0.812380
vt 0.906616 0.874566
vt 0.844430 0.874566
vt 0.906616 0.936752
vt 0.844430 0.936752
vt 0.906616 0.998938
vt 0.844430 0.998938
vt 0.782244 0.874566
vt 0.782244 0.936752
vt 0.968802 0.874566
vt 0.968802 0.936752
vn -1.0000 0.0000 0.0000
vn 0.0000 0.0000 -1.0000
vn 1.0000 0.0000 0.0000
vn 0.0000 0.0000 1.0000
vn 0.0000 -1.0000 0.0000
vn 0.0000 1.0000 0.0000
usemtl stone_2
s off
f 727/1141/354 728/1142/354 730/1143/354 729/1144/354
f 729/1144/355 730/1143/355 734/1145/355 733/1146/355
f 733/1146/356 734/1145/356 732/1147/356 731/1148/356
f 731/1148/357 732/1147/357 728/1149/357 727/1150/357
f 729/1151/358 733/1146/358 731/1148/358 727/1152/358
f 734/1145/359 730/1153/359 728/1154/359 732/1147/359
o Cube.009_Cube.006
v 1.578652 -0.135587 0.819887
v 1.578652 0.174404 0.819887
v 1.578652 -0.135587 0.509896
v 1.578652 0.174404 0.509896
v 1.888643 -0.135587 0.819887
v 1.888643 0.174404 0.819887
v 1.888643 -0.135587 0.509896
v 1.888643 0.174404 0.509896
vt 0.844430 0.750194
vt 0.906616 0.750194
vt 0.906616 0.812380
vt 0.844430 0.812380
vt 0.906616 0.874566
vt 0.844430 0.874566
vt 0.906616 0.936752
vt 0.844430 0.936752
vt 0.906616 0.998938
vt 0.844430 0.998938
vt 0.782244 0.874566
vt 0.782244 0.936752
vt 0.968802 0.874566
vt 0.968802 0.936752
vn -1.0000 0.0000 0.0000
vn 0.0000 0.0000 -1.0000
vn 1.0000 0.0000 0.0000
vn 0.0000 0.0000 1.0000
vn 0.0000 -1.0000 0.0000
vn 0.0000 1.0000 0.0000
usemtl stone_2
s off
f 735/1155/360 736/1156/360 738/1157/360 737/1158/360
f 737/1158/361 738/1157/361 742/1159/361 741/1160/361
f 741/1160/362 742/1159/362 740/1161/362 739/1162/362
f 739/1162/363 740/1161/363 736/1163/363 735/1164/363
f 737/1165/364 741/1160/364 739/1162/364 735/1166/364
f 742/1159/365 738/1167/365 736/1168/365 740/1161/365
o Plane_Plane.012
v -1.925957 -0.015770 -0.874493
v 1.923253 -0.024302 -0.856107
v -1.923253 0.024302 -1.421938
v 1.925957 0.015770 -1.403552
vt 0.502044 0.255950
vt 0.744050 0.255950
vt 0.744050 0.497956
vt 0.502044 0.497956
vn 0.0019 0.9973 0.0730
usemtl stone_2
s off
f 743/1169/366 744/1170/366 746/1171/366 745/1172/366
o Plane.001_Plane.013
v -1.924632 0.000000 -0.255263
v 1.924632 0.000000 -0.255263
v -1.924632 0.000000 -0.804180
v 1.924632 0.000000 -0.804180
vt 0.502044 0.255950
vt 0.744050 0.255950
vt 0.744050 0.497956
vt 0.502044 0.497956
vn 0.0000 1.0000 0.0000
usemtl stone_2
s off
f 747/1173/367 748/1174/367 750/1175/367 749/1176/367
o Plane.002_Plane.014
v -1.871314 0.060148 0.587369
v 1.943983 0.015237 0.079112
v -1.943983 -0.015237 0.048531
v 1.871314 -0.060148 -0.459726
vt 0.502044 0.255950
vt 0.744050 0.255950
vt 0.744050 0.497956
vt 0.502044 0.497956
vn -0.0067 0.9905 -0.1377
usemtl stone_2
s off
f 751/1177/368 752/1178/368 754/1179/368 753/1180/368
o Plane.003_Plane.015
v -1.819210 0.045653 0.941492
v 0.133271 -0.051671 0.943027
v -1.818479 0.051671 0.392713
v 0.134003 -0.045653 0.394248
vt 0.502044 0.255950
vt 0.744050 0.255950
vt 0.744050 0.497956
vt 0.502044 0.497956
vn 0.0498 0.9987 0.0110
usemtl stone_2
s off
f 755/1181/369 756/1182/369 758/1183/369 757/1184/369
o Plane.004_Plane.016
v -1.932949 0.036675 1.502874
v 1.913006 -0.041412 1.642023
v -1.913006 0.041412 0.954340
v 1.932949 -0.036675 1.093488
vt 0.504163 0.255628
vt 0.745837 0.255628
vt 0.745837 0.497302
vt 0.504163 0.497302
vn 0.0200 0.9998 0.0094
usemtl stone_2
s off
f 759/1185/370 760/1186/370 762/1187/370 761/1188/370
o Plane.005_Plane.017
v 0.227617 0.117495 0.906611
v 2.165306 -0.131539 0.977327
v 0.249428 0.131539 0.358413
v 2.187117 -0.117495 0.429129
vt 0.502044 0.255950
vt 0.744050 0.255950
vt 0.744050 0.497956
vt 0.502044 0.497956
vn 0.1263 0.9915 0.0304
usemtl stone_2
s off
f 763/1189/371 764/1190/371 766/1191/371 765/1192/371
o Cube.010
v 3.123623 -0.184098 -0.364062
v 3.119035 1.345882 -0.778020
v 3.106347 -0.221839 -0.503361
v 3.101759 1.308141 -0.917319
v 3.267944 -0.188206 -0.380848
v 3.263355 1.341773 -0.794805
v 3.250668 -0.225947 -0.520146
v 3.246079 1.304032 -0.934104
vt 0.375000 0.000000
vt 0.625000 0.000000
vt 0.625000 0.250000
vt 0.375000 0.250000
vt 0.625000 0.500000
vt 0.375000 0.500000
vt 0.625000 0.750000
vt 0.375000 0.750000
vt 0.625000 1.000000
vt 0.375000 1.000000
vt 0.125000 0.500000
vt 0.125000 0.750000
vt 0.875000 0.500000
vt 0.875000 0.750000
vn -0.9929 0.0283 0.1155
vn -0.1189 -0.2597 -0.9584
vn 0.9929 -0.0283 -0.1155
vn 0.1189 0.2597 0.9584
vn 0.0029 -0.9653 0.2612
vn -0.0029 0.9653 -0.2612
usemtl stone_2
s off
f 767/1193/372 768/1194/372 770/1195/372 769/1196/372
f 769/1196/373 770/1195/373 774/1197/373 773/1198/373
f 773/1198/374 774/1197/374 772/1199/374 771/1200/374
f 771/1200/375 772/1199/375 768/1201/375 767/1202/375
f 769/1203/376 773/1198/376 771/1200/376 767/1204/376
f 774/1197/377 770/1205/377 768/1206/377 772/1199/377
o Cube.011
v 3.356657 0.852654 -0.349704
v 3.228701 1.759929 -0.564055
v 2.928963 0.723531 -1.192815
v 3.032008 1.596619 -1.453383
v 3.476893 0.834972 -0.377876
v 3.348937 1.742247 -0.592227
v 3.049200 0.705849 -1.220987
v 3.152244 1.578937 -1.481555
v 2.991710 0.783607 -0.736547
v 3.069115 1.638650 -0.942850
v 3.111946 0.765925 -0.764719
v 3.189352 1.620968 -0.971023
vt 0.397163 0.191740
vt 0.397163 0.242016
vt 0.375194 0.242016
vt 0.375194 0.191740
vt 0.375000 0.250000
vt 0.625000 0.250000
vt 0.625000 0.500000
vt 0.375000 0.500000
vt 0.782655 0.866413
vt 0.961439 0.866413
vt 0.961439 0.967074
vt 0.782655 0.967074
vt 0.375000 0.750000
vt 0.625000 0.750000
vt 0.625000 1.000000
vt 0.375000 1.000000
vt 0.125000 0.609242
vt 0.375000 0.609242
vt 0.125000 0.750000
vt 0.625000 0.609242
vt 0.875000 0.609242
vt 0.875000 0.750000
vt 0.875000 0.500000
vt 0.125000 0.500000
vt 0.782655 0.788290
vt 0.961439 0.788290
vt 0.425470 0.191740
vt 0.425470 0.242016
vn -0.9879 0.1271 0.0886
vn -0.2555 -0.2487 -0.9343
vn 0.8324 -0.1060 -0.5439
vn 0.2561 0.2563 0.9321
vn -0.0831 -0.9645 0.2506
vn 0.0618 0.9427 -0.3279
vn 0.1241 0.9881 -0.0904
vn -0.1107 -0.9833 0.1447
vn 0.9879 -0.1271 -0.0886
vn -0.8324 0.1060 0.5439
usemtl stone_2
s off
f 783/1207/378 784/1208/378 778/1209/378 777/1210/378
f 777/1211/379 778/1212/379 782/1213/379 781/1214/379
f 785/1215/380 786/1216/380 780/1217/380 779/1218/380
f 779/1219/381 780/1220/381 776/1221/381 775/1222/381
f 783/1223/382 785/1224/382 779/1219/382 775/1225/382
f 786/1226/383 784/1227/383 776/1228/383 780/1220/383
f 782/1213/384 778/1229/384 784/1227/384 786/1226/384
f 777/1230/385 781/1214/385 785/1224/385 783/1223/385
f 781/1231/386 782/1232/386 786/1216/386 785/1215/386
f 775/1233/387 776/1234/387 784/1208/387 783/1207/387
o type1.001_Plane.018
v 2.658730 -0.076655 0.706440
v 3.097451 -0.143977 0.785528
v 2.927683 -0.076655 -0.785528
v 3.366405 -0.143977 -0.706440
v 2.112710 -0.000000 0.758008
v 2.563558 -0.000000 0.758008
v 2.112710 -0.000000 -0.758008
v 2.563558 -0.000000 -0.758008
v 1.815361 -0.000000 0.649994
v 1.815361 -0.000000 0.358504
v 3.316544 -0.219737 0.649994
v 3.316544 -0.219737 0.358504
v 1.815360 0.000000 -0.270260
v 1.815361 0.000000 -0.561751
v 3.316544 -0.219737 -0.270260
v 3.316544 -0.219737 -0.561751
vt 0.503834 0.502739
vt 0.747166 0.502739
vt 0.747166 0.746071
vt 0.503834 0.746071
vt 0.503834 0.502739
vt 0.747166 0.502739
vt 0.747166 0.746071
vt 0.503834 0.746071
vt 0.503834 0.502739
vt 0.626648 0.502739
vt 0.626648 0.746071
vt 0.503834 0.746071
vt 0.503834 0.502739
vt 0.626648 0.502739
vt 0.626648 0.746071
vt 0.503834 0.746071
vn 0.1470 0.9888 0.0265
vn 0.0000 1.0000 0.0000
vn 0.1448 0.9895 -0.0000
usemtl stone_2
s off
f 787/1235/388 788/1236/388 790/1237/388 789/1238/388
f 791/1239/389 792/1240/389 794/1241/389 793/1242/389
f 795/1243/390 797/1244/390 798/1245/390 796/1246/390
f 799/1247/390 801/1248/390 802/1249/390 800/1250/390
o Cube.012_Cube.013
v 5.109446 -0.440449 -1.083642
v 5.109446 -0.109114 -1.083642
v 5.109446 -0.440449 -3.083642
v 5.109446 -0.109114 -3.083642
v 10.471222 -0.440449 -1.083642
v 10.471222 -0.109114 -1.083642
v 10.471222 -0.440449 -3.083642
v 10.471222 -0.109114 -3.083642
vt 0.829427 0.500040
vt 0.889865 0.500040
vt 0.889865 0.560477
vt 0.829427 0.560477
vt 0.889865 0.620915
vt 0.829427 0.620915
vt 0.889865 0.681353
vt 0.829427 0.681353
vt 0.889865 0.741791
vt 0.829427 0.741791
vt 0.768989 0.620915
vt 0.768989 0.681353
vt 0.950302 0.620915
vt 0.950302 0.681353
vn -1.0000 0.0000 0.0000
vn 0.0000 0.0000 -1.0000
vn 1.0000 0.0000 0.0000
vn 0.0000 0.0000 1.0000
vn 0.0000 -1.0000 0.0000
vn 0.0000 1.0000 0.0000
usemtl stone_2
s off
f 803/1251/391 804/1252/391 806/1253/391 805/1254/391
f 805/1254/392 806/1253/392 810/1255/392 809/1256/392
f 809/1256/393 810/1255/393 808/1257/393 807/1258/393
f 807/1258/394 808/1257/394 804/1259/394 803/1260/394
f 805/1261/395 809/1256/395 807/1258/395 803/1262/395
f 810/1255/396 806/1263/396 804/1264/396 808/1257/396
o Cube.013
v 4.729114 -0.346152 2.636918
v 4.729114 -0.014817 2.636918
v 4.992100 -0.346152 0.654284
v 4.992100 -0.014817 0.654284
v 10.044333 -0.346152 3.341954
v 10.044333 -0.014817 3.341954
v 10.307320 -0.346152 1.359320
v 10.307320 -0.014817 1.359320
vt 0.829427 0.500040
vt 0.889865 0.500040
vt 0.889865 0.560477
vt 0.829427 0.560477
vt 0.889865 0.620915
vt 0.829427 0.620915
vt 0.889865 0.681353
vt 0.829427 0.681353
vt 0.889865 0.741791
vt 0.829427 0.741791
vt 0.768989 0.620915
vt 0.768989 0.681353
vt 0.950302 0.620915
vt 0.950302 0.681353
vn -0.9913 0.0000 -0.1315
vn 0.1315 0.0000 -0.9913
vn 0.9913 0.0000 0.1315
vn -0.1315 0.0000 0.9913
vn 0.0000 -1.0000 -0.0000
vn 0.0000 1.0000 0.0000
usemtl stone_2
s off
f 811/1265/397 812/1266/397 814/1267/397 813/1268/397
f 813/1268/398 814/1267/398 818/1269/398 817/1270/398
f 817/1270/399 818/1269/399 816/1271/399 815/1272/399
f 815/1272/400 816/1271/400 812/1273/400 811/1274/400
f 813/1275/401 817/1270/401 815/1272/401 811/1276/401
f 818/1269/402 814/1277/402 812/1278/402 816/1271/402
o Plane.006_Plane.021
v 11.075704 0.000000 5.352031
v 21.053307 0.000000 5.352031
v 11.075704 0.000000 -5.352031
v 21.053307 0.000000 -5.352031
vt 0.375568 0.242556
vt 0.382604 0.242556
vt 0.382604 0.249593
vt 0.375568 0.249593
vn 0.0000 1.0000 0.0000
usemtl stone_2
s off
f 819/1279/403 820/1280/403 822/1281/403 821/1282/403
o type1.002_Plane.020
v 8.461656 -0.076655 0.706440
v 8.900377 -0.143977 0.785528
v 8.730608 -0.076655 -0.785528
v 9.169330 -0.143977 -0.706440
v 7.915636 -0.000000 0.758008
v 8.366484 -0.000000 0.758008
v 7.915636 -0.000000 -0.758008
v 8.366484 -0.000000 -0.758008
v 9.279234 -0.141203 0.758008
v 9.725830 -0.079429 0.758008
v 9.279234 -0.141203 -0.758008
v 9.725830 -0.079429 -0.758008
v 9.947521 -0.000000 0.746520
v 10.397866 -0.000000 0.767806
v 10.019095 -0.000000 -0.767805
v 10.469440 -0.000000 -0.746520
v 7.618286 -0.000000 0.649994
v 10.592586 -0.000000 0.649994
v 7.618286 -0.000000 0.358504
v 10.592586 -0.000000 0.358504
v 9.119470 -0.219737 0.649994
v 9.119470 -0.219737 0.358504
v 7.618286 0.000000 -0.270260
v 10.592586 -0.000000 -0.270260
v 7.618286 0.000000 -0.561751
v 10.592586 -0.000000 -0.561750
v 9.119470 -0.219737 -0.270260
v 9.119470 -0.219737 -0.561751
vt 0.506180 0.504949
vt 0.747281 0.504949
vt 0.747281 0.746051
vt 0.506180 0.746051
vt 0.627868 0.504949
vt 0.747281 0.504949
vt 0.747281 0.746051
vt 0.627868 0.746051
vt 0.506180 0.504949
vt 0.627868 0.504949
vt 0.627868 0.746051
vt 0.506180 0.746051
vt 0.627868 0.504949
vt 0.747281 0.504949
vt 0.747281 0.746051
vt 0.627868 0.746051
vt 0.506180 0.504949
vt 0.627868 0.504949
vt 0.627868 0.746051
vt 0.506180 0.746051
vt 0.506180 0.504949
vt 0.747281 0.504949
vt 0.747281 0.746051
vt 0.506180 0.746051
vt 0.506180 0.504949
vt 0.747281 0.504949
vt 0.747281 0.746051
vt 0.506180 0.746051
vt 0.506180 0.504949
vt 0.747281 0.504949
vt 0.747281 0.746051
vt 0.506180 0.746051
vn 0.1470 0.9888 0.0265
vn 0.0000 1.0000 0.0000
vn -0.1370 0.9906 0.0000
vn -0.1475 0.9891 -0.0000
vn 0.1448 0.9895 -0.0000
usemtl stone_2
s off
f 823/1283/404 824/1284/404 826/1285/404 825/1286/404
f 827/1287/405 828/1288/405 830/1289/405 829/1290/405
f 831/1291/406 832/1292/406 834/1293/406 833/1294/406
f 835/1295/405 836/1296/405 838/1297/405 837/1298/405
f 843/1299/407 840/1300/407 842/1301/407 844/1302/407
f 839/1303/408 843/1304/408 844/1305/408 841/1306/408
f 849/1307/407 846/1308/407 848/1309/407 850/1310/407
f 845/1311/408 849/1312/408 850/1313/408 847/1314/408
o type2.001_Plane.019
v 6.262898 -0.141203 0.758008
v 6.709493 -0.079429 0.758008
v 6.262898 -0.141203 -0.758008
v 6.709493 -0.079429 -0.758008
v 4.601950 0.000000 -0.270260
v 7.576249 0.000000 -0.270260
v 4.601950 0.000000 -0.561750
v 7.576249 0.000000 -0.561750
v 6.103133 -0.219737 -0.270260
v 6.103133 -0.219737 -0.561750
v 4.601950 0.000000 0.649994
v 7.576249 0.000000 0.649994
v 4.601950 0.000000 0.358504
v 7.576249 0.000000 0.358504
v 6.103133 -0.219737 0.649994
v 6.103133 -0.219737 0.358504
v 6.966721 0.000000 0.758008
v 7.417568 0.000000 0.758008
v 6.966721 0.000000 -0.758008
v 7.417568 0.000000 -0.758008
v 5.458649 -0.160263 0.712006
v 5.892404 -0.060369 0.783711
v 5.705910 -0.160263 -0.783711
v 6.139664 -0.060369 -0.712006
v 5.016579 0.000000 0.783388
v 5.462237 0.000000 0.715176
v 4.787210 0.000000 -0.715176
v 5.232867 0.000000 -0.783388
vt 0.506180 0.504949
vt 0.747281 0.504949
vt 0.747281 0.746051
vt 0.506180 0.746051
vt 0.627868 0.504949
vt 0.747281 0.504949
vt 0.747281 0.746051
vt 0.627868 0.746051
vt 0.506180 0.504949
vt 0.506180 0.746051
vt 0.627868 0.504949
vt 0.747281 0.504949
vt 0.747281 0.746051
vt 0.627868 0.746051
vt 0.506180 0.504949
vt 0.506180 0.746051
vt 0.506180 0.504949
vt 0.747281 0.504949
vt 0.747281 0.746051
vt 0.506180 0.746051
vt 0.506180 0.504949
vt 0.747281 0.504949
vt 0.747281 0.746051
vt 0.506180 0.746051
vt 0.506180 0.504949
vt 0.747281 0.504949
vt 0.747281 0.746051
vt 0.506180 0.746051
vn -0.1370 0.9906 0.0000
vn -0.1475 0.9891 0.0000
vn 0.1448 0.9895 0.0000
vn -0.0000 1.0000 0.0000
vn -0.2186 0.9751 -0.0361
usemtl stone_2
s off
f 851/1315/409 852/1316/409 854/1317/409 853/1318/409
f 859/1319/410 856/1320/410 858/1321/410 860/1322/410
f 855/1323/411 859/1319/411 860/1322/411 857/1324/411
f 865/1325/410 862/1326/410 864/1327/410 866/1328/410
f 861/1329/411 865/1325/411 866/1328/411 863/1330/411
f 867/1331/412 868/1332/412 870/1333/412 869/1334/412
f 871/1335/413 872/1336/413 874/1337/413 873/1338/413
f 875/1339/412 876/1340/412 878/1341/412 877/1342/412
o Plane.007_Plane.022
v 11.767488 0.094588 4.609879
v 20.361521 0.094588 4.609879
v 11.767488 0.094588 -4.609879
v 20.361521 0.094588 -4.609879
vt 0.277899 0.784813
vt 0.477170 0.784813
vt 0.477170 0.984084
vt 0.277899 0.984084
vn 0.0000 1.0000 0.0000
usemtl stone_2
s off
f 879/1343/414 880/1344/414 882/1345/414 881/1346/414
o type2.002_Plane.023
v 23.977980 -0.159017 0.758008
v 24.682161 -0.061615 0.758008
v 23.977980 -0.159017 -0.758008
v 24.682161 -0.061615 -0.758008
v 21.387367 -0.141169 -0.270260
v 26.045750 0.085965 -0.270260
v 21.387367 -0.141169 -0.561750
v 26.045750 0.085965 -0.561750
v 23.721758 -0.251690 -0.270260
v 23.721758 -0.251690 -0.561750
v 21.387367 -0.141169 0.649994
v 26.045750 0.085965 0.649994
v 21.387367 -0.141169 0.358504
v 26.045750 0.085965 0.358504
v 23.721758 -0.251690 0.649994
v 23.721758 -0.251690 0.358504
v 25.091099 0.039418 0.758008
v 25.797222 0.073848 0.758008
v 25.091099 0.039418 -0.758008
v 25.797222 0.073848 -0.758008
v 22.716900 -0.239965 0.712006
v 23.403881 -0.104482 0.783711
v 23.104164 -0.221083 -0.783711
v 23.791143 -0.085599 -0.712006
v 22.036764 -0.109506 0.783388
v 22.734758 -0.075473 0.715176
v 21.677523 -0.127021 -0.715176
v 22.375517 -0.092989 -0.783388
vt 0.506180 0.504949
vt 0.747281 0.504949
vt 0.747281 0.746051
vt 0.506180 0.746051
vt 0.627868 0.504949
vt 0.747281 0.504949
vt 0.747281 0.746051
vt 0.627868 0.746051
vt 0.506180 0.504949
vt 0.506180 0.746051
vt 0.627868 0.504949
vt 0.747281 0.504949
vt 0.747281 0.746051
vt 0.627868 0.746051
vt 0.506180 0.504949
vt 0.506180 0.746051
vt 0.506180 0.504949
vt 0.747281 0.504949
vt 0.747281 0.746051
vt 0.506180 0.746051
vt 0.506180 0.504949
vt 0.747281 0.504949
vt 0.747281 0.746051
vt 0.506180 0.746051
vt 0.506180 0.504949
vt 0.747281 0.504949
vt 0.747281 0.746051
vt 0.506180 0.746051
vn -0.1370 0.9906 0.0000
vn -0.1438 0.9896 0.0000
vn 0.0473 0.9989 0.0000
vn -0.0487 0.9988 0.0000
vn -0.1897 0.9812 -0.0367
usemtl stone_2
s off
f 883/1347/415 884/1348/415 886/1349/415 885/1350/415
f 891/1351/416 888/1352/416 890/1353/416 892/1354/416
f 887/1355/417 891/1351/417 892/1354/417 889/1356/417
f 897/1357/416 894/1358/416 896/1359/416 898/1360/416
f 893/1361/417 897/1357/417 898/1360/417 895/1362/417
f 899/1363/418 900/1364/418 902/1365/418 901/1366/418
f 903/1367/419 904/1368/419 906/1369/419 905/1370/419
f 907/1371/418 908/1372/418 910/1373/418 909/1374/418
o Cube.021_Cube.018
v 5.447211 -0.392185 -2.537130
v 5.447211 4.608057 -2.537130
v 5.447211 -0.392185 -2.650978
v 5.447211 4.608057 -2.650978
v 5.561059 -0.392185 -2.537130
v 5.561059 4.608057 -2.537130
v 5.561059 -0.392185 -2.650978
v 5.561059 4.608057 -2.650978
vt 0.335791 0.749962
vt 0.398445 0.749962
vt 0.398445 0.812616
vt 0.335791 0.812616
vt 0.398445 0.875269
vt 0.335791 0.875269
vt 0.398445 0.937923
vt 0.335791 0.937923
vt 0.398445 1.000577
vt 0.335791 1.000577
vt 0.273137 0.875269
vt 0.273137 0.937923
vt 0.461098 0.875269
vt 0.461098 0.937923
vn -1.0000 0.0000 0.0000
vn 0.0000 0.0000 -1.0000
vn 1.0000 0.0000 0.0000
vn 0.0000 0.0000 1.0000
vn 0.0000 -1.0000 0.0000
vn 0.0000 1.0000 0.0000
usemtl stone_2
s off
f 911/1375/420 912/1376/420 914/1377/420 913/1378/420
f 913/1378/421 914/1377/421 918/1379/421 917/1380/421
f 917/1380/422 918/1379/422 916/1381/422 915/1382/422
f 915/1382/423 916/1381/423 912/1383/423 911/1384/423
f 913/1385/424 917/1380/424 915/1382/424 911/1386/424
f 918/1379/425 914/1387/425 912/1388/425 916/1381/425
o Cube.022_Cube.018
v 9.674071 -0.392185 -1.496875
v 9.674071 4.608057 -1.496875
v 9.674071 -0.392185 -1.610723
v 9.674071 4.608057 -1.610723
v 9.787919 -0.392185 -1.496875
v 9.787919 4.608057 -1.496875
v 9.787919 -0.392185 -1.610723
v 9.787919 4.608057 -1.610723
vt 0.335791 0.749962
vt 0.398445 0.749962
vt 0.398445 0.812616
vt 0.335791 0.812616
vt 0.398445 0.875269
vt 0.335791 0.875269
vt 0.398445 0.937923
vt 0.335791 0.937923
vt 0.398445 1.000577
vt 0.335791 1.000577
vt 0.273137 0.875269
vt 0.273137 0.937923
vt 0.461098 0.875269
vt 0.461098 0.937923
vn -1.0000 0.0000 0.0000
vn 0.0000 0.0000 -1.0000
vn 1.0000 0.0000 0.0000
vn 0.0000 0.0000 1.0000
vn 0.0000 -1.0000 0.0000
vn 0.0000 1.0000 0.0000
usemtl stone_2
s off
f 919/1389/426 920/1390/426 922/1391/426 921/1392/426
f 921/1392/427 922/1391/427 926/1393/427 925/1394/427
f 925/1394/428 926/1393/428 924/1395/428 923/1396/428
f 923/1396/429 924/1395/429 920/1397/429 919/1398/429
f 921/1399/430 925/1394/430 923/1396/430 919/1400/430
f 926/1393/431 922/1401/431 920/1402/431 924/1395/431
o Cube.023_Cube.018
v 9.845253 -0.392185 1.663394
v 9.845253 4.608057 1.663394
v 9.845253 -0.392185 1.549546
v 9.845253 4.608057 1.549546
v 9.959101 -0.392185 1.663394
v 9.959101 4.608057 1.663394
v 9.959101 -0.392185 1.549546
v 9.959101 4.608057 1.549546
vt 0.335791 0.749962
vt 0.398445 0.749962
vt 0.398445 0.812616
vt 0.335791 0.812616
vt 0.398445 0.875269
vt 0.335791 0.875269
vt 0.398445 0.937923
vt 0.335791 0.937923
vt 0.398445 1.000577
vt 0.335791 1.000577
vt 0.273137 0.875269
vt 0.273137 0.937923
vt 0.461098 0.875269
vt 0.461098 0.937923
vn -1.0000 0.0000 0.0000
vn 0.0000 0.0000 -1.0000
vn 1.0000 0.0000 0.0000
vn 0.0000 0.0000 1.0000
vn 0.0000 -1.0000 0.0000
vn 0.0000 1.0000 0.0000
usemtl stone_2
s off
f 927/1403/432 928/1404/432 930/1405/432 929/1406/432
f 929/1406/433 930/1405/433 934/1407/433 933/1408/433
f 933/1408/434 934/1407/434 932/1409/434 931/1410/434
f 931/1410/435 932/1409/435 928/1411/435 927/1412/435
f 929/1413/436 933/1408/436 931/1410/436 927/1414/436
f 934/1407/437 930/1415/437 928/1416/437 932/1409/437
o Cube.024_Cube.018
v 5.039011 -0.392185 2.413958
v 5.039011 4.608057 2.413958
v 5.039011 -0.392185 2.300110
v 5.039011 4.608057 2.300110
v 5.152858 -0.392185 2.413958
v 5.152858 4.608057 2.413958
v 5.152858 -0.392185 2.300110
v 5.152858 4.608057 2.300110
vt 0.335791 0.749962
vt 0.398445 0.749962
vt 0.398445 0.812616
vt 0.335791 0.812616
vt 0.398445 0.875269
vt 0.335791 0.875269
vt 0.398445 0.937923
vt 0.335791 0.937923
vt 0.398445 1.000577
vt 0.335791 1.000577
vt 0.273137 0.875269
vt 0.273137 0.937923
vt 0.461098 0.875269
vt 0.461098 0.937923
vn -1.0000 0.0000 0.0000
vn 0.0000 0.0000 -1.0000
vn 1.0000 0.0000 0.0000
vn 0.0000 0.0000 1.0000
vn 0.0000 -1.0000 0.0000
vn 0.0000 1.0000 0.0000
usemtl stone_2
s off
f 935/1417/438 936/1418/438 938/1419/438 937/1420/438
f 937/1420/439 938/1419/439 942/1421/439 941/1422/439
f 941/1422/440 942/1421/440 940/1423/440 939/1424/440
f 939/1424/441 940/1423/441 936/1425/441 935/1426/441
f 937/1427/442 941/1422/442 939/1424/442 935/1428/442
f 942/1421/443 938/1429/443 936/1430/443 940/1423/443
o Cube.020_Cube.016
v 13.088326 -0.130701 4.293538
v 13.088326 6.177703 4.293538
v 13.088326 -0.130701 0.863504
v 13.088326 6.177703 0.863504
v 15.088326 -0.130701 4.293538
v 15.088326 6.177703 4.293538
v 15.088326 -0.130701 0.863504
v 15.088326 6.177703 0.863504
vt 0.612727 0.253706
vt 0.674060 0.253706
vt 0.674060 0.315039
vt 0.612727 0.315039
vt 0.674060 0.376372
vt 0.612727 0.376372
vt 0.674060 0.437705
vt 0.612727 0.437705
vt 0.674060 0.499038
vt 0.612727 0.499038
vt 0.551394 0.376372
vt 0.551394 0.437705
vt 0.735393 0.376372
vt 0.735393 0.437705
vn -1.0000 0.0000 0.0000
vn 0.0000 0.0000 -1.0000
vn 1.0000 0.0000 0.0000
vn 0.0000 0.0000 1.0000
vn 0.0000 -1.0000 0.0000
vn 0.0000 1.0000 0.0000
usemtl stone_2
s off
f 943/1431/444 944/1432/444 946/1433/444 945/1434/444
f 945/1434/445 946/1433/445 950/1435/445 949/1436/445
f 949/1436/446 950/1435/446 948/1437/446 947/1438/446
f 947/1438/447 948/1437/447 944/1439/447 943/1440/447
f 945/1441/448 949/1436/448 947/1438/448 943/1442/448
f 950/1435/449 946/1443/449 944/1444/449 948/1437/449
o type2.003_Plane.024
v 29.727554 -0.159017 0.758008
v 30.431736 -0.061615 0.758008
v 29.727554 -0.159017 -0.758008
v 30.431736 -0.061615 -0.758008
v 27.136942 -0.141169 -0.270260
v 31.795324 0.085965 -0.270260
v 27.136942 -0.141169 -0.561750
v 31.795324 0.085965 -0.561750
v 29.471333 -0.251690 -0.270260
v 29.471333 -0.251690 -0.561750
v 27.136942 -0.141169 0.649994
v 31.795324 0.085965 0.649994
v 27.136942 -0.141169 0.358504
v 31.795324 0.085965 0.358504
v 29.471333 -0.251690 0.649994
v 29.471333 -0.251690 0.358504
v 30.840673 0.039418 0.758008
v 31.546797 0.073848 0.758008
v 30.840673 0.039418 -0.758008
v 31.546797 0.073848 -0.758008
v 28.466475 -0.239965 0.712006
v 29.153456 -0.104482 0.783711
v 28.853737 -0.221083 -0.783711
v 29.540718 -0.085599 -0.712006
v 27.786339 -0.109506 0.783388
v 28.484333 -0.075473 0.715176
v 27.427097 -0.127021 -0.715176
v 28.125092 -0.092989 -0.783388
vt 0.506180 0.504949
vt 0.747281 0.504949
vt 0.747281 0.746051
vt 0.506180 0.746051
vt 0.627868 0.504949
vt 0.747281 0.504949
vt 0.747281 0.746051
vt 0.627868 0.746051
vt 0.506180 0.504949
vt 0.506180 0.746051
vt 0.627868 0.504949
vt 0.747281 0.504949
vt 0.747281 0.746051
vt 0.627868 0.746051
vt 0.506180 0.504949
vt 0.506180 0.746051
vt 0.506180 0.504949
vt 0.747281 0.504949
vt 0.747281 0.746051
vt 0.506180 0.746051
vt 0.506180 0.504949
vt 0.747281 0.504949
vt 0.747281 0.746051
vt 0.506180 0.746051
vt 0.506180 0.504949
vt 0.747281 0.504949
vt 0.747281 0.746051
vt 0.506180 0.746051
vn -0.1370 0.9906 0.0000
vn -0.1438 0.9896 0.0000
vn 0.0473 0.9989 0.0000
vn -0.0487 0.9988 0.0000
vn -0.1897 0.9812 -0.0367
usemtl stone_2
s off
f 951/1445/450 952/1446/450 954/1447/450 953/1448/450
f 959/1449/451 956/1450/451 958/1451/451 960/1452/451
f 955/1453/452 959/1449/452 960/1452/452 957/1454/452
f 965/1455/451 962/1456/451 964/1457/451 966/1458/451
f 961/1459/452 965/1455/452 966/1458/452 963/1460/452
f 967/1461/453 968/1462/453 970/1463/453 969/1464/453
f 971/1465/454 972/1466/454 974/1467/454 973/1468/454
f 975/1469/453 976/1470/453 978/1471/453 977/1472/453
o type2.004_Plane.025
v 47.474392 -0.141203 0.758008
v 47.920986 -0.079429 0.758008
v 47.474392 -0.141203 -0.758008
v 47.920986 -0.079429 -0.758008
v 45.813442 0.000000 -0.270260
v 48.787743 0.000000 -0.270260
v 45.813442 0.000000 -0.561750
v 48.787743 0.000000 -0.561750
v 47.314625 -0.219737 -0.270260
v 47.314625 -0.219737 -0.561750
v 45.813442 0.000000 0.649994
v 48.787743 0.000000 0.649994
v 45.813442 0.000000 0.358504
v 48.787743 0.000000 0.358504
v 47.314625 -0.219737 0.649994
v 47.314625 -0.219737 0.358504
v 48.178215 0.000000 0.758008
v 48.629063 0.000000 0.758008
v 48.178215 0.000000 -0.758008
v 48.629063 0.000000 -0.758008
v 46.670143 -0.160263 0.712006
v 47.103897 -0.060369 0.783711
v 46.917404 -0.160263 -0.783711
v 47.351158 -0.060369 -0.712006
v 46.228073 0.000000 0.783388
v 46.673729 0.000000 0.715176
v 45.998703 0.000000 -0.715176
v 46.444359 0.000000 -0.783388
vt 0.506180 0.504949
vt 0.747281 0.504949
vt 0.747281 0.746051
vt 0.506180 0.746051
vt 0.627868 0.504949
vt 0.747281 0.504949
vt 0.747281 0.746051
vt 0.627868 0.746051
vt 0.506180 0.504949
vt 0.506180 0.746051
vt 0.627868 0.504949
vt 0.747281 0.504949
vt 0.747281 0.746051
vt 0.627868 0.746051
vt 0.506180 0.504949
vt 0.506180 0.746051
vt 0.506180 0.504949
vt 0.747281 0.504949
vt 0.747281 0.746051
vt 0.506180 0.746051
vt 0.506180 0.504949
vt 0.747281 0.504949
vt 0.747281 0.746051
vt 0.506180 0.746051
vt 0.506180 0.504949
vt 0.747281 0.504949
vt 0.747281 0.746051
vt 0.506180 0.746051
vn -0.1370 0.9906 0.0000
vn -0.1475 0.9891 0.0000
vn 0.1448 0.9895 0.0000
vn -0.0000 1.0000 0.0000
vn -0.2186 0.9751 -0.0361
usemtl stone_2
s off
f 979/1473/455 980/1474/455 982/1475/455 981/1476/455
f 987/1477/456 984/1478/456 986/1479/456 988/1480/456
f 983/1481/457 987/1477/457 988/1480/457 985/1482/457
f 993/1483/456 990/1484/456 992/1485/456 994/1486/456
f 989/1487/457 993/1483/457 994/1486/457 991/1488/457
f 995/1489/458 996/1490/458 998/1491/458 997/1492/458
f 999/1493/459 1000/1494/459 1002/1495/459 1001/1496/459
f 1003/1497/458 1004/1498/458 1006/1499/458 1005/1500/458
o type1.003_Plane.026
v 49.673153 -0.076655 0.706440
v 50.111874 -0.143977 0.785528
v 49.942104 -0.076655 -0.785528
v 50.380825 -0.143977 -0.706440
v 49.127132 -0.000000 0.758008
v 49.577980 -0.000000 0.758008
v 49.127132 -0.000000 -0.758008
v 49.577980 -0.000000 -0.758008
v 50.490730 -0.141203 0.758008
v 50.937325 -0.079429 0.758008
v 50.490730 -0.141203 -0.758008
v 50.937325 -0.079429 -0.758008
v 51.159019 -0.000000 0.746520
v 51.609364 -0.000000 0.767806
v 51.230591 -0.000000 -0.767805
v 51.680935 -0.000000 -0.746520
v 48.829781 -0.000000 0.649994
v 51.804081 -0.000000 0.649994
v 48.829784 -0.000000 0.358504
v 51.804081 -0.000000 0.358504
v 50.330967 -0.219737 0.649994
v 50.330967 -0.219737 0.358504
v 48.829781 0.000000 -0.270260
v 51.804081 -0.000000 -0.270260
v 48.829781 0.000000 -0.561751
v 51.804081 -0.000000 -0.561750
v 50.330967 -0.219737 -0.270260
v 50.330967 -0.219737 -0.561751
vt 0.506180 0.504949
vt 0.747281 0.504949
vt 0.747281 0.746051
vt 0.506180 0.746051
vt 0.627868 0.504949
vt 0.747281 0.504949
vt 0.747281 0.746051
vt 0.627868 0.746051
vt 0.506180 0.504949
vt 0.627868 0.504949
vt 0.627868 0.746051
vt 0.506180 0.746051
vt 0.627868 0.504949
vt 0.747281 0.504949
vt 0.747281 0.746051
vt 0.627868 0.746051
vt 0.506180 0.504949
vt 0.627868 0.504949
vt 0.627868 0.746051
vt 0.506180 0.746051
vt 0.506180 0.504949
vt 0.747281 0.504949
vt 0.747281 0.746051
vt 0.506180 0.746051
vt 0.506180 0.504949
vt 0.747281 0.504949
vt 0.747281 0.746051
vt 0.506180 0.746051
vt 0.506180 0.504949
vt 0.747281 0.504949
vt 0.747281 0.746051
vt 0.506180 0.746051
vn 0.1470 0.9888 0.0265
vn 0.0000 1.0000 0.0000
vn -0.1370 0.9906 0.0000
vn -0.1475 0.9891 -0.0000
vn 0.1448 0.9895 0.0000
usemtl stone_2
s off
f 1007/1501/460 1008/1502/460 1010/1503/460 1009/1504/460
f 1011/1505/461 1012/1506/461 1014/1507/461 1013/1508/461
f 1015/1509/462 1016/1510/462 1018/1511/462 1017/1512/462
f 1019/1513/461 1020/1514/461 1022/1515/461 1021/1516/461
f 1027/1517/463 1024/1518/463 1026/1519/463 1028/1520/463
f 1023/1521/464 1027/1522/464 1028/1523/464 1025/1524/464
f 1033/1525/463 1030/1526/463 1032/1527/463 1034/1528/463
f 1029/1529/464 1033/1530/464 1034/1531/464 1031/1532/464
o Cube.014_Cube.050
v 45.632435 -0.346152 5.537772
v 45.632435 -0.014817 5.537772
v 46.280033 -0.346152 0.655584
v 46.280033 -0.014817 0.655584
v 51.179386 -0.346152 6.273546
v 51.179386 -0.014817 6.273546
v 51.826984 -0.346152 1.391357
v 51.826984 -0.014817 1.391357
vt 0.829427 0.500040
vt 0.889865 0.500040
vt 0.889865 0.560477
vt 0.829427 0.560477
vt 0.889865 0.620915
vt 0.829427 0.620915
vt 0.889865 0.681353
vt 0.829427 0.681353
vt 0.889865 0.741791
vt 0.829427 0.741791
vt 0.768989 0.620915
vt 0.768989 0.681353
vt 0.950302 0.620915
vt 0.950302 0.681353
vn -0.9913 0.0000 -0.1315
vn 0.1315 0.0000 -0.9913
vn 0.9913 0.0000 0.1315
vn -0.1315 0.0000 0.9913
vn 0.0000 -1.0000 0.0000
vn 0.0000 1.0000 0.0000
usemtl stone_2
s off
f 1035/1533/465 1036/1534/465 1038/1535/465 1037/1536/465
f 1037/1536/466 1038/1535/466 1042/1537/466 1041/1538/466
f 1041/1538/467 1042/1537/467 1040/1539/467 1039/1540/467
f 1039/1540/468 1040/1539/468 1036/1541/468 1035/1542/468
f 1037/1543/469 1041/1538/469 1039/1540/469 1035/1544/469
f 1042/1537/470 1038/1545/470 1036/1546/470 1040/1539/470
o Cube.015_Cube.051
v 46.320938 -0.440449 -1.083642
v 46.320938 -0.109114 -1.083642
v 46.320938 -0.440449 -3.083642
v 46.320938 -0.109114 -3.083642
v 51.682716 -0.440449 -1.083642
v 51.682716 -0.109114 -1.083642
v 51.682716 -0.440449 -3.083642
v 51.682716 -0.109114 -3.083642
vt 0.829427 0.500040
vt 0.889865 0.500040
vt 0.889865 0.560477
vt 0.829427 0.560477
vt 0.889865 0.620915
vt 0.829427 0.620915
vt 0.889865 0.681353
vt 0.829427 0.681353
vt 0.889865 0.741791
vt 0.829427 0.741791
vt 0.768989 0.620915
vt 0.768989 0.681353
vt 0.950302 0.620915
vt 0.950302 0.681353
vn -1.0000 0.0000 0.0000
vn 0.0000 0.0000 -1.0000
vn 1.0000 0.0000 0.0000
vn 0.0000 0.0000 1.0000
vn 0.0000 -1.0000 0.0000
vn 0.0000 1.0000 0.0000
usemtl stone_2
s off
f 1043/1547/471 1044/1548/471 1046/1549/471 1045/1550/471
f 1045/1550/472 1046/1549/472 1050/1551/472 1049/1552/472
f 1049/1552/473 1050/1551/473 1048/1553/473 1047/1554/473
f 1047/1554/474 1048/1553/474 1044/1555/474 1043/1556/474
f 1045/1557/475 1049/1552/475 1047/1554/475 1043/1558/475
f 1050/1551/476 1046/1559/476 1044/1560/476 1048/1553/476
o Plane.010_Plane.030
v 31.552345 0.094588 2.370405
v 35.152771 0.094588 2.370405
v 31.552345 0.094588 0.085612
v 35.152771 0.094588 0.085612
vt 0.758554 0.257065
vt 0.993291 0.257065
vt 0.993291 0.491803
vt 0.758554 0.491803
vn 0.0000 1.0000 0.0000
usemtl stone_2
s off
f 1051/1561/477 1052/1562/477 1054/1563/477 1053/1564/477
o Cube.025_Cube.021
v 46.353424 -0.392185 5.374816
v 46.353424 4.608057 5.374816
v 46.353424 -0.392185 5.260968
v 46.353424 4.608057 5.260968
v 46.467270 -0.392185 5.374816
v 46.467270 4.608057 5.374816
v 46.467270 -0.392185 5.260968
v 46.467270 4.608057 5.260968
vt 0.335791 0.749962
vt 0.398445 0.749962
vt 0.398445 0.812616
vt 0.335791 0.812616
vt 0.398445 0.875269
vt 0.335791 0.875269
vt 0.398445 0.937923
vt 0.335791 0.937923
vt 0.398445 1.000577
vt 0.335791 1.000577
vt 0.273137 0.875269
vt 0.273137 0.937923
vt 0.461098 0.875269
vt 0.461098 0.937923
vn -1.0000 0.0000 0.0000
vn 0.0000 0.0000 -1.0000
vn 1.0000 0.0000 0.0000
vn 0.0000 0.0000 1.0000
vn 0.0000 -1.0000 0.0000
vn 0.0000 1.0000 0.0000
usemtl stone_2
s off
f 1055/1565/478 1056/1566/478 1058/1567/478 1057/1568/478
f 1057/1568/479 1058/1567/479 1062/1569/479 1061/1570/479
f 1061/1570/480 1062/1569/480 1060/1571/480 1059/1572/480
f 1059/1572/481 1060/1571/481 1056/1573/481 1055/1574/481
f 1057/1575/482 1061/1570/482 1059/1572/482 1055/1576/482
f 1062/1569/483 1058/1577/483 1056/1578/483 1060/1571/483
o Cube.026_Cube.022
v 49.971302 -0.392185 5.579601
v 49.971302 4.608057 5.579601
v 49.971302 -0.392185 5.465754
v 49.971302 4.608057 5.465754
v 50.085148 -0.392185 5.579601
v 50.085148 4.608057 5.579601
v 50.085148 -0.392185 5.465754
v 50.085148 4.608057 5.465754
vt 0.335791 0.749962
vt 0.398445 0.749962
vt 0.398445 0.812616
vt 0.335791 0.812616
vt 0.398445 0.875269
vt 0.335791 0.875269
vt 0.398445 0.937923
vt 0.335791 0.937923
vt 0.398445 1.000577
vt 0.335791 1.000577
vt 0.273137 0.875269
vt 0.273137 0.937923
vt 0.461098 0.875269
vt 0.461098 0.937923
vn -1.0000 0.0000 0.0000
vn 0.0000 0.0000 -1.0000
vn 1.0000 0.0000 0.0000
vn 0.0000 0.0000 1.0000
vn 0.0000 -1.0000 0.0000
vn 0.0000 1.0000 0.0000
usemtl stone_2
s off
f 1063/1579/484 1064/1580/484 1066/1581/484 1065/1582/484
f 1065/1582/485 1066/1581/485 1070/1583/485 1069/1584/485
f 1069/1584/486 1070/1583/486 1068/1585/486 1067/1586/486
f 1067/1586/487 1068/1585/487 1064/1587/487 1063/1588/487
f 1065/1589/488 1069/1584/488 1067/1586/488 1063/1590/488
f 1070/1583/489 1066/1591/489 1064/1592/489 1068/1585/489
o Cube.027_Cube.023
v 48.879112 -0.392185 1.552154
v 48.879112 4.608057 1.552154
v 48.879112 -0.392185 1.438306
v 48.879112 4.608057 1.438306
v 48.992958 -0.392185 1.552154
v 48.992958 4.608057 1.552154
v 48.992958 -0.392185 1.438306
v 48.992958 4.608057 1.438306
vt 0.335791 0.749962
vt 0.398445 0.749962
vt 0.398445 0.812616
vt 0.335791 0.812616
vt 0.398445 0.875269
vt 0.335791 0.875269
vt 0.398445 0.937923
vt 0.335791 0.937923
vt 0.398445 1.000577
vt 0.335791 1.000577
vt 0.273137 0.875269
vt 0.273137 0.937923
vt 0.461098 0.875269
vt 0.461098 0.937923
vn -1.0000 0.0000 0.0000
vn 0.0000 0.0000 -1.0000
vn 1.0000 0.0000 0.0000
vn 0.0000 0.0000 1.0000
vn 0.0000 -1.0000 0.0000
vn 0.0000 1.0000 0.0000
usemtl stone_2
s off
f 1071/1593/490 1072/1594/490 1074/1595/490 1073/1596/490
f 1073/1596/491 1074/1595/491 1078/1597/491 1077/1598/491
f 1077/1598/492 1078/1597/492 1076/1599/492 1075/1600/492
f 1075/1600/493 1076/1599/493 1072/1601/493 1071/1602/493
f 1073/1603/494 1077/1598/494 1075/1600/494 1071/1604/494
f 1078/1597/495 1074/1605/495 1072/1606/495 1076/1599/495
o Cube.029_Cube.025
v 47.240826 -0.392185 -1.565136
v 47.240826 4.608057 -1.565136
v 47.240826 -0.392185 -1.678984
v 47.240826 4.608057 -1.678984
v 47.354671 -0.392185 -1.565136
v 47.354671 4.608057 -1.565136
v 47.354671 -0.392185 -1.678984
v 47.354671 4.608057 -1.678984
vt 0.335791 0.749962
vt 0.398445 0.749962
vt 0.398445 0.812616
vt 0.335791 0.812616
vt 0.398445 0.875269
vt 0.335791 0.875269
vt 0.398445 0.937923
vt 0.335791 0.937923
vt 0.398445 1.000577
vt 0.335791 1.000577
vt 0.273137 0.875269
vt 0.273137 0.937923
vt 0.461098 0.875269
vt 0.461098 0.937923
vn -1.0000 0.0000 0.0000
vn 0.0000 0.0000 -1.0000
vn 1.0000 0.0000 0.0000
vn 0.0000 0.0000 1.0000
vn 0.0000 -1.0000 0.0000
vn 0.0000 1.0000 0.0000
usemtl stone_2
s off
f 1079/1607/496 1080/1608/496 1082/1609/496 1081/1610/496
f 1081/1610/497 1082/1609/497 1086/1611/497 1085/1612/497
f 1085/1612/498 1086/1611/498 1084/1613/498 1083/1614/498
f 1083/1614/499 1084/1613/499 1080/1615/499 1079/1616/499
f 1081/1617/500 1085/1612/500 1083/1614/500 1079/1618/500
f 1086/1611/501 1082/1619/501 1080/1620/501 1084/1613/501
o Plane.008_Plane
v 38.457298 -0.038306 -1.402970
v 36.738171 -0.038306 -3.408040
v 38.457298 3.473372 -1.402970
v 36.738171 3.473372 -3.408040
v 36.738171 -0.038306 -1.392861
v 36.738171 3.473372 -1.392861
vt 0.886703 0.757714
vt 1.001076 0.757714
vt 1.001076 0.998146
vt 0.886703 0.998146
vt 0.760643 0.757714
vt 0.760643 0.998146
vn 1.0000 0.0000 0.0000
vn -0.0059 0.0000 -1.0000
usemtl stone_2
s off
f 1091/1621/502 1088/1622/502 1090/1623/502 1092/1624/502
f 1087/1625/503 1091/1621/503 1092/1624/503 1089/1626/503
o Plane.009_Plane.003
v 36.845795 0.094588 2.370405
v 40.446220 0.094588 2.370405
v 36.845795 0.094588 0.085612
v 40.446220 0.094588 0.085612
vt 0.758554 0.257065
vt 0.993291 0.257065
vt 0.993291 0.491803
vt 0.758554 0.491803
vn 0.0000 1.0000 0.0000
usemtl stone_2
s off
f 1093/1627/504 1094/1628/504 1096/1629/504 1095/1630/504
o Plane.011_Plane.004
v 36.845795 0.094588 -1.469321
v 40.446220 0.094588 -1.469321
v 36.845795 0.094588 -3.754113
v 40.446220 0.094588 -3.754113
vt 0.758554 0.257065
vt 0.993291 0.257065
vt 0.993291 0.491803
vt 0.758554 0.491803
vn 0.0000 1.0000 0.0000
usemtl stone_2
s off
f 1097/1631/505 1098/1632/505 1100/1633/505 1099/1634/505
o Plane.014_Plane.005
v 42.044437 0.094588 -1.469321
v 45.644863 0.094588 -1.469321
v 42.044437 0.094588 -3.754113
v 45.644863 0.094588 -3.754113
vt 0.758554 0.257065
vt 0.993291 0.257065
vt 0.993291 0.491803
vt 0.758554 0.491803
vn 0.0000 1.0000 0.0000
usemtl stone_2
s off
f 1101/1635/506 1102/1636/506 1104/1637/506 1103/1638/506
o Plane.015_Plane.011
v 40.428303 -0.038306 2.462733
v 40.428303 3.473372 2.462733
v 36.738171 -0.038306 2.472842
v 36.738171 3.473372 2.472842
vt 0.760643 0.757714
vt 0.886703 0.757714
vt 0.886703 0.998146
vt 0.760643 0.998146
vn -0.0027 0.0000 -1.0000
usemtl stone_2
s off
f 1105/1639/507 1107/1640/507 1108/1641/507 1106/1642/507
o Plane.016_Plane.007
v 42.044437 0.094588 6.478754
v 45.644863 0.094588 6.478754
v 42.044437 0.094588 4.193961
v 45.644863 0.094588 4.193961
vt 0.758554 0.257065
vt 0.993291 0.257065
vt 0.993291 0.491803
vt 0.758554 0.491803
vn 0.0000 1.0000 0.0000
usemtl stone_2
s off
f 1109/1643/508 1110/1644/508 1112/1645/508 1111/1646/508
o Plane.017_Plane.008
v 31.552345 0.094588 6.478754
v 35.152771 0.094588 6.478754
v 31.552345 0.094588 4.193961
v 35.152771 0.094588 4.193961
vt 0.758554 0.257065
vt 0.993291 0.257065
vt 0.993291 0.491803
vt 0.758554 0.491803
vn 0.0000 1.0000 0.0000
usemtl stone_2
s off
f 1113/1647/509 1114/1648/509 1116/1649/509 1115/1650/509
o Plane.018_Plane.010
v 36.845795 0.094588 6.478754
v 40.446220 0.094588 6.478754
v 36.845795 0.094588 4.193961
v 40.446220 0.094588 4.193961
vt 0.758554 0.257065
vt 0.993291 0.257065
vt 0.993291 0.491803
vt 0.758554 0.491803
vn 0.0000 1.0000 0.0000
usemtl stone_2
s off
f 1117/1651/510 1118/1652/510 1120/1653/510 1119/1654/510
o Plane.019_Plane.028
v 42.330250 -0.020721 -1.421494
v 44.114407 -0.020721 4.973039
v 43.574894 -0.020721 -1.768766
v 45.359051 -0.020721 4.625767
vt 0.375085 0.245366
vt 0.382671 0.245366
vt 0.382671 0.246806
vt 0.375085 0.246806
vn 0.0000 1.0000 0.0000
usemtl stone_2
s off
f 1121/1655/511 1122/1656/511 1124/1657/511 1123/1658/511
o Plane.020_Plane.036
v 43.678932 -0.038306 -1.357935
v 41.959805 -0.038306 -3.363005
v 43.678932 3.473372 -1.357935
v 41.959805 3.473372 -3.363005
v 41.959805 -0.038306 -1.347826
v 41.959805 3.473372 -1.347826
vt 0.886703 0.757714
vt 1.001076 0.757714
vt 1.001076 0.998146
vt 0.886703 0.998146
vt 0.760643 0.757714
vt 0.760643 0.998146
vn 1.0000 0.0000 0.0000
vn -0.0059 0.0000 -1.0000
usemtl stone_2
s off
f 1129/1659/512 1126/1660/512 1128/1661/512 1130/1662/512
f 1125/1663/513 1129/1659/513 1130/1662/513 1127/1664/513
o Plane.021_Plane.037
v 35.162704 -0.038306 4.230265
v 35.162704 3.473372 4.230265
v 31.472572 -0.038306 4.240374
v 31.472572 3.473372 4.240374
vt 0.760643 0.757714
vt 0.886703 0.757714
vt 0.886703 0.998146
vt 0.760643 0.998146
vn -0.0027 0.0000 -1.0000
usemtl stone_2
s off
f 1131/1665/514 1133/1666/514 1134/1667/514 1132/1668/514
o Cube.028_Cube.024
v 51.222767 -0.392185 -2.429786
v 51.222767 4.608057 -2.429786
v 51.222767 -0.392185 -2.543634
v 51.222767 4.608057 -2.543634
v 51.336613 -0.392185 -2.429786
v 51.336613 4.608057 -2.429786
v 51.336613 -0.392185 -2.543634
v 51.336613 4.608057 -2.543634
vt 0.335791 0.749962
vt 0.398445 0.749962
vt 0.398445 0.812616
vt 0.335791 0.812616
vt 0.398445 0.875269
vt 0.335791 0.875269
vt 0.398445 0.937923
vt 0.335791 0.937923
vt 0.398445 1.000577
vt 0.335791 1.000577
vt 0.273137 0.875269
vt 0.273137 0.937923
vt 0.461098 0.875269
vt 0.461098 0.937923
vn -1.0000 0.0000 0.0000
vn 0.0000 0.0000 -1.0000
vn 1.0000 0.0000 0.0000
vn 0.0000 0.0000 1.0000
vn 0.0000 -1.0000 0.0000
vn 0.0000 1.0000 0.0000
usemtl stone_2
s off
f 1135/1669/515 1136/1670/515 1138/1671/515 1137/1672/515
f 1137/1672/516 1138/1671/516 1142/1673/516 1141/1674/516
f 1141/1674/517 1142/1673/517 1140/1675/517 1139/1676/517
f 1139/1676/518 1140/1675/518 1136/1677/518 1135/1678/518
f 1137/1679/519 1141/1674/519 1139/1676/519 1135/1680/519
f 1142/1673/520 1138/1681/520 1136/1682/520 1140/1675/520
o type2.005_Plane.032
v 77.733383 -0.141203 0.758008
v 78.179977 -0.079429 0.758008
v 77.733383 -0.141203 -0.758008
v 78.179977 -0.079429 -0.758008
v 76.072433 0.000000 -0.270260
v 79.046738 0.000000 -0.270260
v 76.072433 0.000000 -0.561750
v 79.046738 0.000000 -0.561750
v 77.573616 -0.219737 -0.270260
v 77.573616 -0.219737 -0.561750
v 76.072433 0.000000 0.649994
v 79.046738 0.000000 0.649994
v 76.072433 0.000000 0.358504
v 79.046738 0.000000 0.358504
v 77.573616 -0.219737 0.649994
v 77.573616 -0.219737 0.358504
v 78.437202 0.000000 0.758008
v 78.888054 0.000000 0.758008
v 78.437202 0.000000 -0.758008
v 78.888054 0.000000 -0.758008
v 76.929131 -0.160263 0.712006
v 77.362885 -0.060369 0.783711
v 77.176392 -0.160263 -0.783711
v 77.610146 -0.060369 -0.712006
v 76.487061 0.000000 0.783388
v 76.932724 0.000000 0.715176
v 76.257698 0.000000 -0.715176
v 76.703354 0.000000 -0.783388
vt 0.506180 0.504949
vt 0.747281 0.504949
vt 0.747281 0.746051
vt 0.506180 0.746051
vt 0.627868 0.504949
vt 0.747281 0.504949
vt 0.747281 0.746051
vt 0.627868 0.746051
vt 0.506180 0.504949
vt 0.506180 0.746051
vt 0.627868 0.504949
vt 0.747281 0.504949
vt 0.747281 0.746051
vt 0.627868 0.746051
vt 0.506180 0.504949
vt 0.506180 0.746051
vt 0.506180 0.504949
vt 0.747281 0.504949
vt 0.747281 0.746051
vt 0.506180 0.746051
vt 0.506180 0.504949
vt 0.747281 0.504949
vt 0.747281 0.746051
vt 0.506180 0.746051
vt 0.506180 0.504949
vt 0.747281 0.504949
vt 0.747281 0.746051
vt 0.506180 0.746051
vn -0.1370 0.9906 0.0000
vn -0.1475 0.9891 0.0000
vn 0.1448 0.9895 0.0000
vn -0.0000 1.0000 0.0000
vn -0.2186 0.9751 -0.0361
usemtl stone_2
s off
f 1143/1683/521 1144/1684/521 1146/1685/521 1145/1686/521
f 1151/1687/522 1148/1688/522 1150/1689/522 1152/1690/522
f 1147/1691/523 1151/1687/523 1152/1690/523 1149/1692/523
f 1157/1693/522 1154/1694/522 1156/1695/522 1158/1696/522
f 1153/1697/523 1157/1693/523 1158/1696/523 1155/1698/523
f 1159/1699/524 1160/1700/524 1162/1701/524 1161/1702/524
f 1163/1703/525 1164/1704/525 1166/1705/525 1165/1706/525
f 1167/1707/524 1168/1708/524 1170/1709/524 1169/1710/524
o type1.004_Plane.033
v 79.932144 -0.076655 0.706440
v 80.370865 -0.143977 0.785528
v 80.201096 -0.076655 -0.785528
v 80.639816 -0.143977 -0.706440
v 79.386124 -0.000000 0.758008
v 79.836967 -0.000000 0.758008
v 79.386124 -0.000000 -0.758008
v 79.836967 -0.000000 -0.758008
v 80.749725 -0.141203 0.758008
v 81.196320 -0.079429 0.758008
v 80.749725 -0.141203 -0.758008
v 81.196320 -0.079429 -0.758008
v 81.418007 -0.000000 0.746520
v 81.868355 -0.000000 0.767806
v 81.489586 -0.000000 -0.767805
v 81.939926 -0.000000 -0.746520
v 79.088776 -0.000000 0.649994
v 82.063072 -0.000000 0.649994
v 79.088776 -0.000000 0.358504
v 82.063072 -0.000000 0.358504
v 80.589958 -0.219737 0.649994
v 80.589958 -0.219737 0.358504
v 79.088776 0.000000 -0.270260
v 82.063072 -0.000000 -0.270260
v 79.088776 0.000000 -0.561751
v 82.063072 -0.000000 -0.561750
v 80.589958 -0.219737 -0.270260
v 80.589958 -0.219737 -0.561751
vt 0.506180 0.504949
vt 0.747281 0.504949
vt 0.747281 0.746051
vt 0.506180 0.746051
vt 0.627868 0.504949
vt 0.747281 0.504949
vt 0.747281 0.746051
vt 0.627868 0.746051
vt 0.506180 0.504949
vt 0.627868 0.504949
vt 0.627868 0.746051
vt 0.506180 0.746051
vt 0.627868 0.504949
vt 0.747281 0.504949
vt 0.747281 0.746051
vt 0.627868 0.746051
vt 0.506180 0.504949
vt 0.627868 0.504949
vt 0.627868 0.746051
vt 0.506180 0.746051
vt 0.506180 0.504949
vt 0.747281 0.504949
vt 0.747281 0.746051
vt 0.506180 0.746051
vt 0.506180 0.504949
vt 0.747281 0.504949
vt 0.747281 0.746051
vt 0.506180 0.746051
vt 0.506180 0.504949
vt 0.747281 0.504949
vt 0.747281 0.746051
vt 0.506180 0.746051
vn 0.1470 0.9888 0.0265
vn 0.0000 1.0000 0.0000
vn -0.1370 0.9906 0.0000
vn -0.1475 0.9891 -0.0000
vn 0.1448 0.9895 -0.0000
usemtl stone_2
s off
f 1171/1711/526 1172/1712/526 1174/1713/526 1173/1714/526
f 1175/1715/527 1176/1716/527 1178/1717/527 1177/1718/527
f 1179/1719/528 1180/1720/528 1182/1721/528 1181/1722/528
f 1183/1723/527 1184/1724/527 1186/1725/527 1185/1726/527
f 1191/1727/529 1188/1728/529 1190/1729/529 1192/1730/529
f 1187/1731/530 1191/1732/530 1192/1733/530 1189/1734/530
f 1197/1735/529 1194/1736/529 1196/1737/529 1198/1738/529
f 1193/1739/530 1197/1740/530 1198/1741/530 1195/1742/530
o Plane.012_Plane.034
v 65.586761 0.094588 2.726841
v 74.180786 0.094588 2.726841
v 65.586761 0.094588 -2.726841
v 74.180786 0.094588 -2.726841
vt 0.277899 0.784813
vt 0.477170 0.784813
vt 0.477170 0.984084
vt 0.277899 0.984084
vn 0.0000 1.0000 0.0000
usemtl stone_2
s off
f 1199/1743/531 1200/1744/531 1202/1745/531 1201/1746/531
o Plane.013_Plane.035
v 64.894974 0.000000 3.165841
v 74.872574 0.000000 3.165841
v 64.894974 0.000000 -3.165841
v 74.872574 0.000000 -3.165841
vt 0.375568 0.242556
vt 0.382604 0.242556
vt 0.382604 0.249593
vt 0.375568 0.249593
vn 0.0000 1.0000 0.0000
usemtl stone_2
s off
f 1203/1747/532 1204/1748/532 1206/1749/532 1205/1750/532
o Cube.016_Cube.057
v 76.274857 -0.346152 2.835884
v 76.274857 -0.014817 2.835884
v 76.274971 -0.346152 0.835884
v 76.274971 -0.014817 0.835884
v 81.636635 -0.346152 2.836197
v 81.636635 -0.014817 2.836197
v 81.636749 -0.346152 0.836197
v 81.636749 -0.014817 0.836197
vt 0.829427 0.500040
vt 0.889865 0.500040
vt 0.889865 0.560477
vt 0.829427 0.560477
vt 0.889865 0.620915
vt 0.829427 0.620915
vt 0.889865 0.681353
vt 0.829427 0.681353
vt 0.889865 0.741791
vt 0.829427 0.741791
vt 0.768989 0.620915
vt 0.768989 0.681353
vt 0.950302 0.620915
vt 0.950302 0.681353
vn -1.0000 0.0000 -0.0001
vn 0.0001 0.0000 -1.0000
vn 1.0000 0.0000 0.0001
vn -0.0001 0.0000 1.0000
vn 0.0000 -1.0000 0.0000
vn 0.0000 1.0000 0.0000
usemtl stone_2
s off
f 1207/1751/533 1208/1752/533 1210/1753/533 1209/1754/533
f 1209/1754/534 1210/1753/534 1214/1755/534 1213/1756/534
f 1213/1756/535 1214/1755/535 1212/1757/535 1211/1758/535
f 1211/1758/536 1212/1757/536 1208/1759/536 1207/1760/536
f 1209/1761/537 1213/1756/537 1211/1758/537 1207/1762/537
f 1214/1755/538 1210/1763/538 1208/1764/538 1212/1757/538
o Cube.017_Cube.058
v 76.663116 -0.553474 -0.905132
v 76.639671 -0.223591 -0.925383
v 76.543289 -0.684285 -2.897249
v 76.519844 -0.354402 -2.917500
v 82.001793 -0.195161 -1.249784
v 81.978348 0.134722 -1.270036
v 81.881966 -0.325972 -3.241901
v 81.858521 0.003911 -3.262152
vt 0.829427 0.500040
vt 0.889865 0.500040
vt 0.889865 0.560477
vt 0.829427 0.560477
vt 0.889865 0.620915
vt 0.829427 0.620915
vt 0.889865 0.681353
vt 0.829427 0.681353
vt 0.889865 0.741791
vt 0.829427 0.741791
vt 0.768989 0.620915
vt 0.768989 0.681353
vt 0.950302 0.620915
vt 0.950302 0.681353
vn -0.9957 -0.0668 0.0643
vn -0.0599 -0.0654 -0.9961
vn 0.9957 0.0668 -0.0643
vn 0.0599 0.0654 0.9961
vn 0.0708 -0.9956 0.0611
vn -0.0708 0.9956 -0.0611
usemtl stone_2
s off
f 1215/1765/539 1216/1766/539 1218/1767/539 1217/1768/539
f 1217/1768/540 1218/1767/540 1222/1769/540 1221/1770/540
f 1221/1770/541 1222/1769/541 1220/1771/541 1219/1772/541
f 1219/1772/542 1220/1771/542 1216/1773/542 1215/1774/542
f 1217/1775/543 1221/1770/543 1219/1772/543 1215/1776/543
f 1222/1769/544 1218/1777/544 1216/1778/544 1220/1771/544
o Cube.018_Cube.063
v 51.871334 -0.233104 0.233104
v 51.871334 0.233104 0.233104
v 51.871334 -0.233104 -0.233104
v 51.871334 0.233104 -0.233104
v 64.626198 -0.233104 0.233104
v 64.626198 0.233104 0.233104
v 64.626198 -0.233104 -0.233104
v 64.626198 0.233104 -0.233104
vt 0.506728 0.755554
vt 0.741502 0.755554
vt 0.741502 0.815218
vt 0.506728 0.815218
vt 0.741502 0.874882
vt 0.506728 0.874882
vt 0.741502 0.934546
vt 0.506728 0.934546
vt 0.741502 0.994209
vt 0.506728 0.994209
vt 0.744571 0.874882
vt 0.744571 0.934546
vt 0.503659 0.874882
vt 0.503659 0.934546
vn -1.0000 0.0000 0.0000
vn 0.0000 0.0000 -1.0000
vn 1.0000 0.0000 0.0000
vn 0.0000 0.0000 1.0000
vn 0.0000 -1.0000 0.0000
vn 0.0000 1.0000 0.0000
usemtl stone_2
s off
f 1223/1779/545 1224/1780/545 1226/1781/545 1225/1782/545
f 1225/1782/546 1226/1781/546 1230/1783/546 1229/1784/546
f 1229/1784/547 1230/1783/547 1228/1785/547 1227/1786/547
f 1227/1786/548 1228/1785/548 1224/1787/548 1223/1788/548
f 1225/1789/549 1229/1784/549 1227/1786/549 1223/1790/549
f 1230/1783/550 1226/1791/550 1224/1792/550 1228/1785/550
o Cube.019_Cube.064
v 57.975998 -0.233104 -0.539739
v 57.975998 0.233104 -0.539739
v 57.975998 -0.233104 -2.645364
v 57.975998 0.233104 -2.645364
v 58.521530 -0.233104 -0.539739
v 58.521530 0.233104 -0.539739
v 58.521530 -0.233104 -2.645364
v 58.521530 0.233104 -2.645364
vt 0.584595 0.755942
vt 0.644258 0.755942
vt 0.644258 0.815606
vt 0.584595 0.815606
vt 0.644258 0.875269
vt 0.584595 0.875269
vt 0.644258 0.934933
vt 0.584595 0.934933
vt 0.644258 0.994597
vt 0.584595 0.994597
vt 0.524931 0.875269
vt 0.524931 0.934933
vt 0.703922 0.875269
vt 0.703922 0.934933
vn -1.0000 0.0000 0.0000
vn 0.0000 0.0000 -1.0000
vn 1.0000 0.0000 0.0000
vn 0.0000 0.0000 1.0000
vn 0.0000 -1.0000 0.0000
vn 0.0000 1.0000 0.0000
usemtl stone_2
s off
f 1231/1793/551 1232/1794/551 1234/1795/551 1233/1796/551
f 1233/1796/552 1234/1795/552 1238/1797/552 1237/1798/552
f 1237/1798/553 1238/1797/553 1236/1799/553 1235/1800/553
f 1235/1800/554 1236/1799/554 1232/1801/554 1231/1802/554
f 1233/1803/555 1237/1798/555 1235/1800/555 1231/1804/555
f 1238/1797/556 1234/1805/556 1232/1806/556 1236/1799/556
o Plane.022_Plane.038
v 13.320591 -0.008448 -1.228302
v 15.687880 -0.008448 -3.124463
v 13.320591 5.855454 -1.228302
v 15.687880 5.855454 -3.124463
v 13.346819 -0.008448 -3.124463
v 13.346819 5.855454 -3.124463
vt 0.621371 0.260740
vt 0.731448 0.260740
vt 0.731448 0.485354
vt 0.621371 0.485354
vt 0.506833 0.260740
vt 0.506833 0.485354
vn 0.0000 -0.0000 1.0000
vn 0.9999 0.0000 0.0138
usemtl stone_2
s off
f 1243/1807/557 1240/1808/557 1242/1809/557 1244/1810/557
f 1239/1811/558 1243/1807/558 1244/1810/558 1241/1812/558
o Plane.023_Plane.039
v 19.229000 -0.008448 1.923188
v 16.861712 -0.008448 3.819349
v 19.229000 5.855454 1.923187
v 16.861712 5.855454 3.819348
v 19.202772 -0.008448 3.819349
v 19.202772 5.855454 3.819348
vt 0.621371 0.260740
vt 0.731448 0.260740
vt 0.731448 0.485354
vt 0.621371 0.485354
vt 0.506833 0.260740
vt 0.506833 0.485354
vn 0.0000 -0.0000 -1.0000
vn -0.9999 0.0000 -0.0138
usemtl stone_2
s off
f 1249/1813/559 1246/1814/559 1248/1815/559 1250/1816/559
f 1245/1817/560 1249/1813/560 1250/1816/560 1247/1818/560
o Cube.030_Cube.026
v 80.734634 -0.392185 2.439559
v 80.734634 4.608057 2.439559
v 80.734634 -0.392185 2.325711
v 80.734634 4.608057 2.325711
v 80.848480 -0.392185 2.439559
v 80.848480 4.608057 2.439559
v 80.848480 -0.392185 2.325711
v 80.848480 4.608057 2.325711
vt 0.335791 0.749962
vt 0.398445 0.749962
vt 0.398445 0.812616
vt 0.335791 0.812616
vt 0.398445 0.875269
vt 0.335791 0.875269
vt 0.398445 0.937923
vt 0.335791 0.937923
vt 0.398445 1.000577
vt 0.335791 1.000577
vt 0.273137 0.875269
vt 0.273137 0.937923
vt 0.461098 0.875269
vt 0.461098 0.937923
vn -1.0000 0.0000 0.0000
vn 0.0000 0.0000 -1.0000
vn 1.0000 0.0000 0.0000
vn 0.0000 0.0000 1.0000
vn 0.0000 -1.0000 0.0000
vn 0.0000 1.0000 0.0000
usemtl stone_2
s off
f 1251/1819/561 1252/1820/561 1254/1821/561 1253/1822/561
f 1253/1822/562 1254/1821/562 1258/1823/562 1257/1824/562
f 1257/1824/563 1258/1823/563 1256/1825/563 1255/1826/563
f 1255/1826/564 1256/1825/564 1252/1827/564 1251/1828/564
f 1253/1829/565 1257/1824/565 1255/1826/565 1251/1830/565
f 1258/1823/566 1254/1831/566 1252/1832/566 1256/1825/566
o Cube.031_Cube.027
v 76.729942 -0.392185 1.279107
v 76.729942 4.608057 1.279107
v 76.729942 -0.392185 1.165259
v 76.729942 4.608057 1.165259
v 76.843788 -0.392185 1.279107
v 76.843788 4.608057 1.279107
v 76.843788 -0.392185 1.165259
v 76.843788 4.608057 1.165259
vt 0.335791 0.749962
vt 0.398445 0.749962
vt 0.398445 0.812616
vt 0.335791 0.812616
vt 0.398445 0.875269
vt 0.335791 0.875269
vt 0.398445 0.937923
vt 0.335791 0.937923
vt 0.398445 1.000577
vt 0.335791 1.000577
vt 0.273137 0.875269
vt 0.273137 0.937923
vt 0.461098 0.875269
vt 0.461098 0.937923
vn -1.0000 0.0000 0.0000
vn 0.0000 0.0000 -1.0000
vn 1.0000 0.0000 0.0000
vn 0.0000 0.0000 1.0000
vn 0.0000 -1.0000 0.0000
vn 0.0000 1.0000 0.0000
usemtl stone_2
s off
f 1259/1833/567 1260/1834/567 1262/1835/567 1261/1836/567
f 1261/1836/568 1262/1835/568 1266/1837/568 1265/1838/568
f 1265/1838/569 1266/1837/569 1264/1839/569 1263/1840/569
f 1263/1840/570 1264/1839/570 1260/1841/570 1259/1842/570
f 1261/1843/571 1265/1838/571 1263/1840/571 1259/1844/571
f 1266/1837/572 1262/1845/572 1260/1846/572 1264/1839/572
o Cube.032_Cube.028
v 79.005341 -0.392185 -1.997462
v 79.005341 4.608057 -1.997462
v 79.005341 -0.392185 -2.111309
v 79.005341 4.608057 -2.111309
v 79.119186 -0.392185 -1.997462
v 79.119186 4.608057 -1.997462
v 79.119186 -0.392185 -2.111309
v 79.119186 4.608057 -2.111309
vt 0.335791 0.749962
vt 0.398445 0.749962
vt 0.398445 0.812616
vt 0.335791 0.812616
vt 0.398445 0.875269
vt 0.335791 0.875269
vt 0.398445 0.937923
vt 0.335791 0.937923
vt 0.398445 1.000577
vt 0.335791 1.000577
vt 0.273137 0.875269
vt 0.273137 0.937923
vt 0.461098 0.875269
vt 0.461098 0.937923
vn -1.0000 0.0000 0.0000
vn 0.0000 0.0000 -1.0000
vn 1.0000 0.0000 0.0000
vn 0.0000 0.0000 1.0000
vn 0.0000 -1.0000 0.0000
vn 0.0000 1.0000 0.0000
usemtl stone_2
s off
f 1267/1847/573 1268/1848/573 1270/1849/573 1269/1850/573
f 1269/1850/574 1270/1849/574 1274/1851/574 1273/1852/574
f 1273/1852/575 1274/1851/575 1272/1853/575 1271/1854/575
f 1271/1854/576 1272/1853/576 1268/1855/576 1267/1856/576
f 1269/1857/577 1273/1852/577 1271/1854/577 1267/1858/577
f 1274/1851/578 1270/1859/578 1268/1860/578 1272/1853/578
o Plane.024_Plane.040
v 67.477814 0.814920 -0.709238
v 68.203384 0.814920 -0.709238
v 67.477814 0.814920 -2.524563
v 68.203384 0.814920 -2.524563
vt 0.565931 0.757904
vt 0.682100 0.757904
vt 0.682100 0.995491
vt 0.565931 0.995491
vn 0.0000 1.0000 0.0000
usemtl stone_2
s off
f 1275/1861/579 1276/1862/579 1278/1863/579 1277/1864/579
o Plane.025_Plane.041
v 68.633873 1.295393 -0.709238
v 69.359444 1.295393 -0.709238
v 68.633873 1.295393 -2.524563
v 69.359444 1.295393 -2.524563
vt 0.565931 0.757904
vt 0.682100 0.757904
vt 0.682100 0.995491
vt 0.565931 0.995491
vn 0.0000 1.0000 0.0000
usemtl stone_2
s off
f 1279/1865/580 1280/1866/580 1282/1867/580 1281/1868/580
o Plane.026_Plane.042
v 70.618683 2.550542 -0.709238
v 71.344254 2.550542 -0.709238
v 70.618683 2.550542 -2.524563
v 71.344254 2.550542 -2.524563
vt 0.565931 0.757904
vt 0.682100 0.757904
vt 0.682100 0.995491
vt 0.565931 0.995491
vn 0.0000 1.0000 0.0000
usemtl stone_2
s off
f 1283/1869/581 1284/1870/581 1286/1871/581 1285/1872/581
o Plane.027_Plane.043
v 69.462624 1.967915 -0.709238
v 70.188194 1.967915 -0.709238
v 69.462624 1.967915 -2.524563
v 70.188194 1.967915 -2.524563
vt 0.565931 0.757904
vt 0.682100 0.757904
vt 0.682100 0.995491
vt 0.565931 0.995491
vn 0.0000 1.0000 0.0000
usemtl stone_2
s off
f 1287/1873/582 1288/1874/582 1290/1875/582 1289/1876/582
o Plane.028_Plane.044
v 73.611916 3.039486 -1.133409
v 73.611916 3.039486 -1.858983
v 71.796593 3.039486 -1.133409
v 71.796593 3.039486 -1.858983
vt 0.565931 0.757904
vt 0.682100 0.757904
vt 0.682100 0.995491
vt 0.565931 0.995491
vn 0.0000 1.0000 0.0000
usemtl stone_2
s off
f 1291/1877/583 1292/1878/583 1294/1879/583 1293/1880/583
o Plane.029_Plane.045
v 73.611916 3.510747 -0.079986
v 73.611916 3.510747 -0.805559
v 71.796593 3.510747 -0.079986
v 71.796593 3.510747 -0.805559
vt 0.565931 0.757904
vt 0.682100 0.757904
vt 0.682100 0.995491
vt 0.565931 0.995491
vn 0.0000 1.0000 0.0000
usemtl stone_2
s off
f 1295/1881/584 1296/1882/584 1298/1883/584 1297/1884/584
o Plane.030_Plane.046
v 73.496330 4.047513 1.094142
v 73.496330 4.047513 0.368568
v 67.132637 4.047513 1.094142
v 67.132637 4.047513 0.368569
vt 0.565931 0.757904
vt 0.682100 0.757904
vt 0.682100 0.995491
vt 0.565931 0.995491
vn 0.0000 1.0000 0.0000
usemtl stone_2
s off
f 1299/1885/585 1300/1886/585 1302/1887/585 1301/1888/585
o Plane.060_Plane.002
v 142.693893 -0.050000 31.777323
v 135.597183 -0.050000 31.775320
v 142.693741 -0.050000 32.329159
v 135.597031 -0.050000 32.327152
vt 0.375152 0.245683
vt 0.382546 0.245683
vt 0.382546 0.246581
vt 0.375152 0.246581
vn 0.0000 1.0000 0.0000
usemtl stone_2
s off
f 1303/1889/586 1304/1890/586 1306/1891/586 1305/1892/586
o Plane.061_Plane.006
v 142.270859 -0.050000 35.359653
v 135.174164 -0.050000 35.375626
v 142.272095 -0.050000 35.911484
v 135.175400 -0.050000 35.927456
vt 0.375152 0.245683
vt 0.382546 0.245683
vt 0.382546 0.246581
vt 0.375152 0.246581
vn 0.0000 1.0000 0.0000
usemtl stone_2
s off
f 1307/1893/587 1308/1894/587 1310/1895/587 1309/1896/587
o Plane.062_Plane.027
v 142.290955 -0.050000 38.712212
v 135.194275 -0.050000 38.731930
v 142.292480 -0.050000 39.264042
v 135.195801 -0.050000 39.283760
vt 0.375152 0.245683
vt 0.382546 0.245683
vt 0.382546 0.246581
vt 0.375152 0.246581
vn 0.0000 1.0000 0.0000
usemtl stone_2
s off
f 1311/1897/588 1312/1898/588 1314/1899/588 1313/1900/588
o Plane.063_Plane.029
v 142.695297 0.000000 42.585251
v 142.764633 0.000000 28.041990
v 142.143448 0.000000 42.582619
v 142.212784 0.000000 28.039360
vt 0.375152 0.245683
vt 0.382546 0.245683
vt 0.382546 0.246581
vt 0.375152 0.246581
vn 0.0000 1.0000 0.0000
usemtl stone_2
s off
f 1315/1901/589 1316/1902/589 1318/1903/589 1317/1904/589
o Plane.064_Plane.031
v 142.675751 -0.050000 42.069096
v 135.579224 -0.050000 42.119991
v 142.679718 -0.050000 42.620914
v 135.583191 -0.050000 42.671810
vt 0.375152 0.245683
vt 0.382546 0.245683
vt 0.382546 0.246581
vt 0.375152 0.246581
vn 0.0000 1.0000 0.0000
usemtl stone_2
s off
f 1319/1905/590 1320/1906/590 1322/1907/590 1321/1908/590
o Plane.065_Plane.050
v 135.759583 -0.049690 52.323059
v 142.856293 -0.050501 52.321465
v 135.759705 -0.049756 52.874893
v 142.856415 -0.050566 52.873299
vt 0.375152 0.245683
vt 0.382546 0.245683
vt 0.382546 0.246581
vt 0.375152 0.246581
vn -0.0001 -1.0000 -0.0001
usemtl stone_2
s off
f 1323/1909/591 1324/1910/591 1326/1911/591 1325/1912/591
o Plane.066_Plane.081
v 135.675079 -0.049568 48.780724
v 142.771774 -0.050378 48.787224
v 135.674576 -0.049633 49.332558
v 142.771271 -0.050443 49.339058
vt 0.375152 0.245683
vt 0.382546 0.245683
vt 0.382546 0.246581
vt 0.375152 0.246581
vn -0.0001 -1.0000 -0.0001
usemtl stone_2
s off
f 1327/1913/592 1328/1914/592 1330/1915/592 1329/1916/592
o Plane.067_Plane.082
v 135.673126 -0.049428 45.187538
v 142.769836 -0.050239 45.197777
v 135.672333 -0.049494 45.739372
v 142.769043 -0.050304 45.749611
vt 0.375152 0.245683
vt 0.382546 0.245683
vt 0.382546 0.246581
vt 0.375152 0.246581
vn -0.0001 -1.0000 -0.0001
usemtl stone_2
s off
f 1331/1917/593 1332/1918/593 1334/1919/593 1333/1920/593
o Plane.068_Plane.083
v 136.013397 0.000000 56.579422
v 136.082733 0.000000 42.036163
v 135.461548 0.000000 56.576790
v 135.530884 0.000000 42.033531
vt 0.375152 0.245683
vt 0.382546 0.245683
vt 0.382546 0.246581
vt 0.375152 0.246581
vn 0.0000 1.0000 0.0000
usemtl stone_2
s off
f 1335/1921/594 1336/1922/594 1338/1923/594 1337/1924/594
o Plane.069_Plane.084
v 133.474503 0.017137 30.493658
v 135.474503 0.017137 30.493658
v 133.474503 0.017137 28.493658
v 135.474503 0.017137 28.493658
vt 0.507326 0.011232
vt 0.740721 0.011232
vt 0.740721 0.244628
vt 0.507326 0.244628
vn 0.0000 1.0000 0.0000
usemtl stone_2
s off
f 1339/1925/595 1340/1926/595 1342/1927/595 1341/1928/595
o Plane.070_Plane.085
v 130.690384 0.017137 32.975731
v 132.690384 0.017137 32.975731
v 130.690384 0.017137 30.975733
v 132.690384 0.017137 30.975733
vt 0.507326 0.011232
vt 0.740721 0.011232
vt 0.740721 0.244628
vt 0.507326 0.244628
vn 0.0000 1.0000 0.0000
usemtl stone_2
s off
f 1343/1929/596 1344/1930/596 1346/1931/596 1345/1932/596
o Plane.071_Plane.086
v 130.611588 0.017137 36.639748
v 132.611588 0.017137 36.639748
v 130.611588 0.017137 34.639748
v 132.611588 0.017137 34.639748
vt 0.507326 0.011232
vt 0.740721 0.011232
vt 0.740721 0.244628
vt 0.507326 0.244628
vn 0.0000 1.0000 0.0000
usemtl stone_2
s off
f 1347/1933/597 1348/1934/597 1350/1935/597 1349/1936/597
o Plane.072_Plane.087
v 130.401459 0.017137 39.988579
v 132.401459 0.017137 39.988579
v 130.401459 0.017137 37.988579
v 132.401459 0.017137 37.988579
vt 0.507326 0.011232
vt 0.740721 0.011232
vt 0.740721 0.244628
vt 0.507326 0.244628
vn 0.0000 1.0000 0.0000
usemtl stone_2
s off
f 1351/1937/598 1352/1938/598 1354/1939/598 1353/1940/598
o Plane.073_Plane.088
v 131.977386 0.017137 43.298012
v 133.977386 0.017137 43.298012
v 131.977386 0.017137 41.298012
v 133.977386 0.017137 41.298012
vt 0.507326 0.011232
vt 0.740721 0.011232
vt 0.740721 0.244628
vt 0.507326 0.244628
vn 0.0000 1.0000 0.0000
usemtl stone_2
s off
f 1355/1941/599 1356/1942/599 1358/1943/599 1357/1944/599
o Plane.074_Plane.089
v 145.813965 0.060047 53.604538
v 147.813965 0.060047 53.604538
v 145.813965 0.060047 51.604538
v 147.813965 0.060047 51.604538
vt 0.507326 0.011232
vt 0.740721 0.011232
vt 0.740721 0.244628
vt 0.507326 0.244628
vn 0.0000 1.0000 0.0000
usemtl stone_2
s off
f 1359/1945/600 1360/1946/600 1362/1947/600 1361/1948/600
o Plane.075_Plane.090
v 146.024094 0.017137 50.255707
v 148.024094 0.017137 50.255707
v 146.024094 0.017137 48.255707
v 148.024094 0.017137 48.255707
vt 0.507326 0.011232
vt 0.740721 0.011232
vt 0.740721 0.244628
vt 0.507326 0.244628
vn 0.0000 1.0000 0.0000
usemtl stone_2
s off
f 1363/1949/601 1364/1950/601 1366/1951/601 1365/1952/601
o Plane.076_Plane.091
v 146.102890 0.017137 46.591690
v 148.102890 0.017137 46.591690
v 146.102890 0.017137 44.591690
v 148.102890 0.017137 44.591690
vt 0.507326 0.011232
vt 0.740721 0.011232
vt 0.740721 0.244628
vt 0.507326 0.244628
vn 0.0000 1.0000 0.0000
usemtl stone_2
s off
f 1367/1953/602 1368/1954/602 1370/1955/602 1369/1956/602
o Plane.077_Plane.092
v 143.549896 0.017137 44.398006
v 145.549896 0.017137 44.398006
v 143.549896 0.017137 42.398006
v 145.549896 0.017137 42.398006
vt 0.507326 0.011232
vt 0.740721 0.011232
vt 0.740721 0.244628
vt 0.507326 0.244628
vn 0.0000 1.0000 0.0000
usemtl stone_2
s off
f 1371/1957/603 1372/1958/603 1374/1959/603 1373/1960/603
o Plane.078_Plane.093
v 142.561264 0.017137 56.195354
v 144.561264 0.017137 56.195354
v 142.561264 0.017137 54.195354
v 144.561264 0.017137 54.195354
vt 0.507326 0.011232
vt 0.740721 0.011232
vt 0.740721 0.244628
vt 0.507326 0.244628
vn 0.0000 1.0000 0.0000
usemtl stone_2
s off
f 1375/1961/604 1376/1962/604 1378/1963/604 1377/1964/604
o Cube.041_Cube.009
v 136.811432 -14.522986 44.873466
v 136.811432 13.250634 44.873466
v 136.811432 -14.522986 42.873466
v 136.811432 13.250634 42.873466
v 142.190094 -14.522986 44.873466
v 142.190094 13.250634 44.873466
v 142.190094 -14.522986 42.873466
v 142.190094 13.250634 42.873466
vt 0.598585 0.268363
vt 0.653368 0.268363
vt 0.653368 0.323146
vt 0.598585 0.323146
vt 0.653368 0.377930
vt 0.598585 0.377930
vt 0.653368 0.432713
vt 0.598585 0.432713
vt 0.653368 0.487496
vt 0.598585 0.487496
vt 0.543801 0.377930
vt 0.543801 0.432713
vt 0.708152 0.377930
vt 0.708152 0.432713
vn -1.0000 0.0000 0.0000
vn 0.0000 0.0000 -1.0000
vn 1.0000 0.0000 0.0000
vn 0.0000 0.0000 1.0000
vn 0.0000 -1.0000 0.0000
vn 0.0000 1.0000 0.0000
usemtl stone_2
s off
f 1379/1965/605 1380/1966/605 1382/1967/605 1381/1968/605
f 1381/1968/606 1382/1967/606 1386/1969/606 1385/1970/606
f 1385/1970/607 1386/1969/607 1384/1971/607 1383/1972/607
f 1383/1972/608 1384/1971/608 1380/1973/608 1379/1974/608
f 1381/1975/609 1385/1970/609 1383/1972/609 1379/1976/609
f 1386/1969/610 1382/1977/610 1380/1978/610 1384/1971/610
o Cube.042_Cube.015
v 136.239563 -14.522986 34.824890
v 136.239563 13.250634 34.824890
v 136.239563 -14.522986 32.824890
v 136.239563 13.250634 32.824890
v 141.618225 -14.522986 34.824890
v 141.618225 13.250634 34.824890
v 141.618225 -14.522986 32.824890
v 141.618225 13.250634 32.824890
vt 0.598585 0.268363
vt 0.653368 0.268363
vt 0.653368 0.323146
vt 0.598585 0.323146
vt 0.653368 0.377930
vt 0.598585 0.377930
vt 0.653368 0.432713
vt 0.598585 0.432713
vt 0.653368 0.487496
vt 0.598585 0.487496
vt 0.543801 0.377930
vt 0.543801 0.432713
vt 0.708152 0.377930
vt 0.708152 0.432713
vn -1.0000 0.0000 0.0000
vn 0.0000 0.0000 -1.0000
vn 1.0000 0.0000 0.0000
vn 0.0000 0.0000 1.0000
vn 0.0000 -1.0000 0.0000
vn 0.0000 1.0000 0.0000
usemtl stone_2
s off
f 1387/1979/611 1388/1980/611 1390/1981/611 1389/1982/611
f 1389/1982/612 1390/1981/612 1394/1983/612 1393/1984/612
f 1393/1984/613 1394/1983/613 1392/1985/613 1391/1986/613
f 1391/1986/614 1392/1985/614 1388/1987/614 1387/1988/614
f 1389/1989/615 1393/1984/615 1391/1986/615 1387/1990/615
f 1394/1983/616 1390/1991/616 1388/1992/616 1392/1985/616
o Cube.043_Cube.037
v 136.675278 -14.522986 51.844837
v 136.675278 13.250634 51.844837
v 136.675278 -14.522986 49.844837
v 136.675278 13.250634 49.844837
v 142.053940 -14.522986 51.844837
v 142.053940 13.250634 51.844837
v 142.053940 -14.522986 49.844837
v 142.053940 13.250634 49.844837
vt 0.598585 0.268363
vt 0.653368 0.268363
vt 0.653368 0.323146
vt 0.598585 0.323146
vt 0.653368 0.377930
vt 0.598585 0.377930
vt 0.653368 0.432713
vt 0.598585 0.432713
vt 0.653368 0.487496
vt 0.598585 0.487496
vt 0.543801 0.377930
vt 0.543801 0.432713
vt 0.708152 0.377930
vt 0.708152 0.432713
vn -1.0000 0.0000 0.0000
vn 0.0000 0.0000 -1.0000
vn 1.0000 0.0000 0.0000
vn 0.0000 0.0000 1.0000
vn 0.0000 -1.0000 0.0000
vn 0.0000 1.0000 0.0000
usemtl stone_2
s off
f 1395/1993/617 1396/1994/617 1398/1995/617 1397/1996/617
f 1397/1996/618 1398/1995/618 1402/1997/618 1401/1998/618
f 1401/1998/619 1402/1997/619 1400/1999/619 1399/2000/619
f 1399/2000/620 1400/1999/620 1396/2001/620 1395/2002/620
f 1397/2003/621 1401/1998/621 1399/2000/621 1395/2004/621
f 1402/1997/622 1398/2005/622 1396/2006/622 1400/1999/622
o Cube.044_Cube.038
v 135.024673 -14.522986 38.471344
v 135.024673 13.250634 38.471344
v 133.025558 -14.522986 38.530590
v 133.025558 13.250634 38.530590
v 134.865341 -14.522986 33.095051
v 134.865341 13.250634 33.095051
v 132.866226 -14.522986 33.154297
v 132.866226 13.250634 33.154297
vt 0.598585 0.268363
vt 0.653368 0.268363
vt 0.653368 0.323146
vt 0.598585 0.323146
vt 0.653368 0.377930
vt 0.598585 0.377930
vt 0.653368 0.432713
vt 0.598585 0.432713
vt 0.653368 0.487496
vt 0.598585 0.487496
vt 0.543801 0.377930
vt 0.543801 0.432713
vt 0.708152 0.377930
vt 0.708152 0.432713
vn 0.0296 0.0000 0.9996
vn -0.9996 0.0000 0.0296
vn -0.0296 0.0000 -0.9996
vn 0.9996 0.0000 -0.0296
vn 0.0000 -1.0000 0.0000
vn 0.0000 1.0000 0.0000
usemtl stone_2
s off
f 1403/2007/623 1404/2008/623 1406/2009/623 1405/2010/623
f 1405/2010/624 1406/2009/624 1410/2011/624 1409/2012/624
f 1409/2012/625 1410/2011/625 1408/2013/625 1407/2014/625
f 1407/2014/626 1408/2013/626 1404/2015/626 1403/2016/626
f 1405/2017/627 1409/2012/627 1407/2014/627 1403/2018/627
f 1410/2011/628 1406/2019/628 1404/2020/628 1408/2013/628
o type2.009_Plane.112
v 134.954117 -0.159017 60.289642
v 134.954132 -0.061615 60.993820
v 136.470123 -0.159017 60.289604
v 136.470139 -0.061615 60.993782
v 135.982315 -0.141169 57.699001
v 135.982437 0.085965 62.357384
v 136.273804 -0.141169 57.698994
v 136.273926 0.085965 62.357376
v 135.982376 -0.251690 60.033394
v 136.273865 -0.251690 60.033386
v 135.062057 -0.141169 57.699024
v 135.062180 0.085965 62.357407
v 135.353546 -0.141169 57.699017
v 135.353668 0.085965 62.357399
v 135.062119 -0.251690 60.033417
v 135.353607 -0.251690 60.033409
v 134.954132 0.039418 61.402760
v 134.954163 0.073848 62.108883
v 136.470154 0.039418 61.402721
v 136.470169 0.073848 62.108845
v 135.000076 -0.239965 59.028561
v 134.928391 -0.104482 59.715542
v 136.495804 -0.221083 59.415787
v 136.424118 -0.085599 60.102768
v 134.928680 -0.109506 58.348427
v 134.996918 -0.075473 59.046417
v 136.427231 -0.127022 57.989147
v 136.495468 -0.092989 58.687141
vt 0.506180 0.504949
vt 0.747281 0.504949
vt 0.747281 0.746051
vt 0.506180 0.746051
vt 0.627868 0.504949
vt 0.747281 0.504949
vt 0.747281 0.746051
vt 0.627868 0.746051
vt 0.506180 0.504949
vt 0.506180 0.746051
vt 0.627868 0.504949
vt 0.747281 0.504949
vt 0.747281 0.746051
vt 0.627868 0.746051
vt 0.506180 0.504949
vt 0.506180 0.746051
vt 0.506180 0.504949
vt 0.747281 0.504949
vt 0.747281 0.746051
vt 0.506180 0.746051
vt 0.506180 0.504949
vt 0.747281 0.504949
vt 0.747281 0.746051
vt 0.506180 0.746051
vt 0.506180 0.504949
vt 0.747281 0.504949
vt 0.747281 0.746051
vt 0.506180 0.746051
vn -0.0000 0.9906 -0.1370
vn -0.0000 0.9896 -0.1438
vn 0.0000 0.9989 0.0473
vn -0.0000 0.9988 -0.0487
vn 0.0367 0.9812 -0.1897
usemtl stone_2
s off
f 1411/2021/629 1412/2022/629 1414/2023/629 1413/2024/629
f 1419/2025/630 1416/2026/630 1418/2027/630 1420/2028/630
f 1415/2029/631 1419/2025/631 1420/2028/631 1417/2030/631
f 1425/2031/630 1422/2032/630 1424/2033/630 1426/2034/630
f 1421/2035/631 1425/2031/631 1426/2034/631 1423/2036/631
f 1427/2037/632 1428/2038/632 1430/2039/632 1429/2040/632
f 1431/2041/633 1432/2042/633 1434/2043/633 1433/2044/633
f 1435/2045/632 1436/2046/632 1438/2047/632 1437/2048/632
o Plane.096_Plane.111
v 109.001999 -0.050000 89.724335
v 132.198761 -0.050000 89.723755
v 109.001839 -0.050000 83.140228
v 132.198593 -0.050000 83.139648
vt 0.501259 0.067845
vt 0.746772 0.067845
vt 0.746772 0.188061
vt 0.501259 0.188061
vn 0.0000 1.0000 0.0000
usemtl stone_2
s off
f 1439/2049/634 1440/2050/634 1442/2051/634 1441/2052/634
o Plane.095_Plane.110
v 108.577515 -0.192751 89.678764
v 138.613434 -0.192751 89.678017
v 108.577515 5.016237 89.678764
v 138.613434 5.016237 89.678017
vt 0.250337 0.806776
vt 0.498663 0.806776
vt 0.498663 0.948685
vt 0.250337 0.948685
vn 0.0000 0.0000 1.0000
usemtl stone_2
s off
f 1443/2053/635 1444/2054/635 1446/2055/635 1445/2056/635
o Plane.094_Plane.109
v 138.373932 -0.192751 63.258724
v 138.374603 -0.192751 90.386505
v 138.373932 5.016237 63.258724
v 138.374603 5.016237 90.386505
vt 0.250337 0.806776
vt 0.498663 0.806776
vt 0.498663 0.948685
vt 0.250337 0.948685
vn -1.0000 0.0000 0.0000
usemtl stone_2
s off
f 1447/2057/636 1448/2058/636 1450/2059/636 1449/2060/636
o Plane.093_Plane.108
v 109.238930 -0.192751 83.072884
v 133.856400 -0.192751 83.072273
v 109.238930 5.016237 83.072884
v 133.856400 5.016237 83.072273
vt 0.250337 0.806776
vt 0.498663 0.806776
vt 0.498663 0.948685
vt 0.250337 0.948685
vn 0.0000 0.0000 1.0000
usemtl stone_2
s off
f 1451/2061/637 1452/2062/637 1454/2063/637 1453/2064/637
o Plane.092_Plane.107
v 132.053299 -0.025000 63.408428
v 132.053955 -0.025000 89.691193
v 138.637390 -0.025000 63.408264
v 138.638046 -0.025000 89.691025
vt 0.501259 0.067845
vt 0.746772 0.067845
vt 0.746772 0.188061
vt 0.501259 0.188061
vn 0.0000 1.0000 0.0000
usemtl stone_2
s off
f 1455/2065/638 1456/2066/638 1458/2067/638 1457/2068/638
o Plane.091_Plane.106
v 132.336990 -0.192751 62.942963
v 132.337540 -0.192751 85.135956
v 132.336990 5.016237 62.942963
v 132.337540 5.016237 85.135956
vt 0.250337 0.806776
vt 0.498663 0.806776
vt 0.498663 0.948685
vt 0.250337 0.948685
vn -1.0000 0.0000 0.0000
usemtl stone_2
s off
f 1459/2069/639 1460/2070/639 1462/2071/639 1461/2072/639
o Plane.090_Plane.105
v 135.057999 4.273802 65.590828
v 135.057999 -0.277356 65.590828
v 138.515213 4.273802 65.590736
v 138.515213 -0.277355 65.590736
vt 0.758398 0.757314
vt 0.994163 0.757314
vt 0.994163 0.993079
vt 0.758398 0.993079
vn 0.0000 0.0000 1.0000
usemtl stone_2
s off
f 1463/2073/640 1464/2074/640 1466/2075/640 1465/2076/640
o Plane.089_Plane.104
v 132.080429 4.273802 68.375153
v 132.080429 -0.277356 68.375153
v 135.567490 4.273802 68.375061
v 135.567490 -0.277355 68.375061
vt 0.758398 0.757314
vt 0.994163 0.757314
vt 0.994163 0.993079
vt 0.758398 0.993079
vn 0.0000 0.0000 1.0000
usemtl stone_2
s off
f 1467/2077/641 1468/2078/641 1470/2079/641 1469/2080/641
o Plane.088_Plane.103
v 132.080521 4.273802 74.082832
v 132.080521 -0.277356 74.082832
v 135.567581 4.273802 74.082741
v 135.567581 -0.277355 74.082741
vt 0.758398 0.757314
vt 0.994163 0.757314
vt 0.994163 0.993079
vt 0.758398 0.993079
vn 0.0000 0.0000 1.0000
usemtl stone_2
s off
f 1471/2081/642 1472/2082/642 1474/2083/642 1473/2084/642
o Plane.087_Plane.102
v 135.058090 4.273802 71.298508
v 135.058090 -0.277356 71.298508
v 138.515305 4.273802 71.298416
v 138.515305 -0.277355 71.298416
vt 0.507398 0.757314
vt 0.743163 0.757314
vt 0.743163 0.993079
vt 0.507398 0.993079
vn 0.0000 0.0000 1.0000
usemtl stone_2
s off
f 1475/2085/643 1476/2086/643 1478/2087/643 1477/2088/643
o Plane.086_Plane.101
v 135.058197 4.273802 77.172264
v 135.058197 -0.277356 77.172264
v 138.515411 4.273802 77.172173
v 138.515411 -0.277355 77.172173
vt 0.507398 0.757314
vt 0.743163 0.757314
vt 0.743163 0.993079
vt 0.507398 0.993079
vn 0.0000 0.0000 1.0000
usemtl stone_2
s off
f 1479/2089/644 1480/2090/644 1482/2091/644 1481/2092/644
o Plane.085_Plane.100
v 132.080627 4.273802 79.956589
v 132.080627 -0.277356 79.956589
v 135.567688 4.273802 79.956497
v 135.567688 -0.277355 79.956497
vt 0.758398 0.757314
vt 0.994163 0.757314
vt 0.994163 0.993079
vt 0.758398 0.993079
vn 0.0000 0.0000 1.0000
usemtl stone_2
s off
f 1483/2093/645 1484/2094/645 1486/2095/645 1485/2096/645
o Plane.084_Plane.099
v 113.079300 4.273802 83.130508
v 113.079300 -0.277355 83.130508
v 113.079208 4.273802 86.634659
v 113.079208 -0.277355 86.634659
vt 0.758398 0.757314
vt 0.994163 0.757314
vt 0.994163 0.993079
vt 0.758398 0.993079
vn -1.0000 0.0000 -0.0000
usemtl stone_2
s off
f 1487/2097/646 1488/2098/646 1490/2099/646 1489/2100/646
o Plane.083_Plane.098
v 116.239670 4.273802 86.567871
v 116.239670 -0.277355 86.567871
v 116.239578 4.273802 90.029297
v 116.239578 -0.277355 90.029297
vt 0.507398 0.757314
vt 0.743163 0.757314
vt 0.743163 0.993079
vt 0.507398 0.993079
vn -1.0000 0.0000 -0.0000
usemtl stone_2
s off
f 1491/2101/647 1492/2102/647 1494/2103/647 1493/2104/647
o Plane.082_Plane.097
v 122.906990 4.273802 86.567986
v 122.906990 -0.277355 86.567986
v 122.906898 4.273802 90.029411
v 122.906898 -0.277355 90.029411
vt 0.758398 0.757314
vt 0.994163 0.757314
vt 0.994163 0.993079
vt 0.758398 0.993079
vn -1.0000 0.0000 -0.0000
usemtl stone_2
s off
f 1495/2105/648 1496/2106/648 1498/2107/648 1497/2108/648
o Plane.081_Plane.096
v 119.746613 4.273802 83.130623
v 119.746613 -0.277355 83.130623
v 119.746521 4.273802 86.634773
v 119.746521 -0.277355 86.634773
vt 0.758398 0.757314
vt 0.994163 0.757314
vt 0.994163 0.993079
vt 0.758398 0.993079
vn -1.0000 0.0000 -0.0000
usemtl stone_2
s off
f 1499/2109/649 1500/2110/649 1502/2111/649 1501/2112/649
o Plane.080_Plane.095
v 126.225426 4.273802 83.130722
v 126.225426 -0.277355 83.130722
v 126.225334 4.273802 86.634872
v 126.225334 -0.277355 86.634872
vt 0.507398 0.757314
vt 0.743163 0.757314
vt 0.743163 0.993079
vt 0.507398 0.993079
vn -1.0000 0.0000 -0.0000
usemtl stone_2
s off
f 1503/2113/650 1504/2114/650 1506/2115/650 1505/2116/650
o Plane.079_Plane.094
v 129.385788 4.273802 86.568085
v 129.385788 -0.277355 86.568085
v 129.385696 4.273802 90.029510
v 129.385696 -0.277355 90.029510
vt 0.758398 0.757314
vt 0.994163 0.757314
vt 0.994163 0.993079
vt 0.758398 0.993079
vn -1.0000 0.0000 -0.0000
usemtl stone_2
s off
f 1507/2117/651 1508/2118/651 1510/2119/651 1509/2120/651
o Cube.045_Cube.039
v 80.370590 -1.010526 84.499878
v 80.370590 -0.261825 84.499878
v 80.370590 -1.010526 83.751175
v 80.370590 -0.261825 83.751175
v 107.428070 -1.010526 84.499878
v 107.428070 -0.261825 84.499878
v 107.428070 -1.010526 83.751175
v 107.428070 -0.261825 83.751175
vt 0.506728 0.755554
vt 0.741502 0.755554
vt 0.741502 0.815218
vt 0.506728 0.815218
vt 0.741502 0.874882
vt 0.506728 0.874882
vt 0.741502 0.934546
vt 0.506728 0.934546
vt 0.741502 0.994209
vt 0.506728 0.994209
vt 0.744571 0.874882
vt 0.744571 0.934546
vt 0.503659 0.874882
vt 0.503659 0.934546
vn -1.0000 0.0000 0.0000
vn 0.0000 0.0000 -1.0000
vn 1.0000 0.0000 0.0000
vn 0.0000 0.0000 1.0000
vn 0.0000 -1.0000 0.0000
vn 0.0000 1.0000 0.0000
usemtl stone_2
s off
f 1511/2121/652 1512/2122/652 1514/2123/652 1513/2124/652
f 1513/2124/653 1514/2123/653 1518/2125/653 1517/2126/653
f 1517/2126/654 1518/2125/654 1516/2127/654 1515/2128/654
f 1515/2128/655 1516/2127/655 1512/2129/655 1511/2130/655
f 1513/2131/656 1517/2126/656 1515/2128/656 1511/2132/656
f 1518/2125/657 1514/2133/657 1512/2134/657 1516/2127/657
o Cube.046_Cube.040
v 80.370590 -1.010526 87.146820
v 80.370590 -0.261825 87.146820
v 80.370590 -1.010526 86.398117
v 80.370590 -0.261825 86.398117
v 107.428070 -1.010526 87.146820
v 107.428070 -0.261825 87.146820
v 107.428070 -1.010526 86.398117
v 107.428070 -0.261825 86.398117
vt 0.506728 0.755554
vt 0.741502 0.755554
vt 0.741502 0.815218
vt 0.506728 0.815218
vt 0.741502 0.874882
vt 0.506728 0.874882
vt 0.741502 0.934546
vt 0.506728 0.934546
vt 0.741502 0.994209
vt 0.506728 0.994209
vt 0.744571 0.874882
vt 0.744571 0.934546
vt 0.503659 0.874882
vt 0.503659 0.934546
vn -1.0000 0.0000 0.0000
vn 0.0000 0.0000 -1.0000
vn 1.0000 0.0000 0.0000
vn 0.0000 0.0000 1.0000
vn 0.0000 -1.0000 0.0000
vn 0.0000 1.0000 0.0000
usemtl stone_2
s off
f 1519/2135/658 1520/2136/658 1522/2137/658 1521/2138/658
f 1521/2138/659 1522/2137/659 1526/2139/659 1525/2140/659
f 1525/2140/660 1526/2139/660 1524/2141/660 1523/2142/660
f 1523/2142/661 1524/2141/661 1520/2143/661 1519/2144/661
f 1521/2145/662 1525/2140/662 1523/2142/662 1519/2146/662
f 1526/2139/663 1522/2147/663 1520/2148/663 1524/2141/663
o Cube.047_Cube.041
v 80.370590 -1.010526 89.838394
v 80.370590 -0.261825 89.838394
v 80.370590 -1.010526 89.089691
v 80.370590 -0.261825 89.089691
v 107.428070 -1.010526 89.838394
v 107.428070 -0.261825 89.838394
v 107.428070 -1.010526 89.089691
v 107.428070 -0.261825 89.089691
vt 0.506728 0.755554
vt 0.741502 0.755554
vt 0.741502 0.815218
vt 0.506728 0.815218
vt 0.741502 0.874882
vt 0.506728 0.874882
vt 0.741502 0.934546
vt 0.506728 0.934546
vt 0.741502 0.994209
vt 0.506728 0.994209
vt 0.744571 0.874882
vt 0.744571 0.934546
vt 0.503659 0.874882
vt 0.503659 0.934546
vn -1.0000 0.0000 0.0000
vn 0.0000 0.0000 -1.0000
vn 1.0000 0.0000 0.0000
vn 0.0000 0.0000 1.0000
vn 0.0000 -1.0000 0.0000
vn 0.0000 1.0000 0.0000
usemtl stone_2
s off
f 1527/2149/664 1528/2150/664 1530/2151/664 1529/2152/664
f 1529/2152/665 1530/2151/665 1534/2153/665 1533/2154/665
f 1533/2154/666 1534/2153/666 1532/2155/666 1531/2156/666
f 1531/2156/667 1532/2155/667 1528/2157/667 1527/2158/667
f 1529/2159/668 1533/2154/668 1531/2156/668 1527/2160/668
f 1534/2153/669 1530/2161/669 1528/2162/669 1532/2155/669
o Plane.097_Plane.113
v 101.657356 4.506192 87.985245
v 101.657356 -1.124204 87.985245
v 101.657356 4.506192 85.596008
v 101.657356 -1.124204 85.596008
vt 0.375425 0.243932
vt 0.382747 0.243932
vt 0.382747 0.248217
vt 0.375425 0.248217
vn 1.0000 0.0000 0.0000
usemtl stone_2
s off
f 1535/2163/670 1536/2164/670 1538/2165/670 1537/2166/670
o Plane.098_Plane.114
v 94.187996 4.506192 90.663055
v 94.187996 -1.124204 90.663055
v 94.187996 4.506192 88.273819
v 94.187996 -1.124204 88.273819
vt 0.375425 0.243932
vt 0.382747 0.243932
vt 0.382747 0.248217
vt 0.375425 0.248217
vn 1.0000 0.0000 0.0000
usemtl stone_2
s off
f 1539/2167/671 1540/2168/671 1542/2169/671 1541/2170/671
o Plane.099_Plane.115
v 86.212807 4.506192 85.284744
v 86.212807 -1.124204 85.284744
v 86.212807 4.506192 82.895508
v 86.212807 -1.124204 82.895508
vt 0.375425 0.243932
vt 0.382747 0.243932
vt 0.382747 0.248217
vt 0.375425 0.248217
vn 1.0000 0.0000 0.0000
usemtl stone_2
s off
f 1543/2171/672 1544/2172/672 1546/2173/672 1545/2174/672
o Cube.048_Cube.042
v 72.210411 -1.061229 90.161636
v 72.210411 -0.211123 90.161636
v 72.210411 -1.061229 83.345230
v 72.210411 -0.211123 83.345230
v 79.026817 -1.061229 90.161636
v 79.026817 -0.211123 90.161636
v 79.026817 -1.061229 83.345230
v 79.026817 -0.211123 83.345230
vt 0.593919 0.756313
vt 0.651012 0.756313
vt 0.651012 0.813405
vt 0.593919 0.813405
vt 0.651012 0.870497
vt 0.593919 0.870497
vt 0.651012 0.927589
vt 0.593919 0.927589
vt 0.651012 0.984681
vt 0.593919 0.984681
vt 0.536827 0.870497
vt 0.536827 0.927589
vt 0.708104 0.870497
vt 0.708104 0.927589
vn -1.0000 0.0000 0.0000
vn 0.0000 0.0000 -1.0000
vn 1.0000 0.0000 0.0000
vn 0.0000 0.0000 1.0000
vn 0.0000 -1.0000 0.0000
vn 0.0000 1.0000 0.0000
usemtl stone_2
s off
f 1547/2175/673 1548/2176/673 1550/2177/673 1549/2178/673
f 1549/2178/674 1550/2177/674 1554/2179/674 1553/2180/674
f 1553/2180/675 1554/2179/675 1552/2181/675 1551/2182/675
f 1551/2182/676 1552/2181/676 1548/2183/676 1547/2184/676
f 1549/2185/677 1553/2180/677 1551/2182/677 1547/2186/677
f 1554/2179/678 1550/2187/678 1548/2188/678 1552/2181/678
o Cube.049_Cube.039
v 43.720932 -1.010526 87.146820
v 43.720932 -0.261825 87.146820
v 43.720932 -1.010526 86.398117
v 43.720932 -0.261825 86.398117
v 70.778419 -1.010526 87.146820
v 70.778419 -0.261825 87.146820
v 70.778419 -1.010526 86.398117
v 70.778419 -0.261825 86.398117
vt 0.506728 0.755554
vt 0.741502 0.755554
vt 0.741502 0.815218
vt 0.506728 0.815218
vt 0.741502 0.874882
vt 0.506728 0.874882
vt 0.741502 0.934546
vt 0.506728 0.934546
vt 0.741502 0.994209
vt 0.506728 0.994209
vt 0.744571 0.874882
vt 0.744571 0.934546
vt 0.503659 0.874882
vt 0.503659 0.934546
vn -1.0000 0.0000 0.0000
vn 0.0000 0.0000 -1.0000
vn 1.0000 0.0000 0.0000
vn 0.0000 0.0000 1.0000
vn 0.0000 -1.0000 0.0000
vn 0.0000 1.0000 0.0000
usemtl stone_2
s off
f 1555/2189/679 1556/2190/679 1558/2191/679 1557/2192/679
f 1557/2192/680 1558/2191/680 1562/2193/680 1561/2194/680
f 1561/2194/681 1562/2193/681 1560/2195/681 1559/2196/681
f 1559/2196/682 1560/2195/682 1556/2197/682 1555/2198/682
f 1557/2199/683 1561/2194/683 1559/2196/683 1555/2200/683
f 1562/2193/684 1558/2201/684 1556/2202/684 1560/2195/684
o Cube.050_Cube.044
v 40.143433 -4.429676 87.925156
v 40.143433 13.076014 87.925156
v 40.143433 -4.429676 85.925156
v 40.143433 13.076014 85.925156
v 42.143433 -4.429676 87.925156
v 42.143433 13.076014 87.925156
v 42.143433 -4.429676 85.925156
v 42.143433 13.076014 85.925156
vt 0.763654 0.806162
vt 0.994521 0.806162
vt 0.994521 0.840335
vt 0.763654 0.840335
vt 0.994521 0.874508
vt 0.763654 0.874508
vt 0.994521 0.908681
vt 0.763654 0.908681
vt 0.994521 0.942854
vt 0.763654 0.942854
vt 0.999039 0.874508
vt 0.999039 0.908681
vt 0.753473 0.874508
vt 0.753473 0.908681
vn -1.0000 0.0000 0.0000
vn 0.0000 0.0000 -1.0000
vn 1.0000 0.0000 0.0000
vn 0.0000 0.0000 1.0000
vn 0.0000 -1.0000 0.0000
vn 0.0000 1.0000 0.0000
usemtl stone_2
s off
f 1563/2203/685 1564/2204/685 1566/2205/685 1565/2206/685
f 1565/2206/686 1566/2205/686 1570/2207/686 1569/2208/686
f 1569/2208/687 1570/2207/687 1568/2209/687 1567/2210/687
f 1567/2210/688 1568/2209/688 1564/2211/688 1563/2212/688
f 1565/2213/689 1569/2208/689 1567/2210/689 1563/2214/689
f 1570/2207/690 1566/2215/690 1564/2216/690 1568/2209/690
o Cube.051_Cube.045
v 37.620369 11.193496 86.091217
v 37.620369 11.977717 86.091217
v 37.620369 11.193496 85.730896
v 37.620369 11.977717 85.730896
v 37.980690 11.193496 86.091217
v 37.980690 11.977717 86.091217
v 37.980690 11.193496 85.730896
v 37.980690 11.977717 85.730896
vt 0.588586 0.000188
vt 0.650144 0.000188
vt 0.650144 0.061745
vt 0.588586 0.061745
vt 0.650144 0.123302
vt 0.588586 0.123302
vt 0.650144 0.184860
vt 0.588586 0.184860
vt 0.650144 0.246417
vt 0.588586 0.246417
vt 0.527029 0.123302
vt 0.527029 0.184860
vt 0.711701 0.123302
vt 0.711701 0.184860
vn -1.0000 0.0000 0.0000
vn 0.0000 0.0000 -1.0000
vn 1.0000 0.0000 0.0000
vn 0.0000 0.0000 1.0000
vn 0.0000 -1.0000 0.0000
vn 0.0000 1.0000 0.0000
usemtl stone_2
s off
f 1571/2217/691 1572/2218/691 1574/2219/691 1573/2220/691
f 1573/2220/692 1574/2219/692 1578/2221/692 1577/2222/692
f 1577/2222/693 1578/2221/693 1576/2223/693 1575/2224/693
f 1575/2224/694 1576/2223/694 1572/2225/694 1571/2226/694
f 1573/2227/695 1577/2222/695 1575/2224/695 1571/2228/695
f 1578/2221/696 1574/2229/696 1572/2230/696 1576/2223/696
o Cube.052_Cube.046
v 36.810516 11.702577 86.091217
v 36.810516 12.486798 86.091217
v 36.810516 11.702577 85.730896
v 36.810516 12.486798 85.730896
v 37.170837 11.702577 86.091217
v 37.170837 12.486798 86.091217
v 37.170837 11.702577 85.730896
v 37.170837 12.486798 85.730896
vt 0.588586 0.000188
vt 0.650144 0.000188
vt 0.650144 0.061745
vt 0.588586 0.061745
vt 0.650144 0.123302
vt 0.588586 0.123302
vt 0.650144 0.184860
vt 0.588586 0.184860
vt 0.650144 0.246417
vt 0.588586 0.246417
vt 0.527029 0.123302
vt 0.527029 0.184860
vt 0.711701 0.123302
vt 0.711701 0.184860
vn -1.0000 0.0000 0.0000
vn 0.0000 0.0000 -1.0000
vn 1.0000 0.0000 0.0000
vn 0.0000 0.0000 1.0000
vn 0.0000 -1.0000 0.0000
vn 0.0000 1.0000 0.0000
usemtl stone_2
s off
f 1579/2231/697 1580/2232/697 1582/2233/697 1581/2234/697
f 1581/2234/698 1582/2233/698 1586/2235/698 1585/2236/698
f 1585/2236/699 1586/2235/699 1584/2237/699 1583/2238/699
f 1583/2238/700 1584/2237/700 1580/2239/700 1579/2240/700
f 1581/2241/701 1585/2236/701 1583/2238/701 1579/2242/701
f 1586/2235/702 1582/2243/702 1580/2244/702 1584/2237/702
o Cube.053_Cube.047
v 36.077278 12.295341 86.091217
v 36.077278 13.079562 86.091217
v 36.077278 12.295341 85.730896
v 36.077278 13.079562 85.730896
v 36.437599 12.295341 86.091217
v 36.437599 13.079562 86.091217
v 36.437599 12.295341 85.730896
v 36.437599 13.079562 85.730896
vt 0.588586 0.000188
vt 0.650144 0.000188
vt 0.650144 0.061745
vt 0.588586 0.061745
vt 0.650144 0.123302
vt 0.588586 0.123302
vt 0.650144 0.184860
vt 0.588586 0.184860
vt 0.650144 0.246417
vt 0.588586 0.246417
vt 0.527029 0.123302
vt 0.527029 0.184860
vt 0.711701 0.123302
vt 0.711701 0.184860
vn -1.0000 0.0000 0.0000
vn 0.0000 0.0000 -1.0000
vn 1.0000 0.0000 0.0000
vn 0.0000 0.0000 1.0000
vn 0.0000 -1.0000 0.0000
vn 0.0000 1.0000 0.0000
usemtl stone_2
s off
f 1587/2245/703 1588/2246/703 1590/2247/703 1589/2248/703
f 1589/2248/704 1590/2247/704 1594/2249/704 1593/2250/704
f 1593/2250/705 1594/2249/705 1592/2251/705 1591/2252/705
f 1591/2252/706 1592/2251/706 1588/2253/706 1587/2254/706
f 1589/2255/707 1593/2250/707 1591/2252/707 1587/2256/707
f 1594/2249/708 1590/2257/708 1588/2258/708 1592/2251/708
o Cube.058_Cube.054
v -10.770432 13.029290 86.545082
v -10.770432 13.813512 86.545082
v -10.770432 13.029290 86.184761
v -10.770432 13.813512 86.184761
v -10.410108 13.029290 86.545082
v -10.410108 13.813512 86.545082
v -10.410108 13.029290 86.184761
v -10.410108 13.813512 86.184761
vt 0.588586 0.000188
vt 0.650144 0.000188
vt 0.650144 0.061745
vt 0.588586 0.061745
vt 0.650144 0.123302
vt 0.588586 0.123302
vt 0.650144 0.184860
vt 0.588586 0.184860
vt 0.650144 0.246417
vt 0.588586 0.246417
vt 0.527029 0.123302
vt 0.527029 0.184860
vt 0.711701 0.123302
vt 0.711701 0.184860
vn -1.0000 0.0000 0.0000
vn 0.0000 0.0000 -1.0000
vn 1.0000 0.0000 0.0000
vn 0.0000 0.0000 1.0000
vn 0.0000 -1.0000 0.0000
vn 0.0000 1.0000 0.0000
usemtl stone_2
s off
f 1595/2259/709 1596/2260/709 1598/2261/709 1597/2262/709
f 1597/2262/710 1598/2261/710 1602/2263/710 1601/2264/710
f 1601/2264/711 1602/2263/711 1600/2265/711 1599/2266/711
f 1599/2266/712 1600/2265/712 1596/2267/712 1595/2268/712
f 1597/2269/713 1601/2264/713 1599/2266/713 1595/2270/713
f 1602/2263/714 1598/2271/714 1596/2272/714 1600/2265/714
o Cube.059_Cube.055
v -10.037190 12.436528 86.545082
v -10.037190 13.220750 86.545082
v -10.037190 12.436528 86.184761
v -10.037190 13.220750 86.184761
v -9.676866 12.436528 86.545082
v -9.676866 13.220750 86.545082
v -9.676866 12.436528 86.184761
v -9.676866 13.220750 86.184761
vt 0.588586 0.000188
vt 0.650144 0.000188
vt 0.650144 0.061745
vt 0.588586 0.061745
vt 0.650144 0.123302
vt 0.588586 0.123302
vt 0.650144 0.184860
vt 0.588586 0.184860
vt 0.650144 0.246417
vt 0.588586 0.246417
vt 0.527029 0.123302
vt 0.527029 0.184860
vt 0.711701 0.123302
vt 0.711701 0.184860
vn -1.0000 0.0000 0.0000
vn 0.0000 0.0000 -1.0000
vn 1.0000 0.0000 0.0000
vn 0.0000 0.0000 1.0000
vn 0.0000 -1.0000 0.0000
vn 0.0000 1.0000 0.0000
usemtl stone_2
s off
f 1603/2273/715 1604/2274/715 1606/2275/715 1605/2276/715
f 1605/2276/716 1606/2275/716 1610/2277/716 1609/2278/716
f 1609/2278/717 1610/2277/717 1608/2279/717 1607/2280/717
f 1607/2280/718 1608/2279/718 1604/2281/718 1603/2282/718
f 1605/2283/719 1609/2278/719 1607/2280/719 1603/2284/719
f 1610/2277/720 1606/2285/720 1604/2286/720 1608/2279/720
o Cube.060_Cube.056
v -9.227342 11.927449 86.545082
v -9.227342 12.711671 86.545082
v -9.227342 11.927449 86.184761
v -9.227342 12.711671 86.184761
v -8.867017 11.927449 86.545082
v -8.867017 12.711671 86.545082
v -8.867017 11.927449 86.184761
v -8.867017 12.711671 86.184761
vt 0.588586 0.000188
vt 0.650144 0.000188
vt 0.650144 0.061745
vt 0.588586 0.061745
vt 0.650144 0.123302
vt 0.588586 0.123302
vt 0.650144 0.184860
vt 0.588586 0.184860
vt 0.650144 0.246417
vt 0.588586 0.246417
vt 0.527029 0.123302
vt 0.527029 0.184860
vt 0.711701 0.123302
vt 0.711701 0.184860
vn -1.0000 0.0000 0.0000
vn 0.0000 0.0000 -1.0000
vn 1.0000 0.0000 0.0000
vn 0.0000 0.0000 1.0000
vn 0.0000 -1.0000 0.0000
vn 0.0000 1.0000 0.0000
usemtl stone_2
s off
f 1611/2287/721 1612/2288/721 1614/2289/721 1613/2290/721
f 1613/2290/722 1614/2289/722 1618/2291/722 1617/2292/722
f 1617/2292/723 1618/2291/723 1616/2293/723 1615/2294/723
f 1615/2294/724 1616/2293/724 1612/2295/724 1611/2296/724
f 1613/2297/725 1617/2292/725 1615/2294/725 1611/2298/725
f 1618/2291/726 1614/2299/726 1612/2300/726 1616/2293/726
o Cube.061_Cube.059
v -6.904503 -3.398116 88.379021
v -6.904503 14.107574 88.379021
v -6.904503 -3.398116 86.379021
v -6.904503 14.107574 86.379021
v -4.904503 -3.398116 88.379021
v -4.904503 14.107574 88.379021
v -4.904503 -3.398116 86.379021
v -4.904503 14.107574 86.379021
vt 0.763654 0.806162
vt 0.994521 0.806162
vt 0.994521 0.840335
vt 0.763654 0.840335
vt 0.994521 0.874508
vt 0.763654 0.874508
vt 0.994521 0.908681
vt 0.763654 0.908681
vt 0.994521 0.942854
vt 0.763654 0.942854
vt 0.999039 0.874508
vt 0.999039 0.908681
vt 0.753473 0.874508
vt 0.753473 0.908681
vn -1.0000 0.0000 0.0000
vn 0.0000 0.0000 -1.0000
vn 1.0000 0.0000 0.0000
vn 0.0000 0.0000 1.0000
vn 0.0000 -1.0000 0.0000
vn 0.0000 1.0000 0.0000
usemtl stone_2
s off
f 1619/2301/727 1620/2302/727 1622/2303/727 1621/2304/727
f 1621/2304/728 1622/2303/728 1626/2305/728 1625/2306/728
f 1625/2306/729 1626/2305/729 1624/2307/729 1623/2308/729
f 1623/2308/730 1624/2307/730 1620/2309/730 1619/2310/730
f 1621/2311/731 1625/2306/731 1623/2308/731 1619/2312/731
f 1626/2305/732 1622/2313/732 1620/2314/732 1624/2307/732
o Plane.100_Plane.116
v 40.152081 2.190266 85.980827
v 42.152081 2.190266 85.980827
v 40.152081 2.190266 83.980827
v 42.152081 2.190266 83.980827
vt 0.512775 0.506032
vt 0.747570 0.506032
vt 0.747570 0.740828
vt 0.512775 0.740828
vn 0.0000 1.0000 0.0000
usemtl stone_2
s off
f 1627/2315/733 1628/2316/733 1630/2317/733 1629/2318/733
o Plane.101_Plane.117
v 42.067265 0.278603 87.906952
v 44.067265 0.278603 87.906952
v 42.067265 0.278603 85.906952
v 44.067265 0.278603 85.906952
vt 0.512775 0.506032
vt 0.747570 0.506032
vt 0.747570 0.740828
vt 0.512775 0.740828
vn 0.0000 1.0000 0.0000
usemtl stone_2
s off
f 1631/2319/734 1632/2320/734 1634/2321/734 1633/2322/734
o Plane.102_Plane.118
v 40.184914 0.915824 89.844025
v 42.184914 0.915824 89.844025
v 40.184914 0.915824 87.844025
v 42.184914 0.915824 87.844025
vt 0.512775 0.506032
vt 0.747570 0.506032
vt 0.747570 0.740828
vt 0.512775 0.740828
vn 0.0000 1.0000 0.0000
usemtl stone_2
s off
f 1635/2323/735 1636/2324/735 1638/2325/735 1637/2326/735
o Plane.103_Plane.119
v 38.171234 1.553045 87.906952
v 40.171234 1.553045 87.906952
v 38.171234 1.553045 85.906952
v 40.171234 1.553045 85.906952
vt 0.512775 0.506032
vt 0.747570 0.506032
vt 0.747570 0.740828
vt 0.512775 0.740828
vn 0.0000 1.0000 0.0000
usemtl stone_2
s off
f 1639/2327/736 1640/2328/736 1642/2329/736 1641/2330/736
o Plane.104_Plane.120
v 38.171234 4.102001 87.906952
v 40.171234 4.102001 87.906952
v 38.171234 4.102001 85.906952
v 40.171234 4.102001 85.906952
vt 0.512775 0.506032
vt 0.747570 0.506032
vt 0.747570 0.740828
vt 0.512775 0.740828
vn 0.0000 1.0000 0.0000
usemtl stone_2
s off
f 1643/2331/737 1644/2332/737 1646/2333/737 1645/2334/737
o Plane.105_Plane.121
v 40.184914 3.464780 89.844025
v 42.184914 3.464780 89.844025
v 40.184914 3.464780 87.844025
v 42.184914 3.464780 87.844025
vt 0.512775 0.506032
vt 0.747570 0.506032
vt 0.747570 0.740828
vt 0.512775 0.740828
vn 0.0000 1.0000 0.0000
usemtl stone_2
s off
f 1647/2335/738 1648/2336/738 1650/2337/738 1649/2338/738
o Plane.106_Plane.122
v 42.067265 2.827559 87.906952
v 44.067265 2.827559 87.906952
v 42.067265 2.827559 85.906952
v 44.067265 2.827559 85.906952
vt 0.512775 0.506032
vt 0.747570 0.506032
vt 0.747570 0.740828
vt 0.512775 0.740828
vn 0.0000 1.0000 0.0000
usemtl stone_2
s off
f 1651/2339/739 1652/2340/739 1654/2341/739 1653/2342/739
o Plane.107_Plane.123
v 40.152081 4.739222 85.980827
v 42.152081 4.739222 85.980827
v 40.152081 4.739222 83.980827
v 42.152081 4.739222 83.980827
vt 0.512775 0.506032
vt 0.747570 0.506032
vt 0.747570 0.740828
vt 0.512775 0.740828
vn 0.0000 1.0000 0.0000
usemtl stone_2
s off
f 1655/2343/740 1656/2344/740 1658/2345/740 1657/2346/740
o Plane.108_Plane.124
v 40.152081 9.844261 85.980827
v 42.152081 9.844261 85.980827
v 40.152081 9.844261 83.980827
v 42.152081 9.844261 83.980827
vt 0.512775 0.506032
vt 0.747570 0.506032
vt 0.747570 0.740828
vt 0.512775 0.740828
vn 0.0000 1.0000 0.0000
usemtl stone_2
s off
f 1659/2347/741 1660/2348/741 1662/2349/741 1661/2350/741
o Plane.109_Plane.125
v 42.067265 7.932597 87.906952
v 44.067265 7.932597 87.906952
v 42.067265 7.932597 85.906952
v 44.067265 7.932597 85.906952
vt 0.512775 0.506032
vt 0.747570 0.506032
vt 0.747570 0.740828
vt 0.512775 0.740828
vn 0.0000 1.0000 0.0000
usemtl stone_2
s off
f 1663/2351/742 1664/2352/742 1666/2353/742 1665/2354/742
o Plane.110_Plane.126
v 40.184914 8.569818 89.844025
v 42.184914 8.569818 89.844025
v 40.184914 8.569818 87.844025
v 42.184914 8.569818 87.844025
vt 0.512775 0.506032
vt 0.747570 0.506032
vt 0.747570 0.740828
vt 0.512775 0.740828
vn 0.0000 1.0000 0.0000
usemtl stone_2
s off
f 1667/2355/743 1668/2356/743 1670/2357/743 1669/2358/743
o Plane.111_Plane.127
v 38.171234 9.207040 87.906952
v 40.171234 9.207040 87.906952
v 38.171234 9.207040 85.906952
v 40.171234 9.207040 85.906952
vt 0.512775 0.506032
vt 0.747570 0.506032
vt 0.747570 0.740828
vt 0.512775 0.740828
vn 0.0000 1.0000 0.0000
usemtl stone_2
s off
f 1671/2359/744 1672/2360/744 1674/2361/744 1673/2362/744
o Plane.112_Plane.128
v 38.171234 6.658084 87.906952
v 40.171234 6.658084 87.906952
v 38.171234 6.658084 85.906952
v 40.171234 6.658084 85.906952
vt 0.512775 0.506032
vt 0.747570 0.506032
vt 0.747570 0.740828
vt 0.512775 0.740828
vn 0.0000 1.0000 0.0000
usemtl stone_2
s off
f 1675/2363/745 1676/2364/745 1678/2365/745 1677/2366/745
o Plane.113_Plane.129
v 40.184914 6.020863 89.844025
v 42.184914 6.020863 89.844025
v 40.184914 6.020863 87.844025
v 42.184914 6.020863 87.844025
vt 0.512775 0.506032
vt 0.747570 0.506032
vt 0.747570 0.740828
vt 0.512775 0.740828
vn 0.0000 1.0000 0.0000
usemtl stone_2
s off
f 1679/2367/746 1680/2368/746 1682/2369/746 1681/2370/746
o Plane.114_Plane.130
v 42.067265 5.383642 87.906952
v 44.067265 5.383642 87.906952
v 42.067265 5.383642 85.906952
v 44.067265 5.383642 85.906952
vt 0.512775 0.506032
vt 0.747570 0.506032
vt 0.747570 0.740828
vt 0.512775 0.740828
vn 0.0000 1.0000 0.0000
usemtl stone_2
s off
f 1683/2371/747 1684/2372/747 1686/2373/747 1685/2374/747
o Plane.115_Plane.131
v 40.152081 7.295304 85.980827
v 42.152081 7.295304 85.980827
v 40.152081 7.295304 83.980827
v 42.152081 7.295304 83.980827
vt 0.512775 0.506032
vt 0.747570 0.506032
vt 0.747570 0.740828
vt 0.512775 0.740828
vn 0.0000 1.0000 0.0000
usemtl stone_2
s off
f 1687/2375/748 1688/2376/748 1690/2377/748 1689/2378/748
o Plane.116_Plane.132
v 38.171234 11.758442 87.906952
v 40.171234 11.758442 87.906952
v 38.171234 11.758442 85.906952
v 40.171234 11.758442 85.906952
vt 0.512775 0.506032
vt 0.747570 0.506032
vt 0.747570 0.740828
vt 0.512775 0.740828
vn 0.0000 1.0000 0.0000
usemtl stone_2
s off
f 1691/2379/749 1692/2380/749 1694/2381/749 1693/2382/749
o Plane.117_Plane.133
v 40.184914 11.121222 89.844025
v 42.184914 11.121222 89.844025
v 40.184914 11.121222 87.844025
v 42.184914 11.121222 87.844025
vt 0.512775 0.506032
vt 0.747570 0.506032
vt 0.747570 0.740828
vt 0.512775 0.740828
vn 0.0000 1.0000 0.0000
usemtl stone_2
s off
f 1695/2383/750 1696/2384/750 1698/2385/750 1697/2386/750
o Plane.118_Plane.134
v 42.067265 10.484000 87.906952
v 44.067265 10.484000 87.906952
v 42.067265 10.484000 85.906952
v 44.067265 10.484000 85.906952
vt 0.512775 0.506032
vt 0.747570 0.506032
vt 0.747570 0.740828
vt 0.512775 0.740828
vn 0.0000 1.0000 0.0000
usemtl stone_2
s off
f 1699/2387/751 1700/2388/751 1702/2389/751 1701/2390/751
o Plane.120_Plane.136
v 36.322849 12.419512 86.269363
v 37.614731 10.902306 86.269363
v 36.322845 12.419512 85.596527
v 37.614727 10.902306 85.596527
vt 0.504304 0.064779
vt 0.747746 0.064779
vt 0.747746 0.188812
vt 0.504304 0.188812
vn 0.7614 0.6483 -0.0000
usemtl stone_2
s off
f 1703/2391/752 1704/2392/752 1706/2393/752 1705/2394/752
o Plane.121_Plane.137
v 14.986789 13.068658 86.269363
v 36.051735 13.068658 86.269363
v 14.986789 13.068658 85.596527
v 36.051735 13.068658 85.596527
vt 0.504559 0.120789
vt 0.747348 0.120789
vt 0.747348 0.138218
vt 0.504559 0.138218
vn 0.0000 1.0000 0.0000
usemtl stone_2
s off
f 1707/2395/753 1708/2396/753 1710/2397/753 1709/2398/753
o Plane.144_Plane.160
v -20.727942 13.826095 86.723228
v -10.556885 13.779120 86.723228
v -20.727942 13.826095 86.050392
v -10.556885 13.779120 86.050392
vt 0.504559 0.120789
vt 0.747348 0.120789
vt 0.747348 0.138218
vt 0.504559 0.138218
vn 0.0046 1.0000 0.0000
usemtl stone_2
s off
f 1711/2399/754 1712/2400/754 1714/2401/754 1713/2402/754
o Plane.145_Plane.161
v -10.524858 13.153461 86.723228
v -9.232976 11.636255 86.723228
v -10.524858 13.153461 86.050392
v -9.232976 11.636255 86.050392
vt 0.504304 0.064779
vt 0.747746 0.064779
vt 0.747746 0.188812
vt 0.504304 0.188812
vn 0.7614 0.6483 0.0000
usemtl stone_2
s off
f 1715/2403/755 1716/2404/755 1718/2405/755 1717/2406/755
o Plane.147_Plane.163
v -4.980671 11.515560 88.360817
v -2.980671 11.515560 88.360817
v -4.980671 11.515560 86.360817
v -2.980671 11.515560 86.360817
vt 0.512775 0.506032
vt 0.747570 0.506032
vt 0.747570 0.740828
vt 0.512775 0.740828
vn 0.0000 1.0000 0.0000
usemtl stone_2
s off
f 1719/2407/756 1720/2408/756 1722/2409/756 1721/2410/756
o Plane.148_Plane.164
v -6.863022 12.152781 90.297890
v -4.863022 12.152781 90.297890
v -6.863022 12.152781 88.297890
v -4.863022 12.152781 88.297890
vt 0.512775 0.506032
vt 0.747570 0.506032
vt 0.747570 0.740828
vt 0.512775 0.740828
vn 0.0000 1.0000 0.0000
usemtl stone_2
s off
f 1723/2411/757 1724/2412/757 1726/2413/757 1725/2414/757
o Plane.149_Plane.165
v -8.876701 12.790003 88.360817
v -6.876701 12.790003 88.360817
v -8.876701 12.790003 86.360817
v -6.876701 12.790003 86.360817
vt 0.512775 0.506032
vt 0.747570 0.506032
vt 0.747570 0.740828
vt 0.512775 0.740828
vn 0.0000 1.0000 0.0000
usemtl stone_2
s off
f 1727/2415/758 1728/2416/758 1730/2417/758 1729/2418/758
o Plane.150_Plane.166
v -6.895855 8.326864 86.434692
v -4.895855 8.326864 86.434692
v -6.895855 8.326864 84.434692
v -4.895855 8.326864 84.434692
vt 0.512775 0.506032
vt 0.747570 0.506032
vt 0.747570 0.740828
vt 0.512775 0.740828
vn 0.0000 1.0000 0.0000
usemtl stone_2
s off
f 1731/2419/759 1732/2420/759 1734/2421/759 1733/2422/759
o Plane.151_Plane.167
v -4.980671 6.415201 88.360817
v -2.980671 6.415201 88.360817
v -4.980671 6.415201 86.360817
v -2.980671 6.415201 86.360817
vt 0.512775 0.506032
vt 0.747570 0.506032
vt 0.747570 0.740828
vt 0.512775 0.740828
vn 0.0000 1.0000 0.0000
usemtl stone_2
s off
f 1735/2423/760 1736/2424/760 1738/2425/760 1737/2426/760
o Plane.152_Plane.168
v -6.863022 7.052423 90.297890
v -4.863022 7.052423 90.297890
v -6.863022 7.052423 88.297890
v -4.863022 7.052423 88.297890
vt 0.512775 0.506032
vt 0.747570 0.506032
vt 0.747570 0.740828
vt 0.512775 0.740828
vn 0.0000 1.0000 0.0000
usemtl stone_2
s off
f 1739/2427/761 1740/2428/761 1742/2429/761 1741/2430/761
o Plane.153_Plane.169
v -8.876701 7.689644 88.360817
v -6.876701 7.689644 88.360817
v -8.876701 7.689644 86.360817
v -6.876701 7.689644 86.360817
vt 0.512775 0.506032
vt 0.747570 0.506032
vt 0.747570 0.740828
vt 0.512775 0.740828
vn 0.0000 1.0000 0.0000
usemtl stone_2
s off
f 1743/2431/762 1744/2432/762 1746/2433/762 1745/2434/762
o Plane.154_Plane.170
v -8.876701 10.238600 88.360817
v -6.876701 10.238600 88.360817
v -8.876701 10.238600 86.360817
v -6.876701 10.238600 86.360817
vt 0.512775 0.506032
vt 0.747570 0.506032
vt 0.747570 0.740828
vt 0.512775 0.740828
vn 0.0000 1.0000 0.0000
usemtl stone_2
s off
f 1747/2435/763 1748/2436/763 1750/2437/763 1749/2438/763
o Plane.155_Plane.171
v -6.863022 9.601378 90.297890
v -4.863022 9.601378 90.297890
v -6.863022 9.601378 88.297890
v -4.863022 9.601378 88.297890
vt 0.512775 0.506032
vt 0.747570 0.506032
vt 0.747570 0.740828
vt 0.512775 0.740828
vn 0.0000 1.0000 0.0000
usemtl stone_2
s off
f 1751/2439/764 1752/2440/764 1754/2441/764 1753/2442/764
o Plane.156_Plane.172
v -4.980671 8.964158 88.360817
v -2.980671 8.964158 88.360817
v -4.980671 8.964158 86.360817
v -2.980671 8.964158 86.360817
vt 0.512775 0.506032
vt 0.747570 0.506032
vt 0.747570 0.740828
vt 0.512775 0.740828
vn 0.0000 1.0000 0.0000
usemtl stone_2
s off
f 1755/2443/765 1756/2444/765 1758/2445/765 1757/2446/765
o Plane.157_Plane.173
v -6.895855 10.875822 86.434692
v -4.895855 10.875822 86.434692
v -6.895855 10.875822 84.434692
v -4.895855 10.875822 84.434692
vt 0.512775 0.506032
vt 0.747570 0.506032
vt 0.747570 0.740828
vt 0.512775 0.740828
vn 0.0000 1.0000 0.0000
usemtl stone_2
s off
f 1759/2447/766 1760/2448/766 1762/2449/766 1761/2450/766
o Plane.158_Plane.174
v -6.895855 5.770782 86.434692
v -4.895855 5.770782 86.434692
v -6.895855 5.770782 84.434692
v -4.895855 5.770782 84.434692
vt 0.512775 0.506032
vt 0.747570 0.506032
vt 0.747570 0.740828
vt 0.512775 0.740828
vn 0.0000 1.0000 0.0000
usemtl stone_2
s off
f 1763/2451/767 1764/2452/767 1766/2453/767 1765/2454/767
o Plane.159_Plane.175
v -4.980671 3.859119 88.360817
v -2.980671 3.859119 88.360817
v -4.980671 3.859119 86.360817
v -2.980671 3.859119 86.360817
vt 0.512775 0.506032
vt 0.747570 0.506032
vt 0.747570 0.740828
vt 0.512775 0.740828
vn 0.0000 1.0000 0.0000
usemtl stone_2
s off
f 1767/2455/768 1768/2456/768 1770/2457/768 1769/2458/768
o Plane.160_Plane.176
v -6.863022 4.496341 90.297890
v -4.863022 4.496341 90.297890
v -6.863022 4.496341 88.297890
v -4.863022 4.496341 88.297890
vt 0.512775 0.506032
vt 0.747570 0.506032
vt 0.747570 0.740828
vt 0.512775 0.740828
vn 0.0000 1.0000 0.0000
usemtl stone_2
s off
f 1771/2459/769 1772/2460/769 1774/2461/769 1773/2462/769
o Plane.161_Plane.177
v -8.876701 5.133561 88.360817
v -6.876701 5.133561 88.360817
v -8.876701 5.133561 86.360817
v -6.876701 5.133561 86.360817
vt 0.512775 0.506032
vt 0.747570 0.506032
vt 0.747570 0.740828
vt 0.512775 0.740828
vn 0.0000 1.0000 0.0000
usemtl stone_2
s off
f 1775/2463/770 1776/2464/770 1778/2465/770 1777/2466/770
o Plane.162_Plane.178
v -8.876701 2.584605 88.360817
v -6.876701 2.584605 88.360817
v -8.876701 2.584605 86.360817
v -6.876701 2.584605 86.360817
vt 0.512775 0.506032
vt 0.747570 0.506032
vt 0.747570 0.740828
vt 0.512775 0.740828
vn 0.0000 1.0000 0.0000
usemtl stone_2
s off
f 1779/2467/771 1780/2468/771 1782/2469/771 1781/2470/771
o Plane.163_Plane.179
v -6.863022 1.947384 90.297890
v -4.863022 1.947384 90.297890
v -6.863022 1.947384 88.297890
v -4.863022 1.947384 88.297890
vt 0.512775 0.506032
vt 0.747570 0.506032
vt 0.747570 0.740828
vt 0.512775 0.740828
vn 0.0000 1.0000 0.0000
usemtl stone_2
s off
f 1783/2471/772 1784/2472/772 1786/2473/772 1785/2474/772
o Plane.164_Plane.180
v -4.980671 1.310163 88.360817
v -2.980671 1.310163 88.360817
v -4.980671 1.310163 86.360817
v -2.980671 1.310163 86.360817
vt 0.512775 0.506032
vt 0.747570 0.506032
vt 0.747570 0.740828
vt 0.512775 0.740828
vn 0.0000 1.0000 0.0000
usemtl stone_2
s off
f 1787/2475/773 1788/2476/773 1790/2477/773 1789/2478/773
o Plane.165_Plane.181
v -6.895855 3.221826 86.434692
v -4.895855 3.221826 86.434692
v -6.895855 3.221826 84.434692
v -4.895855 3.221826 84.434692
vt 0.512775 0.506032
vt 0.747570 0.506032
vt 0.747570 0.740828
vt 0.512775 0.740828
vn 0.0000 1.0000 0.0000
usemtl stone_2
s off
f 1791/2479/774 1792/2480/774 1794/2481/774 1793/2482/774
o Plane.166_Plane.182
v -3.390435 0.842282 86.269363
v 11.133720 0.775205 86.269363
v -3.390435 0.842282 85.596527
v 11.133720 0.775205 85.596527
vt 0.504559 0.120789
vt 0.747348 0.120789
vt 0.747348 0.138218
vt 0.504559 0.138218
vn 0.0046 1.0000 0.0000
usemtl stone_2
s off
f 1795/2483/775 1796/2484/775 1798/2485/775 1797/2486/775
o Cube.054_Cube.060
v -44.737099 -3.692610 93.004890
v -44.737099 9.739611 93.004890
v -44.737099 -3.692610 80.125313
v -44.737099 9.739611 80.125313
v -32.218300 -3.692610 93.004890
v -32.218300 9.739611 93.004890
v -32.218300 -3.692610 80.125313
v -32.218300 9.739611 80.125313
vt 0.591261 0.001237
vt 0.653112 0.001237
vt 0.653112 0.063089
vt 0.591261 0.063089
vt 0.653112 0.124940
vt 0.591261 0.124940
vt 0.653112 0.186791
vt 0.591261 0.186791
vt 0.653112 0.248643
vt 0.591261 0.248643
vt 0.529410 0.124940
vt 0.529410 0.186791
vt 0.714964 0.124940
vt 0.714964 0.186791
vn -1.0000 0.0000 0.0000
vn 0.0000 0.0000 -1.0000
vn 1.0000 0.0000 0.0000
vn 0.0000 0.0000 1.0000
vn 0.0000 -1.0000 0.0000
vn 0.0000 1.0000 0.0000
usemtl stone_2
s off
f 1799/2487/776 1800/2488/776 1802/2489/776 1801/2490/776
f 1801/2490/777 1802/2489/777 1806/2491/777 1805/2492/777
f 1805/2492/778 1806/2491/778 1804/2493/778 1803/2494/778
f 1803/2494/779 1804/2493/779 1800/2495/779 1799/2496/779
f 1801/2497/780 1805/2492/780 1803/2494/780 1799/2498/780
f 1806/2491/781 1802/2499/781 1800/2500/781 1804/2493/781
o Plane.124_Plane.186
v -45.943306 0.129125 94.527290
v -31.073288 0.129125 94.527290
v -45.943306 0.129125 78.574593
v -31.073288 0.129125 78.574593
vt 0.277899 0.784813
vt 0.477170 0.784813
vt 0.477170 0.984084
vt 0.277899 0.984084
vn 0.0000 1.0000 0.0000
usemtl stone_2
s off
f 1807/2501/782 1808/2502/782 1810/2503/782 1809/2504/782
o Plane.125_Plane.187
v -47.140282 -0.034537 95.811417
v -29.876312 -0.034537 95.811417
v -47.140282 -0.034537 77.290466
v -29.876312 -0.034537 77.290466
vt 0.375568 0.242556
vt 0.382604 0.242556
vt 0.382604 0.249593
vt 0.375568 0.249593
vn 0.0000 1.0000 0.0000
usemtl stone_2
s off
f 1811/2505/783 1812/2506/783 1814/2507/783 1813/2508/783
o type2.010_Plane.183
v -27.497026 -0.159017 87.211250
v -26.792845 -0.061615 87.211250
v -27.497026 -0.159017 85.695229
v -26.792845 -0.061615 85.695229
v -30.087639 -0.141169 86.182976
v -25.429256 0.085965 86.182976
v -30.087639 -0.141169 85.891487
v -25.429256 0.085965 85.891487
v -27.753248 -0.251690 86.182976
v -27.753248 -0.251690 85.891487
v -30.087639 -0.141169 87.103233
v -25.429256 0.085965 87.103233
v -30.087639 -0.141169 86.811745
v -25.429256 0.085965 86.811745
v -27.753248 -0.251690 87.103233
v -27.753248 -0.251690 86.811745
v -26.383907 0.039418 87.211250
v -25.677784 0.073848 87.211250
v -26.383907 0.039418 85.695229
v -25.677784 0.073848 85.695229
v -28.758106 -0.239965 87.165245
v -28.071125 -0.104482 87.236954
v -28.370842 -0.221083 85.669525
v -27.683863 -0.085599 85.741234
v -29.438242 -0.109506 87.236626
v -28.740248 -0.075473 87.168419
v -29.797483 -0.127021 85.738060
v -29.099489 -0.092989 85.669853
vt 0.506180 0.504949
vt 0.747281 0.504949
vt 0.747281 0.746051
vt 0.506180 0.746051
vt 0.627868 0.504949
vt 0.747281 0.504949
vt 0.747281 0.746051
vt 0.627868 0.746051
vt 0.506180 0.504949
vt 0.506180 0.746051
vt 0.627868 0.504949
vt 0.747281 0.504949
vt 0.747281 0.746051
vt 0.627868 0.746051
vt 0.506180 0.504949
vt 0.506180 0.746051
vt 0.506180 0.504949
vt 0.747281 0.504949
vt 0.747281 0.746051
vt 0.506180 0.746051
vt 0.506180 0.504949
vt 0.747281 0.504949
vt 0.747281 0.746051
vt 0.506180 0.746051
vt 0.506180 0.504949
vt 0.747281 0.504949
vt 0.747281 0.746051
vt 0.506180 0.746051
vn -0.1370 0.9906 0.0000
vn -0.1438 0.9896 0.0000
vn 0.0473 0.9989 0.0000
vn -0.0487 0.9988 0.0000
vn -0.1897 0.9812 -0.0367
usemtl stone_2
s off
f 1815/2509/784 1816/2510/784 1818/2511/784 1817/2512/784
f 1823/2513/785 1820/2514/785 1822/2515/785 1824/2516/785
f 1819/2517/786 1823/2513/786 1824/2516/786 1821/2518/786
f 1829/2519/785 1826/2520/785 1828/2521/785 1830/2522/785
f 1825/2523/786 1829/2519/786 1830/2522/786 1827/2524/786
f 1831/2525/787 1832/2526/787 1834/2527/787 1833/2528/787
f 1835/2529/788 1836/2530/788 1838/2531/788 1837/2532/788
f 1839/2533/787 1840/2534/787 1842/2535/787 1841/2536/787
o Plane.126_Plane.190
v 109.001999 4.472129 89.724335
v 132.198761 4.472129 89.723755
v 109.001839 4.472129 83.140228
v 132.198593 4.472129 83.139648
vt 0.521185 0.298653
vt 0.733047 0.298653
vt 0.733047 0.456416
vt 0.521185 0.456416
vn 0.0000 1.0000 0.0000
usemtl stone_2
s off
f 1843/2537/789 1844/2538/789 1846/2539/789 1845/2540/789
o Plane.127_Plane.191
v 132.053299 4.497128 63.408428
v 132.053955 4.497128 89.691193
v 138.637390 4.497128 63.408264
v 138.638046 4.497128 89.691025
vt 0.521185 0.298653
vt 0.733047 0.298653
vt 0.733047 0.456416
vt 0.521185 0.456416
vn 0.0000 1.0000 0.0000
usemtl stone_2
s off
f 1847/2541/790 1848/2542/790 1850/2543/790 1849/2544/790
o Plane.128_Plane.192
v 108.556305 13.472221 91.442299
v 108.556305 4.191517 91.442299
v 108.556305 13.472221 82.161598
v 108.556305 4.191517 82.161598
vt 0.375143 0.242361
vt 0.382601 0.242361
vt 0.382601 0.249818
vt 0.375143 0.249818
vn 1.0000 0.0000 0.0000
usemtl stone_2
s off
f 1851/2545/791 1852/2546/791 1854/2547/791 1853/2548/791
o Cube.055_Cube.061
v 1.579533 -5.178008 8.192678
v 1.579533 5.826653 8.192678
v 1.579533 -5.178008 -5.275064
v 1.579536 5.826653 -5.275064
v 118.241966 0.781946 4.192137
v 118.241966 3.982513 4.192137
v 118.241966 0.781946 -0.268766
v 118.241966 3.982513 -0.268766
v 17.067158 -6.521592 -7.219340
v 17.067165 7.170236 -7.219340
v 17.067158 -6.521591 9.102438
v 17.067165 7.170236 9.102438
v 35.021660 7.012246 -7.363607
v 35.021660 -6.372741 8.991897
v 35.021660 -6.372742 -7.363607
v 35.021660 7.012246 8.991898
v 72.305229 7.035604 -6.460227
v 72.305229 -6.386960 8.850519
v 72.305229 -6.386961 -6.460227
v 72.305229 7.035604 8.850519
v 48.998108 -6.466009 -6.409633
v 48.998108 7.114652 8.898125
v 48.998108 7.114652 -6.409634
v 48.998108 -6.466009 8.898127
v 103.310722 7.092062 -6.354395
v 103.310715 -6.443418 9.272011
v 103.310715 -6.443418 -6.354396
v 103.310715 7.092062 9.272011
v 113.255066 4.772920 -1.650037
v 113.255066 -3.438307 4.735279
v 113.255066 -3.438308 -1.650037
v 113.255066 4.772920 4.735279
v 23.531269 -4.410638 -6.162220
v 23.531265 5.050143 3.652440
v 23.531265 5.050143 -6.162220
v 23.531265 -4.410637 3.652440
v 29.510391 4.576173 -6.595024
v 29.510391 -3.964084 3.320818
v 29.510391 -3.964083 -6.595024
v 29.510393 4.576173 3.320818
v 54.338261 4.863365 -1.888140
v 54.338261 -3.807980 2.621456
v 54.338261 -3.807980 -1.888140
v 54.338261 4.863364 2.621456
v 63.014671 4.562511 -2.523502
v 63.014671 -3.507126 2.362666
v 63.014671 -3.507126 -2.523502
v 63.014671 4.562511 2.362666
v 56.977879 -1.382849 -0.885966
v 56.977879 4.065196 0.534052
v 56.977879 4.065196 -0.885966
v 56.977879 -1.382849 0.534052
v 58.749016 4.032166 -2.235522
v 58.749016 -1.349819 0.281353
v 58.749016 -1.349819 -2.235522
v 58.749016 4.032166 0.281353
v 0.141037 -6.383765 1.458807
v 0.141037 0.324322 9.668310
v 0.141037 7.032409 1.458808
v 0.141037 0.324322 -6.750695
v 8.448952 -6.636626 -7.097647
v 115.531235 4.181082 -0.538616
v 118.241966 2.382230 -1.105185
v 118.241966 0.181840 1.961686
v 118.241966 4.582620 1.961686
v 118.241966 2.382230 5.028556
v 115.531235 -1.388785 3.980063
v 8.448952 7.285271 9.885948
v 21.413296 -5.521934 -6.636679
v 8.448948 7.285270 -7.097647
v 8.448952 -6.636626 9.885948
v 21.413292 6.169436 6.418891
v 17.067162 9.737453 0.941549
v 17.067162 -9.088811 0.941549
v 17.067162 0.324322 12.162769
v 17.067162 0.324322 -10.279673
v 31.533642 5.734963 -7.033416
v 31.533640 -5.112593 6.114905
v 41.946522 -6.863933 -7.361420
v 41.946526 7.511435 10.064228
v 35.021660 0.319753 12.058554
v 35.021660 9.521931 0.814145
v 35.021660 -8.882426 0.814145
v 35.021660 0.319753 -10.430265
v 65.181061 5.788732 -4.378946
v 65.181061 -5.089244 5.659364
v 87.738678 -6.862885 -7.241594
v 87.738678 7.511530 10.093292
v 72.305229 9.552336 1.195146
v 72.305229 0.324322 11.721283
v 72.305229 -8.903691 1.195146
v 72.305229 0.324322 -9.330992
v 52.718174 -5.314590 -4.179365
v 52.718174 6.014077 5.804778
v 41.946522 7.511435 -7.361419
v 41.946526 -6.863933 10.064228
v 48.998108 0.324322 -9.279839
v 48.998104 -9.012383 1.244246
v 48.998108 9.661027 1.244246
v 48.998108 0.324322 11.768330
v 87.738678 7.511530 -7.241593
v 87.738678 -6.862886 10.093292
v 110.793777 -5.214729 -4.018414
v 110.793777 5.949119 6.956985
v 103.310715 0.324322 12.201963
v 103.310715 9.629965 1.458808
v 103.310715 -8.981321 1.458807
v 103.310715 0.324322 -9.284348
v 110.793777 5.949119 -4.018414
v 110.793777 -5.214729 6.956984
v 115.531235 -1.388785 -0.538616
v 115.531235 4.181082 3.980063
v 113.255074 6.312525 1.542621
v 113.255081 0.667306 5.932525
v 113.255066 -4.977913 1.542621
v 113.255066 0.667306 -2.847283
v 26.514738 -3.763647 -6.207462
v 26.514740 4.386017 2.444028
v 21.413292 6.169436 -6.636679
v 21.413296 -5.521934 6.418891
v 23.531269 0.319753 -8.002468
v 23.531269 -6.184534 -1.254890
v 23.531273 0.319753 5.492688
v 23.531269 6.824039 -1.254889
v 26.514740 4.386017 -6.207462
v 26.514740 -3.763647 2.444028
v 31.533640 -5.112593 -7.033416
v 31.533640 5.734963 6.114905
v 29.510391 6.177471 -1.637103
v 29.510391 0.306045 5.180038
v 29.510393 0.306045 -8.454245
v 29.510391 -5.565382 -1.637103
v 52.718170 6.014077 -4.179365
v 52.718174 -5.314591 5.804778
v 55.772785 -2.384871 -0.808413
v 55.772785 4.253737 1.026200
v 54.338261 0.527692 3.467005
v 54.338261 6.489243 0.366658
v 54.338261 0.527692 -2.733689
v 54.338261 -5.433858 0.366658
v 60.839237 4.068657 -2.144585
v 60.839237 -2.199791 0.701329
v 65.181068 -5.089244 -4.378946
v 65.181068 5.788732 5.659364
v 63.014671 6.075569 -0.080418
v 63.014671 0.527693 3.278822
v 63.014671 0.527693 -3.439659
v 63.014671 -5.020184 -0.080418
v 57.692982 -1.046537 -1.643184
v 57.692982 4.033940 0.309944
v 55.772785 4.253737 -0.808413
v 55.772785 -2.384871 1.026200
v 56.977879 -2.404358 -0.175957
v 56.977879 1.341174 -1.152220
v 56.977879 5.086705 -0.175957
v 56.977879 1.341174 0.800306
v 57.692982 4.033939 -1.643184
v 57.692982 -1.046537 0.309944
v 60.839237 -2.199791 -2.144585
v 60.839237 4.068657 0.701329
v 58.749016 1.341174 0.753267
v 58.749016 5.041289 -0.977084
v 58.749016 -2.358942 -0.977084
v 58.749016 1.341174 -2.707435
v -2.877804 0.324322 1.458808
v 115.531235 1.396149 -1.385868
v 8.307125 0.324322 13.079466
v 115.531235 -2.433135 1.720724
v 8.307133 9.903055 1.394150
v 21.413292 8.361567 -0.108894
v 8.307129 -9.254411 1.394150
v 21.413296 0.323751 8.866810
v 8.307129 0.324322 -10.291164
v 41.946526 0.323751 13.331537
v 41.946526 10.206816 1.351404
v 31.533642 -7.146510 -0.459256
v 31.533642 0.311185 -9.498726
v 87.738678 10.206733 1.425850
v 87.738678 0.324322 13.343582
v 65.181068 -7.128865 0.640209
v 65.181061 0.349744 -6.261128
v 41.946522 0.323751 -10.628729
v 41.946522 -9.559314 1.351405
v 52.718174 8.138202 0.812706
v 52.718174 0.349743 7.676805
v 110.793777 0.367195 9.014872
v 110.793777 8.042340 1.469284
v 87.738678 -9.558089 1.425850
v 87.738678 0.324322 -10.491884
v 115.531235 5.225431 1.720724
v 115.531235 1.396148 4.827315
v 110.793777 -7.307951 1.469285
v 110.793785 0.367195 -6.076303
v 21.413292 0.323751 -9.084599
v 21.413292 -7.714067 -0.108894
v 26.514738 0.311185 4.066183
v 26.514736 5.914080 -1.881716
v 31.533640 7.768879 -0.459256
v 31.533642 0.311185 8.580215
v 26.514738 0.311185 -7.829617
v 26.514738 -5.291709 -1.881716
v 55.772785 0.934433 1.370190
v 55.772785 5.498477 0.108894
v 52.718174 0.349743 -6.051393
v 52.718174 -7.438716 0.812706
v 65.181061 7.828352 0.640209
v 65.181068 0.349744 7.541547
v 60.839237 0.934433 -2.678194
v 60.839237 -3.375125 -0.721628
v 55.772785 -3.629610 0.108894
v 55.772785 0.934433 -1.152403
v 57.692982 4.986528 -0.666620
v 57.692982 1.493701 0.676156
v 60.839237 0.934433 1.234938
v 60.839237 5.243991 -0.721628
v 57.692982 -1.999127 -0.666620
v 57.692982 1.493701 -2.009395
vt 0.843775 0.004817
vt 0.874141 0.004817
vt 0.874141 0.035183
vt 0.843775 0.035183
vt 0.904507 0.004817
vt 0.904507 0.035183
vt 0.904507 0.065549
vt 0.874141 0.065549
vt 0.843775 0.065549
vt 0.843775 0.235457
vt 0.874141 0.234644
vt 0.874141 0.237462
vt 0.843775 0.237543
vt 0.904507 0.235457
vt 0.904507 0.237543
vt 0.904507 0.239629
vt 0.874141 0.239629
vt 0.843775 0.239629
vt 0.843775 0.192764
vt 0.874141 0.199446
vt 0.874141 0.218543
vt 0.843775 0.217875
vt 0.904507 0.192764
vt 0.904507 0.217875
vt 0.904507 0.242986
vt 0.874141 0.242986
vt 0.843775 0.242986
vt 0.989824 0.126281
vt 0.991905 0.126281
vt 0.991824 0.156647
vt 0.989013 0.156647
vt 0.993986 0.126281
vt 0.993986 0.156647
vt 0.993986 0.187013
vt 0.991905 0.187013
vt 0.989824 0.187013
vt 0.947239 0.134597
vt 0.973705 0.134597
vt 0.974410 0.156647
vt 0.954281 0.156647
vt 1.000172 0.134597
vt 1.000172 0.156647
vt 1.000172 0.178696
vt 0.973705 0.178696
vt 0.947239 0.178696
vt 0.945007 0.134597
vt 0.946123 0.134597
vt 0.946603 0.156647
vt 0.942764 0.156647
vt 0.946123 0.178696
vt 0.945007 0.178696
vt 0.763692 0.126281
vt 0.788228 0.126281
vt 0.787575 0.156647
vt 0.763692 0.156647
vt 0.812764 0.126281
vt 0.806236 0.156647
vt 0.812764 0.187013
vt 0.788228 0.187013
vt 0.763692 0.187013
vt 0.843775 0.190647
vt 0.874141 0.188518
vt 0.874141 0.192161
vt 0.843775 0.191706
vt 0.904507 0.190647
vt 0.904507 0.191706
vt 0.843775 0.008783
vt 0.874141 0.008783
vt 0.874141 0.032723
vt 0.843775 0.033378
vt 0.904507 0.008783
vt 0.904507 0.033378
vt 0.904507 0.057973
vt 0.874141 0.051429
vt 0.843775 0.057973
vt 0.843775 0.132728
vt 0.874141 0.137564
vt 0.874141 0.151792
vt 0.843775 0.151806
vt 0.904507 0.132728
vt 0.904507 0.151806
vt 0.904507 0.170884
vt 0.874141 0.165907
vt 0.843775 0.170884
vt 0.883961 0.134597
vt 0.904069 0.134597
vt 0.904054 0.156647
vt 0.889058 0.156647
vt 0.924177 0.134597
vt 0.918931 0.156647
vt 0.924177 0.178696
vt 0.904069 0.178696
vt 0.883961 0.178696
vt 0.831878 0.126281
vt 0.833011 0.126281
vt 0.833292 0.156647
vt 0.829825 0.156647
vt 0.834144 0.126281
vt 0.839007 0.156647
vt 0.834144 0.187013
vt 0.833011 0.187013
vt 0.831878 0.187013
vt 0.843775 0.077132
vt 0.874141 0.075075
vt 0.874141 0.078550
vt 0.843775 0.078268
vt 0.904507 0.077132
vt 0.904507 0.078268
vt 0.904507 0.079404
vt 0.874141 0.084279
vt 0.843775 0.079404
vt 0.767038 0.134597
vt 0.812682 0.134597
vt 0.812556 0.156647
vt 0.778219 0.156647
vt 0.858326 0.134597
vt 0.845882 0.156647
vt 0.858326 0.178696
vt 0.812682 0.178696
vt 0.767038 0.178696
vt 0.843775 0.021795
vt 0.874141 0.032402
vt 0.874141 0.064981
vt 0.843775 0.065100
vt 0.904507 0.021795
vt 0.904507 0.065100
vt 0.904507 0.108406
vt 0.874141 0.096600
vt 0.843775 0.108406
vt 0.893622 0.126281
vt 0.894407 0.126281
vt 0.895399 0.156647
vt 0.892012 0.156647
vt 0.895192 0.126281
vt 0.906728 0.156647
vt 0.895192 0.187013
vt 0.894407 0.187013
vt 0.893622 0.187013
vt 0.843775 0.139024
vt 0.874141 0.137411
vt 0.874141 0.140806
vt 0.843775 0.139811
vt 0.904507 0.139024
vt 0.904507 0.139811
vt 0.904507 0.140598
vt 0.874141 0.152162
vt 0.843775 0.140598
vt 0.874141 0.098104
vt 0.843775 0.098090
vt 0.904507 0.098090
vt 0.904507 0.116776
vt 0.874141 0.112039
vt 0.843775 0.116776
vt 0.852785 0.126281
vt 0.852799 0.156647
vt 0.871426 0.126281
vt 0.866701 0.156647
vt 0.871426 0.187013
vt 0.852785 0.187013
vt 0.880442 0.134597
vt 0.882201 0.134597
vt 0.882683 0.156647
vt 0.880163 0.156647
vt 0.882201 0.178696
vt 0.880442 0.178696
vt 0.843775 0.129389
vt 0.874141 0.129124
vt 0.874141 0.131516
vt 0.843775 0.131059
vt 0.904507 0.129389
vt 0.904507 0.131059
vt 0.843775 0.011557
vt 0.874141 0.012387
vt 0.874141 0.017820
vt 0.843775 0.016676
vt 0.904507 0.011557
vt 0.904507 0.016676
vt 0.756248 0.134597
vt 0.761643 0.134597
vt 0.762849 0.156647
vt 0.757123 0.156647
vt 0.761643 0.178696
vt 0.756248 0.178696
vt 0.937506 0.126281
vt 0.937623 0.156647
vt 0.979820 0.126281
vt 0.969456 0.156647
vt 0.979820 0.187013
vt 0.937506 0.187013
vt 0.874141 0.183131
vt 0.843775 0.183014
vt 0.904507 0.183014
vt 0.904507 0.225430
vt 0.874141 0.215040
vt 0.843775 0.225430
vt 0.751759 0.134597
vt 0.754004 0.134597
vt 0.754091 0.156647
vt 0.751759 0.156647
vt 0.754004 0.178696
vt 0.751759 0.178696
vt 0.843775 0.007297
vt 0.874141 0.007297
vt 0.874141 0.009510
vt 0.843775 0.009427
vt 0.904507 0.007297
vt 0.904507 0.009427
vt 0.984822 0.126281
vt 0.983705 0.156647
vt 0.984822 0.187013
vt 0.874141 0.229323
vt 0.843775 0.230444
vt 0.904507 0.230444
vt 0.874141 0.058564
vt 0.843775 0.059010
vt 0.904507 0.059010
vt 0.904507 0.060047
vt 0.874141 0.062132
vt 0.843775 0.060047
vt 0.813799 0.126281
vt 0.813354 0.156647
vt 0.814833 0.126281
vt 0.816913 0.156647
vt 0.814833 0.187013
vt 0.813799 0.187013
vt 0.843775 0.173203
vt 0.874141 0.175304
vt 0.874141 0.181922
vt 0.843775 0.181925
vt 0.904507 0.173203
vt 0.904507 0.181925
vt 0.926621 0.134597
vt 0.935814 0.134597
vt 0.935811 0.156647
vt 0.928836 0.156647
vt 0.935814 0.178696
vt 0.926621 0.178696
vt 0.925399 0.134597
vt 0.925096 0.156647
vt 0.925399 0.178696
vt 0.874141 0.171756
vt 0.843775 0.172044
vt 0.904507 0.172044
vt 0.874141 0.068592
vt 0.843775 0.068589
vt 0.904507 0.068589
vt 0.823356 0.126281
vt 0.823358 0.156647
vt 0.823356 0.187013
vt 0.843775 0.124142
vt 0.874141 0.124779
vt 0.874141 0.126803
vt 0.843775 0.126766
vt 0.904507 0.124142
vt 0.904507 0.126766
vt 0.874912 0.134597
vt 0.877677 0.134597
vt 0.877716 0.156647
vt 0.875583 0.156647
vt 0.877677 0.178696
vt 0.874912 0.178696
vt 0.874141 0.117963
vt 0.843775 0.118411
vt 0.904507 0.118411
vt 0.904507 0.120046
vt 0.874141 0.120305
vt 0.843775 0.120046
vt 0.873058 0.126281
vt 0.872611 0.156647
vt 0.874689 0.126281
vt 0.874948 0.156647
vt 0.874689 0.187013
vt 0.873058 0.187013
vt 0.859173 0.134597
vt 0.858102 0.156647
vt 0.860019 0.134597
vt 0.861755 0.156647
vt 0.860019 0.178696
vt 0.859173 0.178696
vt 0.874141 0.108193
vt 0.843775 0.109209
vt 0.904507 0.109209
vt 0.904507 0.110013
vt 0.874141 0.111660
vt 0.843775 0.110013
vt 0.843775 0.125835
vt 0.874141 0.127577
vt 0.874141 0.132443
vt 0.843775 0.132430
vt 0.904507 0.125835
vt 0.904507 0.132430
vt 0.880464 0.126281
vt 0.887043 0.126281
vt 0.887056 0.156647
vt 0.882202 0.156647
vt 0.887043 0.187013
vt 0.880464 0.187013
vt 0.877252 0.126281
vt 0.877216 0.156647
vt 0.879816 0.126281
vt 0.879194 0.156647
vt 0.879816 0.187013
vt 0.877252 0.187013
vt 0.874141 0.122579
vt 0.843775 0.122615
vt 0.904507 0.122615
vt 0.904507 0.125185
vt 0.874141 0.124562
vt 0.843775 0.125185
vt 0.874213 0.134597
vt 0.874562 0.134597
vt 0.874442 0.156647
vt 0.872338 0.156647
vt 0.874562 0.178696
vt 0.874212 0.178696
vt 0.843775 0.123479
vt 0.874141 0.121700
vt 0.874141 0.123696
vt 0.843775 0.123810
vt 0.904507 0.123479
vt 0.904507 0.123810
vt 0.874141 0.116732
vt 0.843775 0.116746
vt 0.904507 0.116746
vt 0.867116 0.134597
vt 0.867102 0.156647
vt 0.867116 0.178696
vt 0.880140 0.126281
vt 0.880252 0.156647
vt 0.880140 0.187013
vt 0.874141 0.125622
vt 0.843775 0.125510
vt 0.904507 0.125510
vn -0.8861 -0.3589 0.2933
vn -0.8861 0.3589 0.2933
vn -0.8861 0.3589 -0.2933
vn -0.8861 -0.3589 -0.2933
vn 0.5819 -0.2313 -0.7797
vn 0.4705 0.2510 -0.8459
vn 0.0427 0.3581 -0.9327
vn 0.2904 -0.3430 -0.8933
vn 0.0915 -0.4101 0.9074
vn 0.0915 0.4101 0.9074
vn -0.3307 0.3676 0.8692
vn -0.3307 -0.3676 0.8692
vn 0.7186 -0.6284 -0.2978
vn 0.6526 -0.7115 -0.2606
vn 0.6248 -0.7332 0.2685
vn 0.6949 -0.6498 0.3080
vn 0.0056 0.9548 -0.2972
vn -0.2972 0.9183 -0.2615
vn -0.2931 0.9197 0.2614
vn 0.0365 0.9542 0.2968
vn 0.4756 0.8311 -0.2883
vn 0.2366 0.9243 -0.2995
vn 0.3654 0.8855 0.2869
vn 0.6670 0.7039 0.2441
vn -0.2972 -0.9183 -0.2615
vn 0.0056 -0.9548 -0.2972
vn 0.0365 -0.9542 0.2968
vn -0.2931 -0.9197 0.2614
vn 0.8217 -0.2142 0.5282
vn 0.8219 0.2140 0.5278
vn 0.5606 0.3297 0.7597
vn 0.5605 -0.3297 0.7597
vn -0.3439 -0.3674 -0.8642
vn -0.3439 0.3674 -0.8642
vn -0.0030 0.4126 -0.9109
vn -0.0030 -0.4126 -0.9109
vn 0.1853 -0.3951 0.8998
vn 0.1852 0.3951 0.8998
vn -0.1668 0.4093 0.8970
vn -0.1663 -0.4094 0.8971
vn 0.0816 0.9492 -0.3040
vn -0.0701 0.9533 -0.2938
vn -0.1152 0.9493 0.2925
vn 0.0908 0.9484 0.3037
vn -0.5071 -0.8220 -0.2591
vn -0.3475 -0.8961 -0.2760
vn -0.5053 -0.8247 0.2540
vn -0.6843 -0.6955 0.2192
vn -0.4102 -0.3716 -0.8329
vn -0.4118 0.3713 -0.8322
vn -0.2344 0.4038 -0.8843
vn -0.2325 -0.4040 -0.8847
vn 0.0394 0.9524 -0.3024
vn -0.0403 0.9518 -0.3039
vn -0.0493 0.9515 0.3038
vn 0.0381 0.9524 0.3024
vn 0.0630 -0.4041 0.9125
vn 0.0630 0.4041 0.9125
vn -0.0908 0.4014 0.9114
vn -0.0908 -0.4014 0.9114
vn -0.6613 -0.6772 -0.3224
vn -0.2326 -0.9152 -0.3290
vn -0.2802 -0.9033 0.3247
vn -0.7595 -0.5873 0.2796
vn -0.7547 -0.1859 -0.6292
vn -0.7411 0.1902 -0.6439
vn -0.3453 0.3419 -0.8740
vn -0.3474 -0.3416 -0.8733
vn -0.0275 -0.4150 -0.9094
vn -0.0280 0.4150 -0.9094
vn 0.1586 0.3969 -0.9040
vn 0.1587 -0.3969 -0.9040
vn -0.0690 -0.9534 -0.2938
vn 0.0818 -0.9492 -0.3040
vn 0.0910 -0.9484 0.3037
vn -0.1141 -0.9494 0.2926
vn 0.7172 0.6189 -0.3203
vn 0.3829 0.8666 -0.3200
vn 0.4436 0.8407 0.3105
vn 0.7885 0.5462 0.2826
vn 0.9194 -0.1031 0.3795
vn 0.9158 0.1053 0.3875
vn 0.6902 0.2575 0.6762
vn 0.6921 -0.2569 0.6746
vn 0.7562 -0.2084 0.6202
vn 0.7332 0.2166 0.6446
vn 0.3457 0.3514 0.8701
vn 0.3492 -0.3509 0.8688
vn 0.5928 0.7429 -0.3109
vn 0.2185 0.9216 -0.3209
vn 0.2176 0.9218 0.3209
vn 0.5806 0.7511 0.3143
vn -0.0403 -0.9518 -0.3039
vn 0.0394 -0.9524 -0.3024
vn 0.0381 -0.9524 0.3024
vn -0.0493 -0.9515 0.3038
vn -0.0637 -0.4022 -0.9133
vn -0.0637 0.4022 -0.9133
vn 0.0668 0.4040 -0.9123
vn 0.0668 -0.4040 -0.9123
vn 0.1754 0.9244 -0.3386
vn 0.4138 0.8226 -0.3899
vn 0.3614 0.8426 0.3993
vn 0.1162 0.9326 0.3416
vn 0.1363 -0.3551 0.9248
vn -0.1223 0.3557 0.9265
vn 0.3579 0.2656 0.8952
vn 0.4922 -0.2476 0.8345
vn 0.2285 -0.9194 -0.3201
vn 0.6929 -0.6651 -0.2784
vn 0.6841 -0.6728 0.2816
vn 0.2276 -0.9196 0.3202
vn 0.3514 -0.3506 -0.8681
vn 0.3478 0.3511 -0.8693
vn 0.7502 0.2106 -0.6268
vn 0.7714 -0.2027 -0.6032
vn 0.2273 -0.3877 -0.8933
vn 0.2274 0.3877 -0.8933
vn 0.4029 0.3439 -0.8482
vn 0.4018 -0.3441 -0.8486
vn 0.2364 -0.9243 -0.2995
vn 0.4731 -0.8323 -0.2887
vn 0.6655 -0.7052 0.2446
vn 0.3652 -0.8856 0.2870
vn -0.3046 -0.3667 0.8790
vn -0.3035 0.3669 0.8794
vn 0.4120 0.3334 0.8480
vn 0.4104 -0.3337 0.8486
vn -0.0791 0.9446 -0.3184
vn 0.2060 0.9214 -0.3295
vn 0.3320 0.8882 0.3176
vn -0.1304 0.9395 0.3167
vn -0.3514 0.8947 -0.2756
vn -0.5102 0.8202 -0.2586
vn -0.6862 0.6938 0.2187
vn -0.5083 0.8230 0.2535
vn -0.6703 -0.3082 0.6751
vn -0.6711 0.3079 0.6744
vn -0.8346 0.2244 0.5031
vn -0.8343 -0.2246 0.5035
vn 0.0590 -0.3653 -0.9290
vn 0.0610 0.3653 -0.9289
vn -0.1655 0.3797 -0.9102
vn -0.1668 -0.3796 -0.9100
vn 0.2009 -0.9224 -0.3299
vn -0.0823 -0.9444 -0.3183
vn -0.1336 -0.9391 0.3166
vn 0.3275 -0.8897 0.3182
vn 0.4452 -0.0900 0.8909
vn 0.3945 0.0923 0.9142
vn 0.7886 0.0944 0.6076
vn 0.8076 -0.0905 0.5827
vn 0.0231 0.5831 -0.8121
vn 0.5182 0.6342 -0.5739
vn 0.6463 0.5658 0.5120
vn 0.3771 0.5402 0.7523
vn 0.5959 -0.2858 -0.7505
vn 0.5933 0.2864 -0.7523
vn 0.8681 0.1302 -0.4789
vn 0.8749 -0.1270 -0.4673
vn 0.3930 -0.8626 -0.3186
vn 0.7745 -0.5619 -0.2907
vn 0.8281 -0.4979 0.2576
vn 0.4527 -0.8364 0.3089
vn -0.2264 0.9166 -0.3295
vn -0.5914 0.7281 -0.3466
vn -0.7138 0.6323 0.3010
vn -0.2742 0.9050 0.3253
vn -0.4583 -0.3238 0.8277
vn -0.4564 0.3241 0.8286
vn -0.8672 0.1410 0.4775
vn -0.8728 -0.1383 0.4681
vn -0.0228 -0.1701 -0.9852
vn 0.0434 0.1699 -0.9845
vn -0.2524 0.1918 -0.9484
vn -0.3176 -0.1879 -0.9294
vn -0.2818 -0.7439 -0.6060
vn -0.4632 -0.7276 -0.5060
vn -0.6517 -0.6227 0.4330
vn -0.4090 -0.7075 0.5764
vn 0.7162 -0.5174 -0.4683
vn 0.3848 -0.5384 -0.7497
vn 0.6251 -0.4553 0.6340
vn 0.7851 -0.4593 0.4156
vn 0.7122 -0.1078 -0.6937
vn 0.6800 0.1126 -0.7245
vn -0.0410 0.1004 -0.9941
vn 0.0268 -0.1004 -0.9946
vn -0.2881 0.7197 -0.6317
vn -0.5168 0.5561 -0.6509
vn 0.4025 0.5946 0.6960
vn 0.0867 0.7487 0.6572
vn -0.0567 -0.1579 0.9858
vn -0.0111 0.1582 0.9873
vn 0.2257 0.1162 0.9672
vn 0.2719 -0.1148 0.9555
vn -0.6742 -0.1464 0.7239
vn -0.6426 0.1519 0.7510
vn -0.1937 0.1669 0.9668
vn -0.2550 -0.1645 0.9529
vn -0.2108 0.8026 -0.5581
vn 0.0080 0.7753 -0.6316
vn -0.1449 0.7671 0.6249
vn -0.4834 0.7187 0.4998
vn -0.3105 -0.6175 -0.7227
vn -0.4599 -0.6674 -0.5858
vn -0.1290 -0.7453 0.6542
vn 0.5826 -0.5280 0.6180
vn -0.7337 -0.0810 -0.6746
vn -0.7491 0.0790 -0.6577
vn -0.5092 0.1361 -0.8498
vn -0.5375 -0.1334 -0.8326
usemtl stone_2
s off
f 1855/2549/792 1912/2550/792 2019/2551/792 1911/2552/792
f 1912/2550/793 1856/2553/793 1913/2554/793 2019/2551/793
f 2019/2551/794 1913/2554/794 1858/2555/794 1914/2556/794
f 1911/2552/795 2019/2551/795 1914/2556/795 1857/2557/795
f 1885/2558/796 1970/2559/796 2020/2560/796 1965/2561/796
f 1970/2559/797 1883/2562/797 1916/2563/797 2020/2560/797
f 2020/2560/798 1916/2563/798 1862/2564/798 1917/2565/798
f 1965/2561/799 2020/2560/799 1917/2565/799 1861/2566/799
f 1865/2567/800 1929/2568/800 2021/2569/800 1925/2570/800
f 1929/2568/801 1866/2571/801 1922/2572/801 2021/2569/801
f 2021/2569/802 1922/2572/802 1856/2573/802 1912/2574/802
f 1925/2570/803 2021/2569/803 1912/2574/803 1855/2575/803
f 1885/2576/804 1965/2577/804 2022/2578/804 1969/2579/804
f 1965/2577/805 1861/2580/805 1918/2581/805 2022/2578/805
f 2022/2578/806 1918/2581/806 1859/2582/806 1921/2583/806
f 1969/2579/807 2022/2578/807 1921/2583/807 1884/2584/807
f 1864/2585/808 1924/2586/808 2023/2587/808 1927/2588/808
f 1924/2586/809 1858/2589/809 1913/2590/809 2023/2587/809
f 2023/2587/810 1913/2590/810 1856/2591/810 1922/2592/810
f 1927/2588/811 2023/2587/811 1922/2592/811 1866/2593/811
f 1889/2594/812 1973/2595/812 2024/2596/812 1978/2597/812
f 1973/2595/813 1864/2585/813 1927/2588/813 2024/2596/813
f 2024/2596/814 1927/2588/814 1866/2593/814 1926/2598/814
f 1978/2597/815 2024/2596/815 1926/2598/815 1888/2599/815
f 1857/2600/816 1915/2601/816 2025/2602/816 1911/2603/816
f 1915/2601/817 1863/2604/817 1928/2605/817 2025/2602/817
f 2025/2602/818 1928/2605/818 1865/2606/818 1925/2607/818
f 1911/2603/819 2025/2602/819 1925/2607/819 1855/2608/819
f 1890/2609/820 1977/2610/820 2026/2611/820 1974/2612/820
f 1977/2610/821 1888/2613/821 1926/2614/821 2026/2611/821
f 2026/2611/822 1926/2614/822 1866/2571/822 1929/2568/822
f 1974/2612/823 2026/2611/823 1929/2568/823 1865/2567/823
f 1857/2615/824 1914/2616/824 2027/2617/824 1915/2618/824
f 1914/2616/825 1858/2619/825 1924/2620/825 2027/2617/825
f 2027/2617/826 1924/2620/826 1864/2621/826 1930/2622/826
f 1915/2618/827 2027/2617/827 1930/2622/827 1863/2623/827
f 1878/2624/828 1954/2625/828 2028/2626/828 1950/2627/828
f 1954/2625/829 1876/2628/829 1934/2629/829 2028/2626/829
f 2028/2626/830 1934/2629/830 1870/2630/830 1935/2631/830
f 1950/2627/831 2028/2626/831 1935/2631/831 1868/2632/831
f 1877/2633/832 1949/2634/832 2029/2635/832 1953/2636/832
f 1949/2634/833 1867/2637/833 1936/2638/833 2029/2635/833
f 2029/2635/834 1936/2638/834 1870/2639/834 1934/2640/834
f 1953/2636/835 2029/2635/835 1934/2640/835 1876/2641/835
f 1893/2642/836 1981/2643/836 2030/2644/836 1986/2645/836
f 1981/2643/837 1869/2646/837 1937/2647/837 2030/2644/837
f 2030/2644/838 1937/2647/838 1868/2648/838 1932/2649/838
f 1986/2645/839 2030/2644/839 1932/2649/839 1892/2650/839
f 1893/2651/840 1985/2652/840 2031/2653/840 1981/2654/840
f 1985/2652/841 1891/2655/841 1931/2656/841 2031/2653/841
f 2031/2653/842 1931/2656/842 1867/2657/842 1938/2658/842
f 1981/2654/843 2031/2653/843 1938/2658/843 1869/2659/843
f 1879/2660/844 1955/2661/844 2032/2662/844 1960/2663/844
f 1955/2661/845 1871/2664/845 1943/2665/845 2032/2662/845
f 2032/2662/846 1943/2665/846 1874/2666/846 1942/2667/846
f 1960/2663/847 2032/2662/847 1942/2667/847 1882/2668/847
f 1880/2669/848 1959/2670/848 2033/2671/848 1956/2672/848
f 1959/2670/849 1882/2673/849 1942/2674/849 2033/2671/849
f 2033/2671/850 1942/2674/850 1874/2675/850 1944/2676/850
f 1956/2672/851 2033/2671/851 1944/2676/851 1872/2677/851
f 1901/2678/852 1997/2679/852 2034/2680/852 2002/2681/852
f 1997/2679/853 1873/2682/853 1945/2683/853 2034/2680/853
f 2034/2680/854 1945/2683/854 1872/2684/854 1940/2685/854
f 2002/2681/855 2034/2680/855 1940/2685/855 1900/2686/855
f 1901/2687/856 2001/2688/856 2035/2689/856 1997/2690/856
f 2001/2688/857 1899/2691/857 1939/2692/857 2035/2689/857
f 2035/2689/858 1939/2692/858 1871/2693/858 1946/2694/858
f 1997/2690/859 2035/2689/859 1946/2694/859 1873/2695/859
f 1869/2659/860 1938/2658/860 2036/2696/860 1933/2697/860
f 1938/2658/861 1867/2657/861 1949/2698/861 2036/2696/861
f 2036/2696/862 1949/2698/862 1877/2699/862 1951/2700/862
f 1933/2697/863 2036/2696/863 1951/2700/863 1875/2701/863
f 1869/2646/864 1933/2702/864 2037/2703/864 1937/2647/864
f 1933/2702/865 1875/2704/865 1952/2705/865 2037/2703/865
f 2037/2703/866 1952/2705/866 1878/2706/866 1950/2707/866
f 1937/2647/867 2037/2703/867 1950/2707/867 1868/2648/867
f 1895/2708/868 1987/2709/868 2038/2710/868 1992/2711/868
f 1987/2709/869 1877/2633/869 1953/2636/869 2038/2710/869
f 2038/2710/870 1953/2636/870 1876/2641/870 1948/2712/870
f 1992/2711/871 2038/2710/871 1948/2712/871 1898/2713/871
f 1896/2714/872 1991/2715/872 2039/2716/872 1988/2717/872
f 1991/2715/873 1898/2718/873 1948/2719/873 2039/2716/873
f 2039/2716/874 1948/2719/874 1876/2628/874 1954/2625/874
f 1988/2717/875 2039/2716/875 1954/2625/875 1878/2624/875
f 1884/2720/876 1968/2721/876 2040/2722/876 1964/2723/876
f 1968/2721/877 1886/2724/877 1958/2725/877 2040/2722/877
f 2040/2722/878 1958/2725/878 1882/2673/878 1959/2670/878
f 1964/2723/879 2040/2722/879 1959/2670/879 1880/2669/879
f 1883/2726/880 1963/2727/880 2041/2728/880 1967/2729/880
f 1963/2727/881 1879/2660/881 1960/2663/881 2041/2728/881
f 2041/2728/882 1960/2663/882 1882/2668/882 1958/2730/882
f 1967/2729/883 2041/2728/883 1958/2730/883 1886/2731/883
f 1873/2682/884 1941/2732/884 2042/2733/884 1945/2683/884
f 1941/2732/885 1881/2734/885 1961/2735/885 2042/2733/885
f 2042/2733/886 1961/2735/886 1880/2736/886 1956/2737/886
f 1945/2683/887 2042/2733/887 1956/2737/887 1872/2684/887
f 1873/2695/888 1946/2694/888 2043/2738/888 1941/2739/888
f 1946/2694/889 1871/2693/889 1955/2740/889 2043/2738/889
f 2043/2738/890 1955/2740/890 1879/2741/890 1962/2742/890
f 1941/2739/891 2043/2738/891 1962/2742/891 1881/2743/891
f 1862/2744/892 1916/2745/892 2044/2746/892 1919/2747/892
f 1916/2745/893 1883/2726/893 1967/2729/893 2044/2746/893
f 2044/2746/894 1967/2729/894 1886/2731/894 1966/2748/894
f 1919/2747/895 2044/2746/895 1966/2748/895 1860/2749/895
f 1859/2750/896 1920/2751/896 2045/2752/896 1921/2753/896
f 1920/2751/897 1860/2754/897 1966/2755/897 2045/2752/897
f 2045/2752/898 1966/2755/898 1886/2724/898 1968/2721/898
f 1921/2753/899 2045/2752/899 1968/2721/899 1884/2720/899
f 1881/2734/900 1957/2756/900 2046/2757/900 1961/2735/900
f 1957/2756/901 1885/2576/901 1969/2579/901 2046/2757/901
f 2046/2757/902 1969/2579/902 1884/2584/902 1964/2758/902
f 1961/2735/903 2046/2757/903 1964/2758/903 1880/2736/903
f 1881/2743/904 1962/2742/904 2047/2759/904 1957/2760/904
f 1962/2742/905 1879/2741/905 1963/2761/905 2047/2759/905
f 2047/2759/906 1963/2761/906 1883/2562/906 1970/2559/906
f 1957/2760/907 2047/2759/907 1970/2559/907 1885/2558/907
f 1863/2623/908 1930/2622/908 2048/2762/908 1923/2763/908
f 1930/2622/909 1864/2621/909 1973/2764/909 2048/2762/909
f 2048/2762/910 1973/2764/910 1889/2765/910 1975/2766/910
f 1923/2763/911 2048/2762/911 1975/2766/911 1887/2767/911
f 1863/2604/912 1923/2768/912 2049/2769/912 1928/2605/912
f 1923/2768/913 1887/2770/913 1976/2771/913 2049/2769/913
f 2049/2769/914 1976/2771/914 1890/2772/914 1974/2773/914
f 1928/2605/915 2049/2769/915 1974/2773/915 1865/2606/915
f 1892/2774/916 1984/2775/916 2050/2776/916 1980/2777/916
f 1984/2775/917 1894/2778/917 1972/2779/917 2050/2776/917
f 2050/2776/918 1972/2779/918 1888/2613/918 1977/2610/918
f 1980/2777/919 2050/2776/919 1977/2610/919 1890/2609/919
f 1891/2780/920 1979/2781/920 2051/2782/920 1983/2783/920
f 1979/2781/921 1889/2594/921 1978/2597/921 2051/2782/921
f 2051/2782/922 1978/2597/922 1888/2599/922 1972/2784/922
f 1983/2783/923 2051/2782/923 1972/2784/923 1894/2785/923
f 1867/2637/924 1931/2786/924 2052/2787/924 1936/2638/924
f 1931/2786/925 1891/2780/925 1983/2783/925 2052/2787/925
f 2052/2787/926 1983/2783/926 1894/2785/926 1982/2788/926
f 1936/2638/927 2052/2787/927 1982/2788/927 1870/2639/927
f 1868/2632/928 1935/2631/928 2053/2789/928 1932/2790/928
f 1935/2631/929 1870/2630/929 1982/2791/929 2053/2789/929
f 2053/2789/930 1982/2791/930 1894/2778/930 1984/2775/930
f 1932/2790/931 2053/2789/931 1984/2775/931 1892/2774/931
f 1887/2767/932 1975/2766/932 2054/2792/932 1971/2793/932
f 1975/2766/933 1889/2765/933 1979/2794/933 2054/2792/933
f 2054/2792/934 1979/2794/934 1891/2655/934 1985/2652/934
f 1971/2793/935 2054/2792/935 1985/2652/935 1893/2651/935
f 1887/2770/936 1971/2795/936 2055/2796/936 1976/2771/936
f 1971/2795/937 1893/2642/937 1986/2645/937 2055/2796/937
f 2055/2796/938 1986/2645/938 1892/2650/938 1980/2797/938
f 1976/2771/939 2055/2796/939 1980/2797/939 1890/2772/939
f 1906/2798/940 2010/2799/940 2056/2800/940 2006/2801/940
f 2010/2799/941 1904/2802/941 1990/2803/941 2056/2800/941
f 2056/2800/942 1990/2803/942 1898/2718/942 1991/2715/942
f 2006/2801/943 2056/2800/943 1991/2715/943 1896/2714/943
f 1905/2804/944 2005/2805/944 2057/2806/944 2009/2807/944
f 2005/2805/945 1895/2708/945 1992/2711/945 2057/2806/945
f 2057/2806/946 1992/2711/946 1898/2713/946 1990/2808/946
f 2009/2807/947 2057/2806/947 1990/2808/947 1904/2809/947
f 1875/2701/948 1951/2700/948 2058/2810/948 1947/2811/948
f 1951/2700/949 1877/2699/949 1987/2812/949 2058/2810/949
f 2058/2810/950 1987/2812/950 1895/2813/950 1993/2814/950
f 1947/2811/951 2058/2810/951 1993/2814/951 1897/2815/951
f 1875/2704/952 1947/2816/952 2059/2817/952 1952/2705/952
f 1947/2816/953 1897/2818/953 1994/2819/953 2059/2817/953
f 2059/2817/954 1994/2819/954 1896/2820/954 1988/2821/954
f 1952/2705/955 2059/2817/955 1988/2821/955 1878/2706/955
f 1871/2664/956 1939/2822/956 2060/2823/956 1943/2665/956
f 1939/2822/957 1899/2824/957 1999/2825/957 2060/2823/957
f 2060/2823/958 1999/2825/958 1902/2826/958 1998/2827/958
f 1943/2665/959 2060/2823/959 1998/2827/959 1874/2666/959
f 1872/2677/960 1944/2676/960 2061/2828/960 1940/2829/960
f 1944/2676/961 1874/2675/961 1998/2830/961 2061/2828/961
f 2061/2828/962 1998/2830/962 1902/2831/962 2000/2832/962
f 1940/2829/963 2061/2828/963 2000/2832/963 1900/2833/963
f 1909/2834/964 2018/2835/964 2062/2836/964 2013/2837/964
f 2018/2835/965 1907/2838/965 1995/2839/965 2062/2836/965
f 2062/2836/966 1995/2839/966 1899/2691/966 2001/2688/966
f 2013/2837/967 2062/2836/967 2001/2688/967 1901/2687/967
f 1909/2840/968 2013/2841/968 2063/2842/968 2017/2843/968
f 2013/2841/969 1901/2678/969 2002/2681/969 2063/2842/969
f 2063/2842/970 2002/2681/970 1900/2686/970 1996/2844/970
f 2017/2843/971 2063/2842/971 1996/2844/971 1908/2845/971
f 1897/2818/972 1989/2846/972 2064/2847/972 1994/2819/972
f 1989/2846/973 1903/2848/973 2007/2849/973 2064/2847/973
f 2064/2847/974 2007/2849/974 1906/2850/974 2006/2851/974
f 1994/2819/975 2064/2847/975 2006/2851/975 1896/2820/975
f 1897/2815/976 1993/2814/976 2065/2852/976 1989/2853/976
f 1993/2814/977 1895/2813/977 2005/2854/977 2065/2852/977
f 2065/2852/978 2005/2854/978 1905/2855/978 2008/2856/978
f 1989/2853/979 2065/2852/979 2008/2856/979 1903/2857/979
f 1907/2858/980 2011/2859/980 2066/2860/980 2016/2861/980
f 2011/2859/981 1905/2804/981 2009/2807/981 2066/2860/981
f 2066/2860/982 2009/2807/982 1904/2809/982 2004/2862/982
f 2016/2861/983 2066/2860/983 2004/2862/983 1910/2863/983
f 1908/2864/984 2015/2865/984 2067/2866/984 2012/2867/984
f 2015/2865/985 1910/2868/985 2004/2869/985 2067/2866/985
f 2067/2866/986 2004/2869/986 1904/2802/986 2010/2799/986
f 2012/2867/987 2067/2866/987 2010/2799/987 1906/2798/987
f 1900/2833/988 2000/2832/988 2068/2870/988 1996/2871/988
f 2000/2832/989 1902/2831/989 2014/2872/989 2068/2870/989
f 2068/2870/990 2014/2872/990 1910/2868/990 2015/2865/990
f 1996/2871/991 2068/2870/991 2015/2865/991 1908/2864/991
f 1899/2824/992 1995/2873/992 2069/2874/992 1999/2825/992
f 1995/2873/993 1907/2858/993 2016/2861/993 2069/2874/993
f 2069/2874/994 2016/2861/994 1910/2863/994 2014/2875/994
f 1999/2825/995 2069/2874/995 2014/2875/995 1902/2826/995
f 1903/2848/996 2003/2876/996 2070/2877/996 2007/2849/996
f 2003/2876/997 1909/2840/997 2017/2843/997 2070/2877/997
f 2070/2877/998 2017/2843/998 1908/2845/998 2012/2878/998
f 2007/2849/999 2070/2877/999 2012/2878/999 1906/2850/999
f 1903/2857/1000 2008/2856/1000 2071/2879/1000 2003/2880/1000
f 2008/2856/1001 1905/2855/1001 2011/2881/1001 2071/2879/1001
f 2071/2879/1002 2011/2881/1002 1907/2838/1002 2018/2835/1002
f 2003/2880/1003 2071/2879/1003 2018/2835/1003 1909/2834/1003
o Cube.056_Cube.062
v 133.615982 -0.306329 64.127266
v 133.615982 4.857219 64.127266
v 136.369003 0.273711 23.987894
v 136.369003 4.424133 23.987894
v 138.779541 -0.306329 64.127266
v 138.779541 4.857219 64.127266
v 142.687546 0.273711 23.987894
v 142.687546 4.424133 23.987894
v 128.618149 -7.210409 64.127266
v 128.618149 13.077513 64.127266
v 148.906082 13.077513 64.127266
v 148.906082 -7.210409 64.127266
v 128.618149 13.077513 23.987894
v 128.618149 -7.210409 23.987894
v 148.906082 -7.210409 23.987894
v 148.906082 13.077513 23.987894
vt 0.514717 0.763508
vt 0.739872 0.763508
vt 0.739872 0.988663
vt 0.514717 0.988663
vt 0.506560 0.756445
vt 0.741979 0.756445
vt 0.741979 0.991864
vt 0.506560 0.991864
vt 0.505487 0.758022
vt 0.741707 0.758022
vt 0.741707 0.994242
vt 0.505487 0.994242
vt 0.505495 0.755149
vt 0.743505 0.755149
vt 0.743505 0.993159
vt 0.505495 0.993159
vt 0.548449 0.906599
vt 0.622087 0.906599
vt 0.739660 0.992851
vt 0.503958 0.992851
vt 0.622087 0.832961
vt 0.548449 0.832961
vt 0.503958 0.757149
vt 0.739660 0.757149
vt 0.654127 0.848373
vt 0.596873 0.848373
vt 0.506617 0.758117
vt 0.744383 0.758117
vt 0.596873 0.905627
vt 0.506617 0.995883
vt 0.654127 0.905627
vt 0.744383 0.995883
vn -1.0000 0.0000 0.0000
vn 1.0000 0.0000 0.0000
vn 0.0000 -1.0000 0.0000
vn 0.0000 1.0000 0.0000
vn -0.0000 0.0000 1.0000
vn 0.0000 0.0000 -1.0000
usemtl stone_2
s off
f 2080/2882/1004 2081/2883/1004 2084/2884/1004 2085/2885/1004
f 2086/2886/1005 2087/2887/1005 2082/2888/1005 2083/2889/1005
f 2085/2890/1006 2086/2891/1006 2083/2892/1006 2080/2893/1006
f 2087/2894/1007 2084/2895/1007 2081/2896/1007 2082/2897/1007
f 2072/2898/1008 2073/2899/1008 2081/2900/1008 2080/2901/1008
f 2077/2902/1008 2076/2903/1008 2083/2904/1008 2082/2905/1008
f 2076/2903/1008 2072/2898/1008 2080/2901/1008 2083/2904/1008
f 2073/2899/1008 2077/2902/1008 2082/2905/1008 2081/2900/1008
f 2075/2906/1009 2074/2907/1009 2085/2908/1009 2084/2909/1009
f 2074/2907/1009 2078/2910/1009 2086/2911/1009 2085/2908/1009
f 2079/2912/1009 2075/2906/1009 2084/2909/1009 2087/2913/1009
f 2078/2910/1009 2079/2912/1009 2087/2913/1009 2086/2911/1009
o Cube.057_Cube.065
v -54.794254 -10.315182 92.989899
v -54.794254 9.457503 92.989906
v -54.794254 -10.315182 79.808113
v -54.794254 9.457502 79.808113
v 108.961716 2.181014 89.427574
v 108.961716 9.429730 89.427574
v 108.961716 2.181014 83.370468
v 108.961716 9.429729 83.370468
v 100.614929 -9.024918 79.873550
v 100.614929 10.245310 79.873550
v 100.614929 -9.024919 92.924469
v 100.614929 10.245310 92.924469
v 78.449615 -10.621606 80.260880
v 78.449615 9.763927 92.811516
v 78.449615 9.763927 80.260880
v 78.449615 -10.621606 92.811516
v 67.212280 -7.863700 84.425186
v 67.212280 7.006021 89.486580
v 67.212280 7.006021 84.425194
v 67.212280 -7.863699 89.486580
v 46.036144 -13.852731 77.055595
v 46.036140 15.241218 95.758675
v 46.036140 15.241220 77.055595
v 46.036140 -13.852732 95.758675
v 51.126137 6.466281 83.877594
v 51.126137 -7.323961 89.259811
v 51.126137 -7.323961 83.877594
v 51.126137 6.466281 89.259811
v 33.962048 -29.959084 63.717270
v 33.962044 38.086075 109.080711
v 33.962044 38.086071 63.717270
v 33.962044 -29.959084 109.080711
v -23.937996 -18.521706 74.337090
v -23.938000 17.664024 98.460915
v -23.938000 17.664028 74.337090
v -23.938000 -18.521706 98.460915
v -9.586014 36.260937 62.687859
v -9.586014 -34.872444 110.110115
v -9.586014 -34.872444 62.687859
v -9.586014 36.260929 110.110115
v -31.802975 -21.265476 72.507912
v -31.802975 20.407795 100.290092
v -31.802971 20.407795 72.507912
v -31.802975 -21.265476 100.290092
v -48.309963 -18.161930 74.576942
v -48.309971 17.304253 98.221062
v -48.309971 17.304253 74.576942
v -48.309971 -18.161934 98.221062
v -55.054424 -12.120728 86.399010
v -55.054424 -0.428840 94.193604
v -55.054424 11.263049 86.399010
v -55.054424 -0.428840 78.604416
v -53.091473 -14.533588 76.995842
v 106.525543 9.898687 81.359741
v 108.961716 5.805372 82.234764
v 108.961716 0.821880 86.399025
v 108.961716 10.788864 86.399025
v 108.961716 5.805372 90.563278
v 106.525543 -4.262396 91.438293
v -53.091480 13.675909 95.802170
v 106.525543 -4.262397 81.359741
v 89.502579 10.307473 79.397430
v 89.502586 -10.905394 93.434891
v 106.525543 9.898688 91.438293
v 100.614944 13.858477 86.399010
v 100.614944 -12.638084 86.399010
v 100.614929 0.610196 95.371521
v 100.614929 0.610196 77.426498
v 89.502586 -10.905394 79.397430
v 89.502579 10.307473 93.434891
v 72.296471 8.452441 82.411484
v 72.296463 -9.310121 91.177391
v 78.449615 -0.428840 77.907631
v 78.449615 -14.443892 86.536194
v 78.449615 13.586214 86.536194
v 78.449615 -0.428840 95.164757
v 72.296471 -9.310121 82.411484
v 72.296478 8.452442 91.177391
v 59.057114 6.185309 84.897972
v 59.057110 -7.042989 88.735596
v 67.212280 -10.651773 86.955887
v 67.212280 -0.428840 83.476181
v 67.212280 9.794094 86.955887
v 67.212280 -0.428840 90.435585
v 47.258751 -9.241739 81.531677
v 47.258751 8.664830 91.347366
v 43.896233 27.200943 70.176041
v 43.896233 -21.600891 102.623985
v 46.036144 0.694244 73.548767
v 46.036144 -19.307850 86.407135
v 46.036144 20.696339 86.407135
v 46.036144 0.694244 99.265503
v 47.258751 8.664831 81.531677
v 47.258751 -9.241739 91.347366
v 59.057117 -7.042989 84.897972
v 59.057110 6.185310 88.735596
v 51.126137 -0.428840 90.268982
v 51.126137 9.051951 86.568703
v 51.126137 -0.428840 82.868423
v 51.126137 -9.909631 86.568703
v 43.896233 -21.600887 70.176041
v 43.896233 27.200943 102.623985
v 12.343624 41.188259 60.806824
v 12.343624 -35.588211 111.991142
v 33.962044 -42.717552 86.398987
v 33.962044 4.063496 55.211624
v 33.962044 50.844540 86.398987
v 33.962044 4.063497 117.586349
v -20.427372 -26.483704 68.935493
v -20.427372 25.906796 103.862495
v -26.745773 17.530544 74.426079
v -26.745773 -18.388226 98.371925
v -23.938000 -0.428840 69.813873
v -23.937992 -25.306530 86.399002
v -23.937996 24.448849 86.399002
v -23.937996 -0.428840 102.984131
v -20.427376 25.906796 68.935493
v -20.427376 -26.483700 103.862495
v 12.343624 -35.588211 60.806824
v 12.343623 41.188259 111.991142
v -9.586018 0.694244 119.001785
v -9.586021 49.598438 86.398987
v -9.586018 0.694244 53.796188
v -9.586018 -48.209953 86.398987
v -26.745773 -18.388226 74.426079
v -26.745777 17.530544 98.371925
v -40.081776 20.123165 72.697662
v -40.081791 -20.980843 100.100334
v -31.802967 -29.079212 86.399002
v -31.802971 -0.428840 67.298752
v -31.802971 28.221535 86.399002
v -31.802971 -0.428840 105.499252
v -40.081791 -20.980843 72.697662
v -40.081783 20.123165 100.100334
v -53.091473 13.675909 76.995842
v -53.091480 -14.533588 95.802170
v -48.309963 -0.428840 70.143669
v -48.309956 -24.811840 86.399002
v -48.309956 23.954159 86.399002
v -48.309956 -0.428840 102.654335
v -55.600399 -0.428840 86.399010
v 106.525543 2.818146 79.470016
v -53.117123 -0.428840 99.285812
v 106.525543 -6.917600 86.399017
v -53.117123 18.901371 86.399002
v 106.525543 12.553891 86.399017
v 89.502579 -14.882806 86.416161
v 106.525543 2.818146 93.328018
v 89.502579 -0.298960 76.765404
v 72.296463 -0.428840 80.767876
v 72.296463 -12.640601 86.794441
v 89.502579 14.284884 86.416161
v 89.502579 -0.298960 96.066910
v 59.057110 -9.523296 86.816788
v 59.057110 -0.428840 84.178421
v 72.296463 11.782922 86.794441
v 72.296463 -0.428840 92.820999
v 43.896233 2.800027 64.092056
v 43.896233 -30.751232 86.400017
v 47.258751 12.022312 86.439522
v 47.258751 -0.288454 93.187813
v 59.057110 -0.428840 89.455154
v 59.057110 8.665616 86.816788
v 47.258751 -0.288454 79.691231
v 47.258751 -12.599220 86.439522
v 12.343624 -49.983799 86.398987
v 12.343624 2.800028 51.209763
v 43.896233 36.351292 86.400017
v 43.896233 2.800027 108.707977
v -26.745777 -0.428840 69.936234
v -26.745777 -25.122993 86.399002
v -20.427372 35.730015 86.398994
v -20.427376 -0.288454 110.411308
v 12.343624 2.800028 121.588203
v 12.343624 55.583858 86.398987
v -20.427372 -0.288454 62.386681
v -20.427372 -36.306919 86.398994
v -40.081776 -28.687843 86.399002
v -40.081776 -0.428840 67.559662
v -26.745777 24.265312 86.399002
v -26.745777 -0.428840 102.861771
v -53.117123 -0.428840 73.512199
v -53.117123 -19.759052 86.399002
v -40.081783 27.830166 86.399002
v -40.081783 -0.428840 105.238335
vt 0.599461 0.002118
vt 0.630422 0.002118
vt 0.630422 0.033078
vt 0.599461 0.033078
vt 0.661382 0.002118
vt 0.661382 0.033078
vt 0.661382 0.064039
vt 0.630422 0.064039
vt 0.599461 0.064039
vt 0.599461 0.239228
vt 0.630422 0.233621
vt 0.630422 0.241365
vt 0.599461 0.241925
vt 0.661382 0.239228
vt 0.661382 0.241925
vt 0.661382 0.244623
vt 0.630422 0.244623
vt 0.599461 0.244623
vt 0.592872 0.240640
vt 0.623833 0.237109
vt 0.623833 0.243729
vt 0.592872 0.244082
vt 0.654794 0.240640
vt 0.654794 0.244082
vt 0.654794 0.247524
vt 0.623833 0.247524
vt 0.592872 0.247524
vt 0.742521 0.125961
vt 0.745273 0.125961
vt 0.744701 0.156922
vt 0.736803 0.156922
vt 0.748024 0.125961
vt 0.748024 0.156922
vt 0.748024 0.187883
vt 0.745273 0.187883
vt 0.742521 0.187883
vt 0.741508 0.125961
vt 0.745004 0.125961
vt 0.744645 0.156922
vt 0.737923 0.156922
vt 0.748499 0.125961
vt 0.748499 0.156922
vt 0.748499 0.187883
vt 0.745004 0.187883
vt 0.741508 0.187883
vt 0.500545 0.125961
vt 0.503337 0.125961
vt 0.503917 0.156922
vt 0.500545 0.156922
vt 0.506129 0.125961
vt 0.511932 0.156922
vt 0.506129 0.187883
vt 0.503337 0.187883
vt 0.500545 0.187883
vt 0.695846 0.125961
vt 0.719184 0.125961
vt 0.719194 0.156922
vt 0.701662 0.156922
vt 0.719184 0.187883
vt 0.695846 0.187883
vt 0.592872 0.003364
vt 0.623833 0.003364
vt 0.623833 0.006685
vt 0.592872 0.006114
vt 0.654794 0.003364
vt 0.654794 0.006114
vt 0.654794 0.008863
vt 0.623833 0.014577
vt 0.592872 0.008863
vt 0.599461 0.193464
vt 0.630422 0.199166
vt 0.630422 0.216355
vt 0.599461 0.216346
vt 0.661382 0.193464
vt 0.661382 0.216346
vt 0.599461 0.188759
vt 0.630422 0.184782
vt 0.630422 0.191284
vt 0.599461 0.191111
vt 0.661382 0.188759
vt 0.661382 0.191111
vt 0.691048 0.125961
vt 0.693447 0.125961
vt 0.693623 0.156922
vt 0.686991 0.156922
vt 0.693447 0.187883
vt 0.691048 0.187883
vt 0.529813 0.125961
vt 0.529803 0.156922
vt 0.553496 0.125961
vt 0.547594 0.156922
vt 0.553496 0.187883
vt 0.529813 0.187883
vt 0.623833 0.032174
vt 0.592872 0.032184
vt 0.654794 0.032184
vt 0.654794 0.055505
vt 0.623833 0.049693
vt 0.592872 0.055505
vt 0.657040 0.125961
vt 0.674044 0.125961
vt 0.674081 0.156922
vt 0.661466 0.156922
vt 0.674044 0.187883
vt 0.657040 0.187883
vt 0.599461 0.155415
vt 0.630422 0.159755
vt 0.630422 0.172123
vt 0.599461 0.172087
vt 0.661382 0.155415
vt 0.661382 0.172087
vt 0.555931 0.125961
vt 0.555752 0.156922
vt 0.558365 0.125961
vt 0.562483 0.156922
vt 0.558365 0.187883
vt 0.555931 0.187883
vt 0.623833 0.057727
vt 0.592872 0.057903
vt 0.654794 0.057903
vt 0.654794 0.060300
vt 0.623833 0.064354
vt 0.592872 0.060300
vt 0.599461 0.147687
vt 0.630422 0.135865
vt 0.630422 0.149270
vt 0.599461 0.150501
vt 0.661382 0.147687
vt 0.661382 0.150501
vt 0.661382 0.153316
vt 0.630422 0.152825
vt 0.599461 0.153316
vt 0.649158 0.125961
vt 0.652028 0.125961
vt 0.650772 0.156922
vt 0.637101 0.156922
vt 0.654898 0.125961
vt 0.654399 0.156922
vt 0.654898 0.187883
vt 0.652028 0.187883
vt 0.649158 0.187883
vt 0.592878 0.125961
vt 0.593964 0.125961
vt 0.593566 0.156922
vt 0.588386 0.156922
vt 0.595050 0.125961
vt 0.595558 0.156922
vt 0.595050 0.187883
vt 0.593964 0.187883
vt 0.592878 0.187883
vt 0.592872 0.094284
vt 0.623833 0.089861
vt 0.623833 0.094961
vt 0.592872 0.095354
vt 0.654794 0.094284
vt 0.654794 0.095354
vt 0.654794 0.096423
vt 0.623833 0.096923
vt 0.592872 0.096423
vt 0.623833 0.077255
vt 0.592872 0.077292
vt 0.654794 0.077292
vt 0.575622 0.125961
vt 0.575584 0.156922
vt 0.575622 0.187883
vt 0.630422 0.154750
vt 0.599461 0.154365
vt 0.661382 0.154365
vt 0.655969 0.125961
vt 0.656362 0.156922
vt 0.655969 0.187883
vt 0.556606 0.125961
vt 0.602882 0.125961
vt 0.602875 0.156922
vt 0.568596 0.156922
vt 0.602882 0.187883
vt 0.556606 0.187883
vt 0.599461 0.056943
vt 0.630422 0.068699
vt 0.630422 0.102308
vt 0.599461 0.102315
vt 0.661382 0.056943
vt 0.661382 0.102315
vt 0.597963 0.125961
vt 0.599238 0.156922
vt 0.600876 0.125961
vt 0.613112 0.156922
vt 0.600876 0.187883
vt 0.597963 0.187883
vt 0.623833 0.100547
vt 0.592872 0.099292
vt 0.654794 0.099292
vt 0.654794 0.102160
vt 0.623833 0.114209
vt 0.592872 0.102160
vt 0.599461 0.043511
vt 0.630422 0.040127
vt 0.630422 0.046821
vt 0.599461 0.047176
vt 0.661382 0.043511
vt 0.661382 0.047176
vt 0.661382 0.050842
vt 0.630422 0.050671
vt 0.599461 0.050842
vt 0.542907 0.125961
vt 0.546645 0.125961
vt 0.546283 0.156922
vt 0.539456 0.156922
vt 0.550384 0.125961
vt 0.550209 0.156922
vt 0.550384 0.187883
vt 0.546645 0.187883
vt 0.542907 0.187883
vt 0.694799 0.125961
vt 0.697957 0.125961
vt 0.696758 0.156922
vt 0.682632 0.156922
vt 0.701114 0.125961
vt 0.701291 0.156922
vt 0.701114 0.187883
vt 0.697957 0.187883
vt 0.694799 0.187883
vt 0.592872 0.194646
vt 0.623833 0.182664
vt 0.623833 0.196574
vt 0.592872 0.197755
vt 0.654794 0.194646
vt 0.654794 0.197755
vt 0.654794 0.200864
vt 0.623833 0.201038
vt 0.592872 0.200864
vt 0.623833 0.148410
vt 0.592872 0.148403
vt 0.654794 0.148403
vt 0.647838 0.125961
vt 0.647844 0.156922
vt 0.647838 0.187883
vt 0.630422 0.055051
vt 0.599461 0.053892
vt 0.661382 0.053892
vt 0.553495 0.125961
vt 0.554677 0.156922
vt 0.553495 0.187883
vt 0.510580 0.125961
vt 0.526743 0.125961
vt 0.526752 0.156922
vt 0.514113 0.156922
vt 0.526743 0.187883
vt 0.510580 0.187883
vt 0.599461 0.011815
vt 0.630422 0.015279
vt 0.630422 0.027671
vt 0.599461 0.027663
vt 0.661382 0.011815
vt 0.661382 0.027663
vt 0.704908 0.125961
vt 0.705276 0.156922
vt 0.708701 0.125961
vt 0.712204 0.156922
vt 0.708701 0.187883
vt 0.704908 0.187883
vt 0.623833 0.204962
vt 0.592872 0.204600
vt 0.654794 0.204600
vt 0.654794 0.208335
vt 0.623833 0.211784
vt 0.592872 0.208335
vt 0.599461 0.005060
vt 0.630422 0.005060
vt 0.630422 0.008784
vt 0.599461 0.008437
vt 0.661382 0.005060
vt 0.661382 0.008437
vt 0.503691 0.125961
vt 0.507135 0.125961
vt 0.507488 0.156922
vt 0.503691 0.156922
vt 0.507135 0.187883
vt 0.503691 0.187883
vt 0.725105 0.125961
vt 0.725097 0.156922
vt 0.725105 0.187883
vt 0.623833 0.224480
vt 0.592872 0.224488
vt 0.654794 0.224488
vn -0.9973 -0.0407 0.0610
vn -0.9973 0.0407 0.0610
vn -0.9973 0.0407 -0.0610
vn -0.9973 -0.0407 -0.0610
vn 0.4005 -0.2301 -0.8869
vn 0.2421 0.2437 -0.9392
vn 0.6259 0.2121 -0.7505
vn 0.8267 -0.1530 -0.5414
vn -0.5607 -0.2002 0.8034
vn -0.5607 0.2002 0.8034
vn -0.9215 0.0850 0.3790
vn -0.9215 -0.0850 0.3790
vn 0.6430 -0.6733 -0.3650
vn 0.9414 -0.3021 -0.1503
vn 0.9414 -0.3021 0.1503
vn 0.6430 -0.6733 0.3650
vn -0.6743 0.6441 -0.3612
vn -0.9559 0.2621 -0.1323
vn -0.9559 0.2621 0.1323
vn -0.6743 0.6441 0.3612
vn 0.5109 0.7696 -0.3829
vn 0.1797 0.8648 -0.4688
vn 0.1797 0.8648 0.4688
vn 0.5109 0.7696 0.3829
vn -0.0506 -0.8614 -0.5054
vn 0.1695 -0.8597 -0.4818
vn 0.1710 -0.8595 0.4817
vn -0.0397 -0.8618 0.5056
vn 0.8267 -0.1530 0.5414
vn 0.6259 0.2121 0.7505
vn 0.2421 0.2437 0.9392
vn 0.4005 -0.2301 0.8869
vn -0.0895 -0.2321 -0.9686
vn -0.0949 0.2320 -0.9681
vn 0.0403 0.2432 -0.9691
vn 0.0799 -0.2426 -0.9668
vn -0.4334 -0.1414 -0.8900
vn -0.4334 0.1414 -0.8900
vn -0.3875 0.1891 -0.9023
vn -0.3875 -0.1891 -0.9023
vn -0.3672 -0.6965 -0.6164
vn -0.3041 -0.7910 -0.5309
vn -0.2629 -0.8011 0.5376
vn -0.3326 -0.7062 0.6250
vn 0.0293 0.8720 -0.4887
vn -0.0708 0.8603 -0.5048
vn -0.0599 0.8610 0.5051
vn 0.0308 0.8719 0.4887
vn 0.0829 -0.2425 0.9666
vn 0.0433 0.2431 0.9690
vn -0.0740 0.2324 0.9698
vn -0.0686 -0.2325 0.9702
vn 0.0871 -0.6705 -0.7368
vn -0.0923 -0.6425 -0.7607
vn -0.1180 -0.6407 0.7586
vn 0.0412 -0.6725 0.7390
vn 0.1464 -0.1256 -0.9812
vn 0.1464 0.1256 -0.9812
vn -0.0772 0.1176 -0.9901
vn -0.0772 -0.1176 -0.9901
vn -0.3041 0.7910 -0.5309
vn -0.3672 0.6965 -0.6164
vn -0.3326 0.7062 0.6250
vn -0.2629 0.8011 0.5376
vn -0.3204 -0.1943 0.9271
vn -0.3204 0.1943 0.9271
vn -0.3858 0.1448 0.9111
vn -0.3858 -0.1448 0.9111
vn 0.6412 -0.1859 -0.7445
vn 0.6678 0.1803 -0.7222
vn 0.9761 0.0520 -0.2110
vn 0.9704 -0.0577 -0.2343
vn 0.7244 -0.6007 -0.3382
vn 0.9780 -0.1810 -0.1034
vn 0.9780 -0.1811 0.1034
vn 0.7244 -0.6007 0.3383
vn 0.5862 0.6382 -0.4991
vn 0.9875 0.1339 -0.0827
vn 0.9874 0.1345 0.0831
vn 0.5637 0.6506 0.5089
vn 0.5610 -0.1465 0.8147
vn 0.5682 0.1456 0.8099
vn 0.9796 0.0446 0.1962
vn 0.9763 -0.0480 0.2110
vn -0.1107 -0.1172 0.9869
vn -0.1107 0.1172 0.9869
vn 0.0856 0.1265 0.9883
vn 0.0856 -0.1265 0.9883
vn -0.0923 0.6425 -0.7607
vn 0.0871 0.6705 -0.7368
vn 0.0412 0.6725 0.7390
vn -0.1180 0.6407 0.7586
vn 0.9768 -0.0475 -0.2087
vn 0.9800 0.0442 -0.1942
vn 0.6032 0.1411 -0.7850
vn 0.5966 -0.1420 -0.7898
vn 0.9799 -0.1699 -0.1050
vn 0.5545 -0.6555 -0.5127
vn 0.5301 -0.6679 0.5224
vn 0.9796 -0.1708 0.1055
vn -0.0703 -0.8694 -0.4890
vn 0.2811 -0.8364 -0.4705
vn 0.2811 -0.8364 0.4705
vn -0.0703 -0.8694 0.4890
vn -0.0908 -0.2415 -0.9661
vn -0.1364 0.2403 -0.9611
vn 0.1632 0.2393 -0.9571
vn 0.1902 -0.2381 -0.9524
vn 0.9880 0.1340 -0.0765
vn 0.7863 0.5384 -0.3032
vn 0.7862 0.5384 0.3032
vn 0.9880 0.1341 0.0766
vn 0.9704 -0.0578 0.2347
vn 0.9760 0.0520 0.2113
vn 0.6677 0.1804 0.7222
vn 0.6411 -0.1859 0.7446
vn 0.4515 -0.2164 -0.8656
vn 0.4515 0.2164 -0.8656
vn -0.0422 0.2423 -0.9693
vn -0.0422 -0.2423 -0.9693
vn 0.5633 -0.7201 -0.4051
vn -0.0569 -0.8702 -0.4895
vn -0.0569 -0.8702 0.4895
vn 0.5633 -0.7201 0.4051
vn -0.7444 0.5819 -0.3273
vn -0.9418 0.2931 -0.1649
vn -0.9418 0.2931 0.1649
vn -0.7444 0.5819 0.3273
vn -0.5983 -0.1943 0.7773
vn -0.6202 0.1902 0.7610
vn -0.8998 0.1058 0.4233
vn -0.8982 -0.1066 0.4265
vn 0.1902 -0.2381 0.9524
vn 0.1632 0.2393 0.9571
vn -0.1364 0.2403 0.9611
vn -0.0908 -0.2415 0.9661
vn 0.1877 0.8561 -0.4815
vn -0.2314 0.8479 -0.4770
vn -0.2314 0.8479 0.4770
vn 0.1877 0.8561 0.4815
vn -0.8982 -0.1066 -0.4265
vn -0.8998 0.1058 -0.4233
vn -0.6202 0.1902 -0.7610
vn -0.5983 -0.1943 -0.7773
vn -0.9390 -0.2997 -0.1686
vn -0.6914 -0.6297 -0.3542
vn -0.6914 -0.6297 0.3542
vn -0.9390 -0.2997 0.1686
vn -0.3798 -0.8063 -0.4535
vn -0.0412 -0.8708 -0.4898
vn -0.0412 -0.8708 0.4898
vn -0.3798 -0.8063 0.4535
vn -0.2914 -0.2320 -0.9280
vn -0.2914 0.2320 -0.9280
vn -0.0306 0.2424 -0.9697
vn -0.0306 -0.2424 -0.9697
vn -0.0569 0.8702 -0.4895
vn 0.5633 0.7201 -0.4051
vn 0.5633 0.7201 0.4051
vn -0.0569 0.8702 0.4895
vn -0.0422 -0.2423 0.9693
vn -0.0422 0.2423 0.9693
vn 0.4515 0.2164 0.8656
vn 0.4515 -0.2164 0.8656
vn -0.9215 -0.0850 -0.3790
vn -0.9215 0.0850 -0.3790
vn -0.5607 0.2002 -0.8034
vn -0.5607 -0.2002 -0.8034
vn -0.9559 -0.2621 -0.1323
vn -0.6743 -0.6441 -0.3612
vn -0.6743 -0.6441 0.3612
vn -0.9559 -0.2621 0.1323
vn -0.0412 0.8708 -0.4898
vn -0.3798 0.8063 -0.4535
vn -0.3798 0.8063 0.4535
vn -0.0412 0.8708 0.4898
vn -0.0306 -0.2424 0.9697
vn -0.0306 0.2424 0.9697
vn -0.2914 0.2320 0.9280
vn -0.2914 -0.2320 0.9280
usemtl stone_2
s off
f 2088/2914/1010 2137/2915/1010 2228/2916/1010 2136/2917/1010
f 2137/2915/1011 2089/2918/1011 2138/2919/1011 2228/2916/1011
f 2228/2916/1012 2138/2919/1012 2091/2920/1012 2139/2921/1012
f 2136/2917/1013 2228/2916/1013 2139/2921/1013 2090/2922/1013
f 2096/2923/1014 2155/2924/1014 2229/2925/1014 2148/2926/1014
f 2155/2924/1015 2097/2927/1015 2141/2928/1015 2229/2925/1015
f 2229/2925/1016 2141/2928/1016 2095/2929/1016 2142/2930/1016
f 2148/2926/1017 2229/2925/1017 2142/2930/1017 2094/2931/1017
f 2135/2932/1018 2227/2933/1018 2230/2934/1018 2223/2935/1018
f 2227/2933/1019 2133/2936/1019 2147/2937/1019 2230/2934/1019
f 2230/2934/1020 2147/2937/1020 2089/2938/1020 2137/2939/1020
f 2223/2935/1021 2230/2934/1021 2137/2939/1021 2088/2940/1021
f 2096/2941/1022 2148/2942/1022 2231/2943/1022 2153/2944/1022
f 2148/2942/1023 2094/2945/1023 2143/2946/1023 2231/2943/1023
f 2231/2943/1024 2143/2946/1024 2092/2947/1024 2146/2948/1024
f 2153/2944/1025 2231/2943/1025 2146/2948/1025 2098/2949/1025
f 2134/2950/1026 2222/2951/1026 2232/2952/1026 2226/2953/1026
f 2222/2951/1027 2091/2954/1027 2138/2955/1027 2232/2952/1027
f 2232/2952/1028 2138/2955/1028 2089/2956/1028 2147/2957/1028
f 2226/2953/1029 2232/2952/1029 2147/2957/1029 2133/2958/1029
f 2095/2959/1030 2141/2960/1030 2233/2961/1030 2144/2962/1030
f 2141/2960/1031 2097/2963/1031 2152/2964/1031 2233/2961/1031
f 2233/2961/1032 2152/2964/1032 2099/2965/1032 2151/2966/1032
f 2144/2962/1033 2233/2961/1033 2151/2966/1033 2093/2967/1033
f 2100/2968/1034 2156/2969/1034 2234/2970/1034 2161/2971/1034
f 2156/2969/1035 2096/2941/1035 2153/2944/1035 2234/2970/1035
f 2234/2970/1036 2153/2944/1036 2098/2949/1036 2150/2972/1036
f 2161/2971/1037 2234/2970/1037 2150/2972/1037 2103/2973/1037
f 2092/2974/1038 2145/2975/1038 2235/2976/1038 2146/2977/1038
f 2145/2975/1039 2093/2978/1039 2151/2979/1039 2235/2976/1039
f 2235/2976/1040 2151/2979/1040 2099/2980/1040 2154/2981/1040
f 2146/2977/1041 2235/2976/1041 2154/2981/1041 2098/2982/1041
f 2100/2983/1042 2160/2984/1042 2236/2985/1042 2156/2986/1042
f 2160/2984/1043 2102/2987/1043 2149/2988/1043 2236/2985/1043
f 2236/2985/1044 2149/2988/1044 2097/2927/1044 2155/2924/1044
f 2156/2986/1045 2236/2985/1045 2155/2924/1045 2096/2923/1045
f 2104/2989/1046 2169/2990/1046 2237/2991/1046 2164/2992/1046
f 2169/2990/1047 2106/2993/1047 2158/2994/1047 2237/2991/1047
f 2237/2991/1048 2158/2994/1048 2102/2987/1048 2160/2984/1048
f 2164/2992/1049 2237/2991/1049 2160/2984/1049 2100/2983/1049
f 2104/2995/1050 2164/2996/1050 2238/2997/1050 2168/2998/1050
f 2164/2996/1051 2100/2968/1051 2161/2971/1051 2238/2997/1051
f 2238/2997/1052 2161/2971/1052 2103/2973/1052 2159/2999/1052
f 2168/2998/1053 2238/2997/1053 2159/2999/1053 2107/3000/1053
f 2097/2963/1054 2149/3001/1054 2239/3002/1054 2152/2964/1054
f 2149/3001/1055 2102/3003/1055 2162/3004/1055 2239/3002/1055
f 2239/3002/1056 2162/3004/1056 2101/3005/1056 2157/3006/1056
f 2152/2964/1057 2239/3002/1057 2157/3006/1057 2099/2965/1057
f 2098/2982/1058 2154/2981/1058 2240/3007/1058 2150/3008/1058
f 2154/2981/1059 2099/2980/1059 2157/3009/1059 2240/3007/1059
f 2240/3007/1060 2157/3009/1060 2101/3010/1060 2163/3011/1060
f 2150/3008/1061 2240/3007/1061 2163/3011/1061 2103/3012/1061
f 2114/3013/1062 2182/3014/1062 2241/3015/1062 2187/3016/1062
f 2182/3014/1063 2104/2995/1063 2168/2998/1063 2241/3015/1063
f 2241/3015/1064 2168/2998/1064 2107/3000/1064 2167/3017/1064
f 2187/3016/1065 2241/3015/1065 2167/3017/1065 2113/3018/1065
f 2114/3019/1066 2186/3020/1066 2242/3021/1066 2182/3022/1066
f 2186/3020/1067 2112/3023/1067 2166/3024/1067 2242/3021/1067
f 2242/3021/1068 2166/3024/1068 2106/2993/1068 2169/2990/1068
f 2182/3022/1069 2242/3021/1069 2169/2990/1069 2104/2989/1069
f 2102/3003/1070 2158/3025/1070 2243/3026/1070 2162/3004/1070
f 2158/3025/1071 2106/3027/1071 2170/3028/1071 2243/3026/1071
f 2243/3026/1072 2170/3028/1072 2105/3029/1072 2165/3030/1072
f 2162/3004/1073 2243/3026/1073 2165/3030/1073 2101/3005/1073
f 2103/3012/1074 2163/3011/1074 2244/3031/1074 2159/3032/1074
f 2163/3011/1075 2101/3010/1075 2165/3033/1075 2244/3031/1075
f 2244/3031/1076 2165/3033/1076 2105/3034/1076 2171/3035/1076
f 2159/3032/1077 2244/3031/1077 2171/3035/1077 2107/3036/1077
f 2116/3037/1078 2193/3038/1078 2245/3039/1078 2188/3040/1078
f 2193/3038/1079 2118/3041/1079 2174/3042/1079 2245/3039/1079
f 2245/3039/1080 2174/3042/1080 2110/3043/1080 2176/3044/1080
f 2188/3040/1081 2245/3039/1081 2176/3044/1081 2108/3045/1081
f 2116/3046/1082 2188/3047/1082 2246/3048/1082 2192/3049/1082
f 2188/3047/1083 2108/3050/1083 2177/3051/1083 2246/3048/1083
f 2246/3048/1084 2177/3051/1084 2111/3052/1084 2175/3053/1084
f 2192/3049/1085 2246/3048/1085 2175/3053/1085 2119/3054/1085
f 2112/3055/1086 2180/3056/1086 2247/3057/1086 2185/3058/1086
f 2180/3056/1087 2110/3059/1087 2178/3060/1087 2247/3057/1087
f 2247/3057/1088 2178/3060/1088 2109/3061/1088 2173/3062/1088
f 2185/3058/1089 2247/3057/1089 2173/3062/1089 2115/3063/1089
f 2113/3064/1090 2184/3065/1090 2248/3066/1090 2181/3067/1090
f 2184/3065/1091 2115/3068/1091 2173/3069/1091 2248/3066/1091
f 2248/3066/1092 2173/3069/1092 2109/3070/1092 2179/3071/1092
f 2181/3067/1093 2248/3066/1093 2179/3071/1093 2111/3072/1093
f 2107/3036/1094 2171/3035/1094 2249/3073/1094 2167/3074/1094
f 2171/3035/1095 2105/3034/1095 2183/3075/1095 2249/3073/1095
f 2249/3073/1096 2183/3075/1096 2115/3068/1096 2184/3065/1096
f 2167/3074/1097 2249/3073/1097 2184/3065/1097 2113/3064/1097
f 2106/3027/1098 2166/3076/1098 2250/3077/1098 2170/3028/1098
f 2166/3076/1099 2112/3055/1099 2185/3058/1099 2250/3077/1099
f 2250/3077/1100 2185/3058/1100 2115/3063/1100 2183/3078/1100
f 2170/3028/1101 2250/3077/1101 2183/3078/1101 2105/3029/1101
f 2108/3045/1102 2176/3044/1102 2251/3079/1102 2172/3080/1102
f 2176/3044/1103 2110/3043/1103 2180/3081/1103 2251/3079/1103
f 2251/3079/1104 2180/3081/1104 2112/3023/1104 2186/3020/1104
f 2172/3080/1105 2251/3079/1105 2186/3020/1105 2114/3019/1105
f 2108/3050/1106 2172/3082/1106 2252/3083/1106 2177/3051/1106
f 2172/3082/1107 2114/3013/1107 2187/3016/1107 2252/3083/1107
f 2252/3083/1108 2187/3016/1108 2113/3018/1108 2181/3084/1108
f 2177/3051/1109 2252/3083/1109 2181/3084/1109 2111/3052/1109
f 2126/3085/1110 2206/3086/1110 2253/3087/1110 2211/3088/1110
f 2206/3086/1111 2116/3046/1111 2192/3049/1111 2253/3087/1111
f 2253/3087/1112 2192/3049/1112 2119/3054/1112 2191/3089/1112
f 2211/3088/1113 2253/3087/1113 2191/3089/1113 2125/3090/1113
f 2126/3091/1114 2210/3092/1114 2254/3093/1114 2206/3094/1114
f 2210/3092/1115 2124/3095/1115 2190/3096/1115 2254/3093/1115
f 2254/3093/1116 2190/3096/1116 2118/3041/1116 2193/3038/1116
f 2206/3094/1117 2254/3093/1117 2193/3038/1117 2116/3037/1117
f 2110/3059/1118 2174/3097/1118 2255/3098/1118 2178/3060/1118
f 2174/3097/1119 2118/3099/1119 2194/3100/1119 2255/3098/1119
f 2255/3098/1120 2194/3100/1120 2117/3101/1120 2189/3102/1120
f 2178/3060/1121 2255/3098/1121 2189/3102/1121 2109/3061/1121
f 2111/3072/1122 2179/3071/1122 2256/3103/1122 2175/3104/1122
f 2179/3071/1123 2109/3070/1123 2189/3105/1123 2256/3103/1123
f 2256/3103/1124 2189/3105/1124 2117/3106/1124 2195/3107/1124
f 2175/3104/1125 2256/3103/1125 2195/3107/1125 2119/3108/1125
f 2128/3109/1126 2217/3110/1126 2257/3111/1126 2212/3112/1126
f 2217/3110/1127 2130/3113/1127 2198/3114/1127 2257/3111/1127
f 2257/3111/1128 2198/3114/1128 2122/3115/1128 2200/3116/1128
f 2212/3112/1129 2257/3111/1129 2200/3116/1129 2120/3117/1129
f 2128/3118/1130 2212/3119/1130 2258/3120/1130 2216/3121/1130
f 2212/3119/1131 2120/3122/1131 2201/3123/1131 2258/3120/1131
f 2258/3120/1132 2201/3123/1132 2123/3124/1132 2199/3125/1132
f 2216/3121/1133 2258/3120/1133 2199/3125/1133 2131/3126/1133
f 2124/3127/1134 2204/3128/1134 2259/3129/1134 2209/3130/1134
f 2204/3128/1135 2122/3131/1135 2202/3132/1135 2259/3129/1135
f 2259/3129/1136 2202/3132/1136 2121/3133/1136 2197/3134/1136
f 2209/3130/1137 2259/3129/1137 2197/3134/1137 2127/3135/1137
f 2125/3136/1138 2208/3137/1138 2260/3138/1138 2205/3139/1138
f 2208/3137/1139 2127/3140/1139 2197/3141/1139 2260/3138/1139
f 2260/3138/1140 2197/3141/1140 2121/3142/1140 2203/3143/1140
f 2205/3139/1141 2260/3138/1141 2203/3143/1141 2123/3144/1141
f 2119/3108/1142 2195/3107/1142 2261/3145/1142 2191/3146/1142
f 2195/3107/1143 2117/3106/1143 2207/3147/1143 2261/3145/1143
f 2261/3145/1144 2207/3147/1144 2127/3140/1144 2208/3137/1144
f 2191/3146/1145 2261/3145/1145 2208/3137/1145 2125/3136/1145
f 2118/3099/1146 2190/3148/1146 2262/3149/1146 2194/3100/1146
f 2190/3148/1147 2124/3127/1147 2209/3130/1147 2262/3149/1147
f 2262/3149/1148 2209/3130/1148 2127/3135/1148 2207/3150/1148
f 2194/3100/1149 2262/3149/1149 2207/3150/1149 2117/3101/1149
f 2120/3117/1150 2200/3116/1150 2263/3151/1150 2196/3152/1150
f 2200/3116/1151 2122/3115/1151 2204/3153/1151 2263/3151/1151
f 2263/3151/1152 2204/3153/1152 2124/3095/1152 2210/3092/1152
f 2196/3152/1153 2263/3151/1153 2210/3092/1153 2126/3091/1153
f 2120/3122/1154 2196/3154/1154 2264/3155/1154 2201/3123/1154
f 2196/3154/1155 2126/3085/1155 2211/3088/1155 2264/3155/1155
f 2264/3155/1156 2211/3088/1156 2125/3090/1156 2205/3156/1156
f 2201/3123/1157 2264/3155/1157 2205/3156/1157 2123/3124/1157
f 2132/3157/1158 2220/3158/1158 2265/3159/1158 2225/3160/1158
f 2220/3158/1159 2128/3118/1159 2216/3121/1159 2265/3159/1159
f 2265/3159/1160 2216/3121/1160 2131/3126/1160 2215/3161/1160
f 2225/3160/1161 2265/3159/1161 2215/3161/1161 2135/3162/1161
f 2132/3163/1162 2224/3164/1162 2266/3165/1162 2220/3166/1162
f 2224/3164/1163 2134/3167/1163 2214/3168/1163 2266/3165/1163
f 2266/3165/1164 2214/3168/1164 2130/3113/1164 2217/3110/1164
f 2220/3166/1165 2266/3165/1165 2217/3110/1165 2128/3109/1165
f 2122/3131/1166 2198/3169/1166 2267/3170/1166 2202/3132/1166
f 2198/3169/1167 2130/3171/1167 2218/3172/1167 2267/3170/1167
f 2267/3170/1168 2218/3172/1168 2129/3173/1168 2213/3174/1168
f 2202/3132/1169 2267/3170/1169 2213/3174/1169 2121/3133/1169
f 2123/3144/1170 2203/3143/1170 2268/3175/1170 2199/3176/1170
f 2203/3143/1171 2121/3142/1171 2213/3177/1171 2268/3175/1171
f 2268/3175/1172 2213/3177/1172 2129/3178/1172 2219/3179/1172
f 2199/3176/1173 2268/3175/1173 2219/3179/1173 2131/3180/1173
f 2090/3181/1174 2139/3182/1174 2269/3183/1174 2140/3184/1174
f 2139/3182/1175 2091/3185/1175 2222/3186/1175 2269/3183/1175
f 2269/3183/1176 2222/3186/1176 2134/3167/1176 2224/3164/1176
f 2140/3184/1177 2269/3183/1177 2224/3164/1177 2132/3163/1177
f 2090/3187/1178 2140/3188/1178 2270/3189/1178 2136/3190/1178
f 2140/3188/1179 2132/3157/1179 2225/3160/1179 2270/3189/1179
f 2270/3189/1180 2225/3160/1180 2135/3162/1180 2223/3191/1180
f 2136/3190/1181 2270/3189/1181 2223/3191/1181 2088/3192/1181
f 2130/3171/1182 2214/3193/1182 2271/3194/1182 2218/3172/1182
f 2214/3193/1183 2134/2950/1183 2226/2953/1183 2271/3194/1183
f 2271/3194/1184 2226/2953/1184 2133/2958/1184 2221/3195/1184
f 2218/3172/1185 2271/3194/1185 2221/3195/1185 2129/3173/1185
f 2131/3180/1186 2219/3179/1186 2272/3196/1186 2215/3197/1186
f 2219/3179/1187 2129/3178/1187 2221/3198/1187 2272/3196/1187
f 2272/3196/1188 2221/3198/1188 2133/2936/1188 2227/2933/1188
f 2215/3197/1189 2272/3196/1189 2227/2933/1189 2135/2932/1189
o Plane.122_Plane.188
v 116.582863 4.425504 5.339966
v 142.865631 4.425504 5.339966
v 116.582863 4.425504 -1.244137
v 142.865631 4.425504 -1.244137
vt 0.521185 0.298653
vt 0.733047 0.298653
vt 0.733047 0.456416
vt 0.521185 0.456416
vn 0.0000 1.0000 0.0000
usemtl stone_2
s off
f 2273/3199/1190 2274/3200/1190 2276/3201/1190 2275/3202/1190
o Plane.123_Plane.189
v 142.898193 4.400504 28.391928
v 142.898193 4.400504 5.195173
v 136.314087 4.400504 28.391928
v 136.314087 4.400504 5.195173
vt 0.521185 0.298653
vt 0.733047 0.298653
vt 0.733047 0.456416
vt 0.521185 0.456416
vn 0.0000 1.0000 0.0000
usemtl stone_2
s off
f 2277/3203/1191 2278/3204/1191 2280/3205/1191 2279/3206/1191
o Plane.129_Plane.138
v 77.731636 1.067153 -9.375467
v 97.980400 1.067153 -9.375467
v 77.731636 6.749147 -6.684718
v 97.980400 6.749147 -6.684718
vt 0.374060 0.297456
vt 0.494280 0.297456
vt 0.494280 0.368304
vt 0.374060 0.368304
vn 0.0000 -0.4280 0.9038
usemtl stone_2
s off
f 2281/3207/1192 2282/3208/1192 2284/3209/1192 2283/3210/1192
o Cube.062_Cube.008
v -1.955749 -0.180916 1.555039
v -1.955749 0.181471 1.555039
v -1.955749 -0.180916 -1.529143
v -1.955749 0.181471 -1.529143
v 3.510518 -0.180916 1.555039
v 3.510518 0.181471 1.555039
v 3.510518 -0.180916 -1.529143
v 3.510518 0.181471 -1.529143
vt 0.375000 0.000000
vt 0.625000 0.000000
vt 0.625000 0.250000
vt 0.375000 0.250000
vt 0.625000 0.500000
vt 0.375000 0.500000
vt 0.625000 0.750000
vt 0.375000 0.750000
vt 0.625000 1.000000
vt 0.375000 1.000000
vt 0.125000 0.500000
vt 0.125000 0.750000
vt 0.875000 0.500000
vt 0.875000 0.750000
vn -1.0000 0.0000 0.0000
vn 0.0000 0.0000 -1.0000
vn 1.0000 0.0000 0.0000
vn 0.0000 0.0000 1.0000
vn 0.0000 -1.0000 0.0000
vn 0.0000 1.0000 0.0000
usemtl hbmat_wood
s off
f 2285/3211/1193 2286/3212/1193 2288/3213/1193 2287/3214/1193
f 2287/3214/1194 2288/3213/1194 2292/3215/1194 2291/3216/1194
f 2291/3216/1195 2292/3215/1195 2290/3217/1195 2289/3218/1195
f 2289/3218/1196 2290/3217/1196 2286/3219/1196 2285/3220/1196
f 2287/3221/1197 2291/3216/1197 2289/3218/1197 2285/3222/1197
f 2292/3215/1198 2288/3223/1198 2286/3224/1198 2290/3217/1198
o Cube.063_Cube.012
v 5.066685 -0.180916 3.139743
v 5.066685 0.181471 3.139743
v 5.066685 -0.180916 -3.113847
v 5.066685 0.181471 -3.113847
v 10.532951 -0.180916 3.139743
v 10.532951 0.181471 3.139743
v 10.532951 -0.180916 -3.113847
v 10.532951 0.181471 -3.113847
vt 0.375000 0.000000
vt 0.625000 0.000000
vt 0.625000 0.250000
vt 0.375000 0.250000
vt 0.625000 0.500000
vt 0.375000 0.500000
vt 0.625000 0.750000
vt 0.375000 0.750000
vt 0.625000 1.000000
vt 0.375000 1.000000
vt 0.125000 0.500000
vt 0.125000 0.750000
vt 0.875000 0.500000
vt 0.875000 0.750000
vn -1.0000 0.0000 0.0000
vn 0.0000 0.0000 -1.0000
vn 1.0000 0.0000 0.0000
vn 0.0000 0.0000 1.0000
vn 0.0000 -1.0000 0.0000
vn 0.0000 1.0000 0.0000
usemtl hbmat_wood
s off
f 2293/3225/1199 2294/3226/1199 2296/3227/1199 2295/3228/1199
f 2295/3228/1200 2296/3227/1200 2300/3229/1200 2299/3230/1200
f 2299/3230/1201 2300/3229/1201 2298/3231/1201 2297/3232/1201
f 2297/3232/1202 2298/3231/1202 2294/3233/1202 2293/3234/1202
f 2295/3235/1203 2299/3230/1203 2297/3232/1203 2293/3236/1203
f 2300/3229/1204 2296/3237/1204 2294/3238/1204 2298/3231/1204
o Cube.064_Cube.017
v 11.109868 -0.200805 5.493553
v 11.109868 0.201360 5.493553
v 11.109868 -0.200805 -5.467658
v 11.109868 0.201360 -5.467658
v 21.010914 -0.200805 5.493553
v 21.010914 0.201360 5.493553
v 21.010914 -0.200805 -5.467658
v 21.010914 0.201360 -5.467658
vt 0.375000 0.000000
vt 0.625000 0.000000
vt 0.625000 0.250000
vt 0.375000 0.250000
vt 0.625000 0.500000
vt 0.375000 0.500000
vt 0.625000 0.750000
vt 0.375000 0.750000
vt 0.625000 1.000000
vt 0.375000 1.000000
vt 0.125000 0.500000
vt 0.125000 0.750000
vt 0.875000 0.500000
vt 0.875000 0.750000
vn -1.0000 0.0000 0.0000
vn 0.0000 0.0000 -1.0000
vn 1.0000 0.0000 0.0000
vn 0.0000 0.0000 1.0000
vn 0.0000 -1.0000 0.0000
vn 0.0000 1.0000 0.0000
usemtl hbmat_wood
s off
f 2301/3239/1205 2302/3240/1205 2304/3241/1205 2303/3242/1205
f 2303/3242/1206 2304/3241/1206 2308/3243/1206 2307/3244/1206
f 2307/3244/1207 2308/3243/1207 2306/3245/1207 2305/3246/1207
f 2305/3246/1208 2306/3245/1208 2302/3247/1208 2301/3248/1208
f 2303/3249/1209 2307/3244/1209 2305/3246/1209 2301/3250/1209
f 2308/3243/1210 2304/3251/1210 2302/3252/1210 2306/3245/1210
o Cube.065_Cube.019
v 21.423084 -0.080800 0.849645
v 21.423084 0.081355 0.849645
v 21.423084 -0.080800 -0.823750
v 21.423084 0.081355 -0.823750
v 31.689274 -0.080800 0.849645
v 31.689274 0.081355 0.849645
v 31.689274 -0.080800 -0.823750
v 31.689274 0.081355 -0.823750
vt 0.375000 0.000000
vt 0.625000 0.000000
vt 0.625000 0.250000
vt 0.375000 0.250000
vt 0.625000 0.500000
vt 0.375000 0.500000
vt 0.625000 0.750000
vt 0.375000 0.750000
vt 0.625000 1.000000
vt 0.375000 1.000000
vt 0.125000 0.500000
vt 0.125000 0.750000
vt 0.875000 0.500000
vt 0.875000 0.750000
vn -1.0000 0.0000 0.0000
vn 0.0000 0.0000 -1.0000
vn 1.0000 0.0000 0.0000
vn 0.0000 0.0000 1.0000
vn 0.0000 -1.0000 0.0000
vn 0.0000 1.0000 0.0000
usemtl hbmat_wood
s off
f 2309/3253/1211 2310/3254/1211 2312/3255/1211 2311/3256/1211
f 2311/3256/1212 2312/3255/1212 2316/3257/1212 2315/3258/1212
f 2315/3258/1213 2316/3257/1213 2314/3259/1213 2313/3260/1213
f 2313/3260/1214 2314/3259/1214 2310/3261/1214 2309/3262/1214
f 2311/3263/1215 2315/3258/1215 2313/3260/1215 2309/3264/1215
f 2316/3257/1216 2312/3265/1216 2310/3266/1216 2314/3259/1216
o Cube.066_Cube.020
v 36.924671 -0.112622 2.375757
v 36.924671 0.113177 2.375757
v 36.924671 -0.112622 0.045574
v 36.924671 0.113177 0.045574
v 40.394176 -0.112622 2.375757
v 40.394176 0.113177 2.375757
v 40.394176 -0.112622 0.045574
v 40.394176 0.113177 0.045574
vt 0.375000 0.000000
vt 0.625000 0.000000
vt 0.625000 0.250000
vt 0.375000 0.250000
vt 0.625000 0.500000
vt 0.375000 0.500000
vt 0.625000 0.750000
vt 0.375000 0.750000
vt 0.625000 1.000000
vt 0.375000 1.000000
vt 0.125000 0.500000
vt 0.125000 0.750000
vt 0.875000 0.500000
vt 0.875000 0.750000
vn -1.0000 0.0000 0.0000
vn 0.0000 0.0000 -1.0000
vn 1.0000 0.0000 0.0000
vn 0.0000 0.0000 1.0000
vn 0.0000 -1.0000 0.0000
vn 0.0000 1.0000 0.0000
usemtl hbmat_wood
s off
f 2317/3267/1217 2318/3268/1217 2320/3269/1217 2319/3270/1217
f 2319/3270/1218 2320/3269/1218 2324/3271/1218 2323/3272/1218
f 2323/3272/1219 2324/3271/1219 2322/3273/1219 2321/3274/1219
f 2321/3274/1220 2322/3273/1220 2318/3275/1220 2317/3276/1220
f 2319/3277/1221 2323/3272/1221 2321/3274/1221 2317/3278/1221
f 2324/3271/1222 2320/3279/1222 2318/3280/1222 2322/3273/1222
o Cube.067_Cube.043
v 31.645262 -0.112622 2.375757
v 31.645262 0.113177 2.375757
v 31.645262 -0.112622 0.045574
v 31.645262 0.113177 0.045574
v 35.114765 -0.112622 2.375757
v 35.114765 0.113177 2.375757
v 35.114765 -0.112622 0.045574
v 35.114765 0.113177 0.045574
vt 0.375000 0.000000
vt 0.625000 0.000000
vt 0.625000 0.250000
vt 0.375000 0.250000
vt 0.625000 0.500000
vt 0.375000 0.500000
vt 0.625000 0.750000
vt 0.375000 0.750000
vt 0.625000 1.000000
vt 0.375000 1.000000
vt 0.125000 0.500000
vt 0.125000 0.750000
vt 0.875000 0.500000
vt 0.875000 0.750000
vn -1.0000 0.0000 0.0000
vn 0.0000 0.0000 -1.0000
vn 1.0000 0.0000 0.0000
vn 0.0000 0.0000 1.0000
vn 0.0000 -1.0000 0.0000
vn 0.0000 1.0000 0.0000
usemtl hbmat_wood
s off
f 2325/3281/1223 2326/3282/1223 2328/3283/1223 2327/3284/1223
f 2327/3284/1224 2328/3283/1224 2332/3285/1224 2331/3286/1224
f 2331/3286/1225 2332/3285/1225 2330/3287/1225 2329/3288/1225
f 2329/3288/1226 2330/3287/1226 2326/3289/1226 2325/3290/1226
f 2327/3291/1227 2331/3286/1227 2329/3288/1227 2325/3292/1227
f 2332/3285/1228 2328/3293/1228 2326/3294/1228 2330/3287/1228
o Cube.068_Cube.048
v 31.645262 -0.112622 6.446946
v 31.645262 0.113177 6.446946
v 31.645262 -0.112622 4.116763
v 31.645262 0.113177 4.116763
v 35.114765 -0.112622 6.446946
v 35.114765 0.113177 6.446946
v 35.114765 -0.112622 4.116763
v 35.114765 0.113177 4.116763
vt 0.375000 0.000000
vt 0.625000 0.000000
vt 0.625000 0.250000
vt 0.375000 0.250000
vt 0.625000 0.500000
vt 0.375000 0.500000
vt 0.625000 0.750000
vt 0.375000 0.750000
vt 0.625000 1.000000
vt 0.375000 1.000000
vt 0.125000 0.500000
vt 0.125000 0.750000
vt 0.875000 0.500000
vt 0.875000 0.750000
vn -1.0000 0.0000 0.0000
vn 0.0000 0.0000 -1.0000
vn 1.0000 0.0000 0.0000
vn 0.0000 0.0000 1.0000
vn 0.0000 -1.0000 0.0000
vn 0.0000 1.0000 0.0000
usemtl hbmat_wood
s off
f 2333/3295/1229 2334/3296/1229 2336/3297/1229 2335/3298/1229
f 2335/3298/1230 2336/3297/1230 2340/3299/1230 2339/3300/1230
f 2339/3300/1231 2340/3299/1231 2338/3301/1231 2337/3302/1231
f 2337/3302/1232 2338/3301/1232 2334/3303/1232 2333/3304/1232
f 2335/3305/1233 2339/3300/1233 2337/3302/1233 2333/3306/1233
f 2340/3299/1234 2336/3307/1234 2334/3308/1234 2338/3301/1234
o Cube.069_Cube.049
v 36.937805 -0.112622 6.446946
v 36.937805 0.113177 6.446946
v 36.937805 -0.112622 4.116763
v 36.937805 0.113177 4.116763
v 40.407310 -0.112622 6.446946
v 40.407310 0.113177 6.446946
v 40.407310 -0.112622 4.116763
v 40.407310 0.113177 4.116763
vt 0.375000 0.000000
vt 0.625000 0.000000
vt 0.625000 0.250000
vt 0.375000 0.250000
vt 0.625000 0.500000
vt 0.375000 0.500000
vt 0.625000 0.750000
vt 0.375000 0.750000
vt 0.625000 1.000000
vt 0.375000 1.000000
vt 0.125000 0.500000
vt 0.125000 0.750000
vt 0.875000 0.500000
vt 0.875000 0.750000
vn -1.0000 0.0000 0.0000
vn 0.0000 0.0000 -1.0000
vn 1.0000 0.0000 0.0000
vn 0.0000 0.0000 1.0000
vn 0.0000 -1.0000 0.0000
vn 0.0000 1.0000 0.0000
usemtl hbmat_wood
s off
f 2341/3309/1235 2342/3310/1235 2344/3311/1235 2343/3312/1235
f 2343/3312/1236 2344/3311/1236 2348/3313/1236 2347/3314/1236
f 2347/3314/1237 2348/3313/1237 2346/3315/1237 2345/3316/1237
f 2345/3316/1238 2346/3315/1238 2342/3317/1238 2341/3318/1238
f 2343/3319/1239 2347/3314/1239 2345/3316/1239 2341/3320/1239
f 2348/3313/1240 2344/3321/1240 2342/3322/1240 2346/3315/1240
o Cube.070_Cube.052
v 42.190952 -0.112622 6.446946
v 42.190952 0.113177 6.446946
v 42.190952 -0.112622 4.116763
v 42.190952 0.113177 4.116763
v 45.660458 -0.112622 6.446946
v 45.660458 0.113177 6.446946
v 45.660458 -0.112622 4.116763
v 45.660458 0.113177 4.116763
vt 0.375000 0.000000
vt 0.625000 0.000000
vt 0.625000 0.250000
vt 0.375000 0.250000
vt 0.625000 0.500000
vt 0.375000 0.500000
vt 0.625000 0.750000
vt 0.375000 0.750000
vt 0.625000 1.000000
vt 0.375000 1.000000
vt 0.125000 0.500000
vt 0.125000 0.750000
vt 0.875000 0.500000
vt 0.875000 0.750000
vn -1.0000 0.0000 0.0000
vn 0.0000 0.0000 -1.0000
vn 1.0000 0.0000 0.0000
vn 0.0000 0.0000 1.0000
vn 0.0000 -1.0000 0.0000
vn 0.0000 1.0000 0.0000
usemtl hbmat_wood
s off
f 2349/3323/1241 2350/3324/1241 2352/3325/1241 2351/3326/1241
f 2351/3326/1242 2352/3325/1242 2356/3327/1242 2355/3328/1242
f 2355/3328/1243 2356/3327/1243 2354/3329/1243 2353/3330/1243
f 2353/3330/1244 2354/3329/1244 2350/3331/1244 2349/3332/1244
f 2351/3333/1245 2355/3328/1245 2353/3330/1245 2349/3334/1245
f 2356/3327/1246 2352/3335/1246 2350/3336/1246 2354/3329/1246
o Cube.071_Cube.053
v 36.924671 -0.112622 -1.406509
v 36.924671 0.113177 -1.406509
v 36.924671 -0.112622 -3.736692
v 36.924671 0.113177 -3.736692
v 40.394176 -0.112622 -1.406509
v 40.394176 0.113177 -1.406509
v 40.394176 -0.112622 -3.736692
v 40.394176 0.113177 -3.736692
vt 0.375000 0.000000
vt 0.625000 0.000000
vt 0.625000 0.250000
vt 0.375000 0.250000
vt 0.625000 0.500000
vt 0.375000 0.500000
vt 0.625000 0.750000
vt 0.375000 0.750000
vt 0.625000 1.000000
vt 0.375000 1.000000
vt 0.125000 0.500000
vt 0.125000 0.750000
vt 0.875000 0.500000
vt 0.875000 0.750000
vn -1.0000 0.0000 0.0000
vn 0.0000 0.0000 -1.0000
vn 1.0000 0.0000 0.0000
vn 0.0000 0.0000 1.0000
vn 0.0000 -1.0000 0.0000
vn 0.0000 1.0000 0.0000
usemtl hbmat_wood
s off
f 2357/3337/1247 2358/3338/1247 2360/3339/1247 2359/3340/1247
f 2359/3340/1248 2360/3339/1248 2364/3341/1248 2363/3342/1248
f 2363/3342/1249 2364/3341/1249 2362/3343/1249 2361/3344/1249
f 2361/3344/1250 2362/3343/1250 2358/3345/1250 2357/3346/1250
f 2359/3347/1251 2363/3342/1251 2361/3344/1251 2357/3348/1251
f 2364/3341/1252 2360/3349/1252 2358/3350/1252 2362/3343/1252
o Cube.072_Cube.066
v 42.177818 -0.112622 -1.406509
v 42.177818 0.113177 -1.406509
v 42.177818 -0.112622 -3.736692
v 42.177818 0.113177 -3.736692
v 45.647324 -0.112622 -1.406509
v 45.647324 0.113177 -1.406509
v 45.647324 -0.112622 -3.736692
v 45.647324 0.113177 -3.736692
vt 0.375000 0.000000
vt 0.625000 0.000000
vt 0.625000 0.250000
vt 0.375000 0.250000
vt 0.625000 0.500000
vt 0.375000 0.500000
vt 0.625000 0.750000
vt 0.375000 0.750000
vt 0.625000 1.000000
vt 0.375000 1.000000
vt 0.125000 0.500000
vt 0.125000 0.750000
vt 0.875000 0.500000
vt 0.875000 0.750000
vn -1.0000 0.0000 0.0000
vn 0.0000 0.0000 -1.0000
vn 1.0000 0.0000 0.0000
vn 0.0000 0.0000 1.0000
vn 0.0000 -1.0000 0.0000
vn 0.0000 1.0000 0.0000
usemtl hbmat_wood
s off
f 2365/3351/1253 2366/3352/1253 2368/3353/1253 2367/3354/1253
f 2367/3354/1254 2368/3353/1254 2372/3355/1254 2371/3356/1254
f 2371/3356/1255 2372/3355/1255 2370/3357/1255 2369/3358/1255
f 2369/3358/1256 2370/3357/1256 2366/3359/1256 2365/3360/1256
f 2367/3361/1257 2371/3356/1257 2369/3358/1257 2365/3362/1257
f 2372/3355/1258 2368/3363/1258 2366/3364/1258 2370/3357/1258
o Cube.073_Cube.067
v 42.438805 -0.046064 1.308823
v 42.438805 0.046619 1.308823
v 42.438805 -0.046064 -1.487801
v 42.438805 0.046619 -1.487801
v 43.862923 -0.046064 1.308823
v 43.862923 0.046619 1.308823
v 43.862923 -0.046064 -1.487801
v 43.862923 0.046619 -1.487801
vt 0.375000 0.000000
vt 0.625000 0.000000
vt 0.625000 0.250000
vt 0.375000 0.250000
vt 0.625000 0.500000
vt 0.375000 0.500000
vt 0.625000 0.750000
vt 0.375000 0.750000
vt 0.625000 1.000000
vt 0.375000 1.000000
vt 0.125000 0.500000
vt 0.125000 0.750000
vt 0.875000 0.500000
vt 0.875000 0.750000
vn -1.0000 0.0000 0.0000
vn 0.0000 0.0000 -1.0000
vn 1.0000 0.0000 0.0000
vn 0.0000 0.0000 1.0000
vn 0.0000 -1.0000 0.0000
vn 0.0000 1.0000 0.0000
usemtl hbmat_wire
s off
f 2373/3365/1259 2374/3366/1259 2376/3367/1259 2375/3368/1259
f 2375/3368/1260 2376/3367/1260 2380/3369/1260 2379/3370/1260
f 2379/3370/1261 2380/3369/1261 2378/3371/1261 2377/3372/1261
f 2377/3372/1262 2378/3371/1262 2374/3373/1262 2373/3374/1262
f 2375/3375/1263 2379/3370/1263 2377/3372/1263 2373/3376/1263
f 2380/3369/1264 2376/3377/1264 2374/3378/1264 2378/3371/1264
o Cube.074_Cube.068
v 43.752090 -0.046064 4.106123
v 43.752090 0.046619 4.106123
v 43.752090 -0.046064 1.309500
v 43.752090 0.046619 1.309500
v 45.176208 -0.046064 4.106123
v 45.176208 0.046619 4.106123
v 45.176208 -0.046064 1.309500
v 45.176208 0.046619 1.309500
vt 0.375000 0.000000
vt 0.625000 0.000000
vt 0.625000 0.250000
vt 0.375000 0.250000
vt 0.625000 0.500000
vt 0.375000 0.500000
vt 0.625000 0.750000
vt 0.375000 0.750000
vt 0.625000 1.000000
vt 0.375000 1.000000
vt 0.125000 0.500000
vt 0.125000 0.750000
vt 0.875000 0.500000
vt 0.875000 0.750000
vn -1.0000 0.0000 0.0000
vn 0.0000 0.0000 -1.0000
vn 1.0000 0.0000 0.0000
vn 0.0000 0.0000 1.0000
vn 0.0000 -1.0000 0.0000
vn 0.0000 1.0000 0.0000
usemtl hbmat_wire
s off
f 2381/3379/1265 2382/3380/1265 2384/3381/1265 2383/3382/1265
f 2383/3382/1266 2384/3381/1266 2388/3383/1266 2387/3384/1266
f 2387/3384/1267 2388/3383/1267 2386/3385/1267 2385/3386/1267
f 2385/3386/1268 2386/3385/1268 2382/3387/1268 2381/3388/1268
f 2383/3389/1269 2387/3384/1269 2385/3386/1269 2381/3390/1269
f 2388/3383/1270 2384/3391/1270 2382/3392/1270 2386/3385/1270
o Cube.075_Cube.069
v 43.012234 -0.022495 2.748951
v 43.012234 0.023050 2.748951
v 43.012234 -0.022495 1.374665
v 43.012234 0.023050 1.374665
v 43.712055 -0.022495 2.748951
v 43.712055 0.023050 2.748951
v 43.712055 -0.022495 1.374665
v 43.712055 0.023050 1.374665
vt 0.375000 0.000000
vt 0.625000 0.000000
vt 0.625000 0.250000
vt 0.375000 0.250000
vt 0.625000 0.500000
vt 0.375000 0.500000
vt 0.625000 0.750000
vt 0.375000 0.750000
vt 0.625000 1.000000
vt 0.375000 1.000000
vt 0.125000 0.500000
vt 0.125000 0.750000
vt 0.875000 0.500000
vt 0.875000 0.750000
vn -1.0000 0.0000 0.0000
vn 0.0000 0.0000 -1.0000
vn 1.0000 0.0000 0.0000
vn 0.0000 0.0000 1.0000
vn 0.0000 -1.0000 0.0000
vn 0.0000 1.0000 0.0000
usemtl hbmat_wire
s off
f 2389/3393/1271 2390/3394/1271 2392/3395/1271 2391/3396/1271
f 2391/3396/1272 2392/3395/1272 2396/3397/1272 2395/3398/1272
f 2395/3398/1273 2396/3397/1273 2394/3399/1273 2393/3400/1273
f 2393/3400/1274 2394/3399/1274 2390/3401/1274 2389/3402/1274
f 2391/3403/1275 2395/3398/1275 2393/3400/1275 2389/3404/1275
f 2396/3397/1276 2392/3405/1276 2390/3406/1276 2394/3399/1276
o Cube.076_Cube.070
v 43.909039 -0.022495 1.259343
v 43.909039 0.023050 1.259343
v 43.909039 -0.022495 -0.114943
v 43.909039 0.023050 -0.114943
v 44.608860 -0.022495 1.259343
v 44.608860 0.023050 1.259343
v 44.608860 -0.022495 -0.114943
v 44.608860 0.023050 -0.114943
vt 0.375000 0.000000
vt 0.625000 0.000000
vt 0.625000 0.250000
vt 0.375000 0.250000
vt 0.625000 0.500000
vt 0.375000 0.500000
vt 0.625000 0.750000
vt 0.375000 0.750000
vt 0.625000 1.000000
vt 0.375000 1.000000
vt 0.125000 0.500000
vt 0.125000 0.750000
vt 0.875000 0.500000
vt 0.875000 0.750000
vn -1.0000 0.0000 0.0000
vn 0.0000 0.0000 -1.0000
vn 1.0000 0.0000 0.0000
vn 0.0000 0.0000 1.0000
vn 0.0000 -1.0000 0.0000
vn 0.0000 1.0000 0.0000
usemtl hbmat_wire
s off
f 2397/3407/1277 2398/3408/1277 2400/3409/1277 2399/3410/1277
f 2399/3410/1278 2400/3409/1278 2404/3411/1278 2403/3412/1278
f 2403/3412/1279 2404/3411/1279 2402/3413/1279 2401/3414/1279
f 2401/3414/1280 2402/3413/1280 2398/3415/1280 2397/3416/1280
f 2399/3417/1281 2403/3412/1281 2401/3414/1281 2397/3418/1281
f 2404/3411/1282 2400/3419/1282 2398/3420/1282 2402/3413/1282
o Cube.077_Cube.071
v 13.060333 -1.664366 4.240418
v 13.060333 6.136303 4.240418
v 13.060333 -1.664366 0.959618
v 13.060333 6.136303 0.959618
v 15.073067 -1.664366 4.240418
v 15.073067 6.136303 4.240418
v 15.073067 -1.664366 0.959618
v 15.073067 6.136303 0.959618
vt 0.375000 0.000000
vt 0.625000 0.000000
vt 0.625000 0.250000
vt 0.375000 0.250000
vt 0.625000 0.500000
vt 0.375000 0.500000
vt 0.625000 0.750000
vt 0.375000 0.750000
vt 0.625000 1.000000
vt 0.375000 1.000000
vt 0.125000 0.500000
vt 0.125000 0.750000
vt 0.875000 0.500000
vt 0.875000 0.750000
vn -1.0000 0.0000 0.0000
vn 0.0000 0.0000 -1.0000
vn 1.0000 0.0000 0.0000
vn 0.0000 0.0000 1.0000
vn 0.0000 -1.0000 0.0000
vn 0.0000 1.0000 0.0000
usemtl hbmat_wood
s off
f 2405/3421/1283 2406/3422/1283 2408/3423/1283 2407/3424/1283
f 2407/3424/1284 2408/3423/1284 2412/3425/1284 2411/3426/1284
f 2411/3426/1285 2412/3425/1285 2410/3427/1285 2409/3428/1285
f 2409/3428/1286 2410/3427/1286 2406/3429/1286 2405/3430/1286
f 2407/3431/1287 2411/3426/1287 2409/3428/1287 2405/3432/1287
f 2412/3425/1288 2408/3433/1288 2406/3434/1288 2410/3427/1288
o Cube.078_Cube.072
v 19.397680 -2.158263 3.884622
v 19.397680 5.642406 3.884622
v 19.023062 -2.158263 3.884622
v 19.023062 5.642406 3.884622
v 19.397680 -2.158263 1.694223
v 19.397680 5.642406 1.694223
v 19.023062 -2.158263 1.694223
v 19.023062 5.642406 1.694223
vt 0.375000 0.000000
vt 0.625000 0.000000
vt 0.625000 0.250000
vt 0.375000 0.250000
vt 0.625000 0.500000
vt 0.375000 0.500000
vt 0.625000 0.750000
vt 0.375000 0.750000
vt 0.625000 1.000000
vt 0.375000 1.000000
vt 0.125000 0.500000
vt 0.125000 0.750000
vt 0.875000 0.500000
vt 0.875000 0.750000
vn 0.0000 0.0000 1.0000
vn -1.0000 0.0000 0.0000
vn 0.0000 0.0000 -1.0000
vn 1.0000 0.0000 0.0000
vn 0.0000 -1.0000 0.0000
vn 0.0000 1.0000 0.0000
usemtl hbmat_wood
s off
f 2413/3435/1289 2414/3436/1289 2416/3437/1289 2415/3438/1289
f 2415/3438/1290 2416/3437/1290 2420/3439/1290 2419/3440/1290
f 2419/3440/1291 2420/3439/1291 2418/3441/1291 2417/3442/1291
f 2417/3442/1292 2418/3441/1292 2414/3443/1292 2413/3444/1292
f 2415/3445/1293 2419/3440/1293 2417/3442/1293 2413/3446/1293
f 2420/3439/1294 2416/3447/1294 2414/3448/1294 2418/3441/1294
o Cube.079_Cube.073
v 16.883787 -2.158263 3.961696
v 16.883787 5.642406 3.961696
v 16.883787 -2.158263 3.587079
v 16.883787 5.642406 3.587079
v 19.074186 -2.158263 3.961696
v 19.074186 5.642406 3.961696
v 19.074186 -2.158263 3.587079
v 19.074186 5.642406 3.587079
vt 0.375000 0.000000
vt 0.625000 0.000000
vt 0.625000 0.250000
vt 0.375000 0.250000
vt 0.625000 0.500000
vt 0.375000 0.500000
vt 0.625000 0.750000
vt 0.375000 0.750000
vt 0.625000 1.000000
vt 0.375000 1.000000
vt 0.125000 0.500000
vt 0.125000 0.750000
vt 0.875000 0.500000
vt 0.875000 0.750000
vn -1.0000 0.0000 0.0000
vn 0.0000 0.0000 -1.0000
vn 1.0000 0.0000 0.0000
vn 0.0000 0.0000 1.0000
vn 0.0000 -1.0000 0.0000
vn 0.0000 1.0000 0.0000
usemtl hbmat_wood
s off
f 2421/3449/1295 2422/3450/1295 2424/3451/1295 2423/3452/1295
f 2423/3452/1296 2424/3451/1296 2428/3453/1296 2427/3454/1296
f 2427/3454/1297 2428/3453/1297 2426/3455/1297 2425/3456/1297
f 2425/3456/1298 2426/3455/1298 2422/3457/1298 2421/3458/1298
f 2423/3459/1299 2427/3454/1299 2425/3456/1299 2421/3460/1299
f 2428/3453/1300 2424/3461/1300 2422/3462/1300 2426/3455/1300
o Cube.080_Cube.074
v 13.503611 -2.158263 -0.986631
v 13.503611 5.642406 -0.986631
v 13.128994 -2.158263 -0.986631
v 13.128994 5.642406 -0.986631
v 13.503611 -2.158263 -3.177030
v 13.503611 5.642406 -3.177030
v 13.128994 -2.158263 -3.177030
v 13.128994 5.642406 -3.177030
vt 0.375000 0.000000
vt 0.625000 0.000000
vt 0.625000 0.250000
vt 0.375000 0.250000
vt 0.625000 0.500000
vt 0.375000 0.500000
vt 0.625000 0.750000
vt 0.375000 0.750000
vt 0.625000 1.000000
vt 0.375000 1.000000
vt 0.125000 0.500000
vt 0.125000 0.750000
vt 0.875000 0.500000
vt 0.875000 0.750000
vn 0.0000 0.0000 1.0000
vn -1.0000 0.0000 0.0000
vn 0.0000 0.0000 -1.0000
vn 1.0000 0.0000 0.0000
vn 0.0000 -1.0000 0.0000
vn 0.0000 1.0000 0.0000
usemtl hbmat_wood
s off
f 2429/3463/1301 2430/3464/1301 2432/3465/1301 2431/3466/1301
f 2431/3466/1302 2432/3465/1302 2436/3467/1302 2435/3468/1302
f 2435/3468/1303 2436/3467/1303 2434/3469/1303 2433/3470/1303
f 2433/3470/1304 2434/3469/1304 2430/3471/1304 2429/3472/1304
f 2431/3473/1305 2435/3468/1305 2433/3470/1305 2429/3474/1305
f 2436/3467/1306 2432/3475/1306 2430/3476/1306 2434/3469/1306
o Cube.081_Cube.075
v 13.486762 -2.158263 -2.883168
v 13.486762 5.642406 -2.883168
v 13.486762 -2.158263 -3.257786
v 13.486762 5.642406 -3.257786
v 15.677161 -2.158263 -2.883168
v 15.677161 5.642406 -2.883168
v 15.677161 -2.158263 -3.257786
v 15.677161 5.642406 -3.257786
vt 0.375000 0.000000
vt 0.625000 0.000000
vt 0.625000 0.250000
vt 0.375000 0.250000
vt 0.625000 0.500000
vt 0.375000 0.500000
vt 0.625000 0.750000
vt 0.375000 0.750000
vt 0.625000 1.000000
vt 0.375000 1.000000
vt 0.125000 0.500000
vt 0.125000 0.750000
vt 0.875000 0.500000
vt 0.875000 0.750000
vn -1.0000 0.0000 0.0000
vn 0.0000 0.0000 -1.0000
vn 1.0000 0.0000 0.0000
vn 0.0000 0.0000 1.0000
vn 0.0000 -1.0000 0.0000
vn 0.0000 1.0000 0.0000
usemtl hbmat_wood
s off
f 2437/3477/1307 2438/3478/1307 2440/3479/1307 2439/3480/1307
f 2439/3480/1308 2440/3479/1308 2444/3481/1308 2443/3482/1308
f 2443/3482/1309 2444/3481/1309 2442/3483/1309 2441/3484/1309
f 2441/3484/1310 2442/3483/1310 2438/3485/1310 2437/3486/1310
f 2439/3487/1311 2443/3482/1311 2441/3484/1311 2437/3488/1311
f 2444/3481/1312 2440/3489/1312 2438/3490/1312 2442/3483/1312
o Cube.082_Cube.076
v 31.425919 -0.021077 4.300745
v 31.425919 3.327821 4.300745
v 31.425919 -0.021077 3.926127
v 31.425919 3.327821 3.926127
v 35.083290 -0.021077 4.300745
v 35.083290 3.327821 4.300745
v 35.083290 -0.021077 3.926127
v 35.083290 3.327821 3.926127
vt 0.375000 0.000000
vt 0.625000 0.000000
vt 0.625000 0.250000
vt 0.375000 0.250000
vt 0.625000 0.500000
vt 0.375000 0.500000
vt 0.625000 0.750000
vt 0.375000 0.750000
vt 0.625000 1.000000
vt 0.375000 1.000000
vt 0.125000 0.500000
vt 0.125000 0.750000
vt 0.875000 0.500000
vt 0.875000 0.750000
vn -1.0000 0.0000 0.0000
vn 0.0000 0.0000 -1.0000
vn 1.0000 0.0000 0.0000
vn 0.0000 0.0000 1.0000
vn 0.0000 -1.0000 0.0000
vn 0.0000 1.0000 0.0000
usemtl hbmat_wood
s off
f 2445/3491/1313 2446/3492/1313 2448/3493/1313 2447/3494/1313
f 2447/3494/1314 2448/3493/1314 2452/3495/1314 2451/3496/1314
f 2451/3496/1315 2452/3495/1315 2450/3497/1315 2449/3498/1315
f 2449/3498/1316 2450/3497/1316 2446/3499/1316 2445/3500/1316
f 2447/3501/1317 2451/3496/1317 2449/3498/1317 2445/3502/1317
f 2452/3495/1318 2448/3503/1318 2446/3504/1318 2450/3497/1318
o Cube.083_Cube.077
v 36.834560 -0.021077 2.579814
v 36.834560 3.327821 2.579814
v 36.834560 -0.021077 2.205196
v 36.834560 3.327821 2.205196
v 40.491932 -0.021077 2.579814
v 40.491932 3.327821 2.579814
v 40.491932 -0.021077 2.205196
v 40.491932 3.327821 2.205196
vt 0.375000 0.000000
vt 0.625000 0.000000
vt 0.625000 0.250000
vt 0.375000 0.250000
vt 0.625000 0.500000
vt 0.375000 0.500000
vt 0.625000 0.750000
vt 0.375000 0.750000
vt 0.625000 1.000000
vt 0.375000 1.000000
vt 0.125000 0.500000
vt 0.125000 0.750000
vt 0.875000 0.500000
vt 0.875000 0.750000
vn -1.0000 0.0000 0.0000
vn 0.0000 0.0000 -1.0000
vn 1.0000 0.0000 0.0000
vn 0.0000 0.0000 1.0000
vn 0.0000 -1.0000 0.0000
vn 0.0000 1.0000 0.0000
usemtl hbmat_wood
s off
f 2453/3505/1319 2454/3506/1319 2456/3507/1319 2455/3508/1319
f 2455/3508/1320 2456/3507/1320 2460/3509/1320 2459/3510/1320
f 2459/3510/1321 2460/3509/1321 2458/3511/1321 2457/3512/1321
f 2457/3512/1322 2458/3511/1322 2454/3513/1322 2453/3514/1322
f 2455/3515/1323 2459/3510/1323 2457/3512/1323 2453/3516/1323
f 2460/3509/1324 2456/3517/1324 2454/3518/1324 2458/3511/1324
o Cube.084_Cube.078
v 36.995865 -0.021077 -1.505354
v 36.995865 3.327821 -1.505354
v 36.621246 -0.021077 -1.505354
v 36.621246 3.327821 -1.505354
v 36.995865 -0.021077 -3.345373
v 36.995865 3.327821 -3.345373
v 36.621246 -0.021077 -3.345373
v 36.621246 3.327821 -3.345373
vt 0.375000 0.000000
vt 0.625000 0.000000
vt 0.625000 0.250000
vt 0.375000 0.250000
vt 0.625000 0.500000
vt 0.375000 0.500000
vt 0.625000 0.750000
vt 0.375000 0.750000
vt 0.625000 1.000000
vt 0.375000 1.000000
vt 0.125000 0.500000
vt 0.125000 0.750000
vt 0.875000 0.500000
vt 0.875000 0.750000
vn 0.0000 0.0000 1.0000
vn -1.0000 0.0000 0.0000
vn 0.0000 0.0000 -1.0000
vn 1.0000 0.0000 0.0000
vn 0.0000 -1.0000 0.0000
vn 0.0000 1.0000 0.0000
usemtl hbmat_wood
s off
f 2461/3519/1325 2462/3520/1325 2464/3521/1325 2463/3522/1325
f 2463/3522/1326 2464/3521/1326 2468/3523/1326 2467/3524/1326
f 2467/3524/1327 2468/3523/1327 2466/3525/1327 2465/3526/1327
f 2465/3526/1328 2466/3525/1328 2462/3527/1328 2461/3528/1328
f 2463/3529/1329 2467/3524/1329 2465/3526/1329 2461/3530/1329
f 2468/3523/1330 2464/3531/1330 2462/3532/1330 2466/3525/1330
o Cube.085_Cube.079
v 36.826477 -0.021077 -1.273577
v 36.826477 3.327821 -1.273577
v 36.826477 -0.021077 -1.648194
v 36.826477 3.327821 -1.648194
v 38.666496 -0.021077 -1.273577
v 38.666496 3.327821 -1.273577
v 38.666496 -0.021077 -1.648194
v 38.666496 3.327821 -1.648194
vt 0.375000 0.000000
vt 0.625000 0.000000
vt 0.625000 0.250000
vt 0.375000 0.250000
vt 0.625000 0.500000
vt 0.375000 0.500000
vt 0.625000 0.750000
vt 0.375000 0.750000
vt 0.625000 1.000000
vt 0.375000 1.000000
vt 0.125000 0.500000
vt 0.125000 0.750000
vt 0.875000 0.500000
vt 0.875000 0.750000
vn -1.0000 0.0000 0.0000
vn 0.0000 0.0000 -1.0000
vn 1.0000 0.0000 0.0000
vn 0.0000 0.0000 1.0000
vn 0.0000 -1.0000 0.0000
vn 0.0000 1.0000 0.0000
usemtl hbmat_wood
s off
f 2469/3533/1331 2470/3534/1331 2472/3535/1331 2471/3536/1331
f 2471/3536/1332 2472/3535/1332 2476/3537/1332 2475/3538/1332
f 2475/3538/1333 2476/3537/1333 2474/3539/1333 2473/3540/1333
f 2473/3540/1334 2474/3539/1334 2470/3541/1334 2469/3542/1334
f 2471/3543/1335 2475/3538/1335 2473/3540/1335 2469/3544/1335
f 2476/3537/1336 2472/3545/1336 2470/3546/1336 2474/3539/1336
o Cube.086_Cube.080
v 42.012375 -0.021077 -1.273577
v 42.012375 3.327821 -1.273577
v 42.012375 -0.021077 -1.648194
v 42.012375 3.327821 -1.648194
v 43.852394 -0.021077 -1.273577
v 43.852394 3.327821 -1.273577
v 43.852394 -0.021077 -1.648194
v 43.852394 3.327821 -1.648194
vt 0.375000 0.000000
vt 0.625000 0.000000
vt 0.625000 0.250000
vt 0.375000 0.250000
vt 0.625000 0.500000
vt 0.375000 0.500000
vt 0.625000 0.750000
vt 0.375000 0.750000
vt 0.625000 1.000000
vt 0.375000 1.000000
vt 0.125000 0.500000
vt 0.125000 0.750000
vt 0.875000 0.500000
vt 0.875000 0.750000
vn -1.0000 0.0000 0.0000
vn 0.0000 0.0000 -1.0000
vn 1.0000 0.0000 0.0000
vn 0.0000 0.0000 1.0000
vn 0.0000 -1.0000 0.0000
vn 0.0000 1.0000 0.0000
usemtl hbmat_wood
s off
f 2477/3547/1337 2478/3548/1337 2480/3549/1337 2479/3550/1337
f 2479/3550/1338 2480/3549/1338 2484/3551/1338 2483/3552/1338
f 2483/3552/1339 2484/3551/1339 2482/3553/1339 2481/3554/1339
f 2481/3554/1340 2482/3553/1340 2478/3555/1340 2477/3556/1340
f 2479/3557/1341 2483/3552/1341 2481/3554/1341 2477/3558/1341
f 2484/3551/1342 2480/3559/1342 2478/3560/1342 2482/3553/1342
o Cube.087_Cube.081
v 42.181763 -0.021077 -1.505354
v 42.181763 3.327821 -1.505354
v 41.807144 -0.021077 -1.505354
v 41.807144 3.327821 -1.505354
v 42.181763 -0.021077 -3.345373
v 42.181763 3.327821 -3.345373
v 41.807144 -0.021077 -3.345373
v 41.807144 3.327821 -3.345373
vt 0.375000 0.000000
vt 0.625000 0.000000
vt 0.625000 0.250000
vt 0.375000 0.250000
vt 0.625000 0.500000
vt 0.375000 0.500000
vt 0.625000 0.750000
vt 0.375000 0.750000
vt 0.625000 1.000000
vt 0.375000 1.000000
vt 0.125000 0.500000
vt 0.125000 0.750000
vt 0.875000 0.500000
vt 0.875000 0.750000
vn 0.0000 0.0000 1.0000
vn -1.0000 0.0000 0.0000
vn 0.0000 0.0000 -1.0000
vn 1.0000 0.0000 0.0000
vn 0.0000 -1.0000 0.0000
vn 0.0000 1.0000 0.0000
usemtl hbmat_wood
s off
f 2485/3561/1343 2486/3562/1343 2488/3563/1343 2487/3564/1343
f 2487/3564/1344 2488/3563/1344 2492/3565/1344 2491/3566/1344
f 2491/3566/1345 2492/3565/1345 2490/3567/1345 2489/3568/1345
f 2489/3568/1346 2490/3567/1346 2486/3569/1346 2485/3570/1346
f 2487/3571/1347 2491/3566/1347 2489/3568/1347 2485/3572/1347
f 2492/3565/1348 2488/3573/1348 2486/3574/1348 2490/3567/1348
o Cube.088_Cube.082
v 46.164818 -0.146866 6.172111
v 46.164818 0.147421 6.172111
v 46.164818 -0.146866 -3.335839
v 46.164818 0.147421 -3.335839
v 52.178864 -0.146866 6.172111
v 52.178864 0.147421 6.172111
v 52.178864 -0.146866 -3.335839
v 52.178864 0.147421 -3.335839
vt 0.375000 0.000000
vt 0.625000 0.000000
vt 0.625000 0.250000
vt 0.375000 0.250000
vt 0.625000 0.500000
vt 0.375000 0.500000
vt 0.625000 0.750000
vt 0.375000 0.750000
vt 0.625000 1.000000
vt 0.375000 1.000000
vt 0.125000 0.500000
vt 0.125000 0.750000
vt 0.875000 0.500000
vt 0.875000 0.750000
vn -1.0000 0.0000 0.0000
vn 0.0000 0.0000 -1.0000
vn 1.0000 0.0000 0.0000
vn 0.0000 0.0000 1.0000
vn 0.0000 -1.0000 0.0000
vn 0.0000 1.0000 0.0000
usemtl hbmat_wood
s off
f 2493/3575/1349 2494/3576/1349 2496/3577/1349 2495/3578/1349
f 2495/3578/1350 2496/3577/1350 2500/3579/1350 2499/3580/1350
f 2499/3580/1351 2500/3579/1351 2498/3581/1351 2497/3582/1351
f 2497/3582/1352 2498/3581/1352 2494/3583/1352 2493/3584/1352
f 2495/3585/1353 2499/3580/1353 2497/3582/1353 2493/3586/1353
f 2500/3579/1354 2496/3587/1354 2494/3588/1354 2498/3581/1354
o Cube.089_Cube.083
v 45.698284 -0.022495 5.590476
v 45.698284 0.023050 5.590476
v 45.698284 -0.022495 3.549166
v 45.698284 0.023050 3.549166
v 46.118031 -0.022495 5.590476
v 46.118031 0.023050 5.590476
v 46.118031 -0.022495 3.549166
v 46.118031 0.023050 3.549166
vt 0.375000 0.000000
vt 0.625000 0.000000
vt 0.625000 0.250000
vt 0.375000 0.250000
vt 0.625000 0.500000
vt 0.375000 0.500000
vt 0.625000 0.750000
vt 0.375000 0.750000
vt 0.625000 1.000000
vt 0.375000 1.000000
vt 0.125000 0.500000
vt 0.125000 0.750000
vt 0.875000 0.500000
vt 0.875000 0.750000
vn -1.0000 0.0000 0.0000
vn 0.0000 0.0000 -1.0000
vn 1.0000 0.0000 0.0000
vn 0.0000 0.0000 1.0000
vn 0.0000 -1.0000 0.0000
vn 0.0000 1.0000 0.0000
usemtl hbmat_concrete
s off
f 2501/3589/1355 2502/3590/1355 2504/3591/1355 2503/3592/1355
f 2503/3592/1356 2504/3591/1356 2508/3593/1356 2507/3594/1356
f 2507/3594/1357 2508/3593/1357 2506/3595/1357 2505/3596/1357
f 2505/3596/1358 2506/3595/1358 2502/3597/1358 2501/3598/1358
f 2503/3599/1359 2507/3594/1359 2505/3596/1359 2501/3600/1359
f 2508/3593/1360 2504/3601/1360 2502/3602/1360 2506/3595/1360
o Cube.090_Cube.084
v 51.831249 -0.236710 0.258354
v 51.831249 0.277201 0.258354
v 51.831249 -0.236710 -0.255557
v 51.831249 0.277201 -0.255557
v 64.671638 -0.236710 0.258354
v 64.671638 0.277201 0.258354
v 64.671638 -0.236710 -0.255557
v 64.671638 0.277201 -0.255557
vt 0.375000 0.000000
vt 0.625000 0.000000
vt 0.625000 0.250000
vt 0.375000 0.250000
vt 0.625000 0.500000
vt 0.375000 0.500000
vt 0.625000 0.750000
vt 0.375000 0.750000
vt 0.625000 1.000000
vt 0.375000 1.000000
vt 0.125000 0.500000
vt 0.125000 0.750000
vt 0.875000 0.500000
vt 0.875000 0.750000
vn -1.0000 0.0000 0.0000
vn 0.0000 0.0000 -1.0000
vn 1.0000 0.0000 0.0000
vn 0.0000 0.0000 1.0000
vn 0.0000 -1.0000 0.0000
vn 0.0000 1.0000 0.0000
usemtl hbmat_concrete
s off
f 2509/3603/1361 2510/3604/1361 2512/3605/1361 2511/3606/1361
f 2511/3606/1362 2512/3605/1362 2516/3607/1362 2515/3608/1362
f 2515/3608/1363 2516/3607/1363 2514/3609/1363 2513/3610/1363
f 2513/3610/1364 2514/3609/1364 2510/3611/1364 2509/3612/1364
f 2511/3613/1365 2515/3608/1365 2513/3610/1365 2509/3614/1365
f 2516/3607/1366 2512/3615/1366 2510/3616/1366 2514/3609/1366
o Cube.091_Cube.085
v 57.964714 -0.420515 -0.401639
v 57.964714 0.179205 -0.401639
v 57.964714 -0.420515 -2.747453
v 57.964714 0.179205 -2.747453
v 58.564438 -0.420515 -0.401639
v 58.564438 0.179205 -0.401639
v 58.564438 -0.420515 -2.747453
v 58.564438 0.179205 -2.747453
vt 0.375000 0.000000
vt 0.625000 0.000000
vt 0.625000 0.250000
vt 0.375000 0.250000
vt 0.625000 0.500000
vt 0.375000 0.500000
vt 0.625000 0.750000
vt 0.375000 0.750000
vt 0.625000 1.000000
vt 0.375000 1.000000
vt 0.125000 0.500000
vt 0.125000 0.750000
vt 0.875000 0.500000
vt 0.875000 0.750000
vn -1.0000 0.0000 0.0000
vn 0.0000 0.0000 -1.0000
vn 1.0000 0.0000 0.0000
vn 0.0000 0.0000 1.0000
vn 0.0000 -1.0000 0.0000
vn 0.0000 1.0000 0.0000
usemtl hbmat_concrete
s off
f 2517/3617/1367 2518/3618/1367 2520/3619/1367 2519/3620/1367
f 2519/3620/1368 2520/3619/1368 2524/3621/1368 2523/3622/1368
f 2523/3622/1369 2524/3621/1369 2522/3623/1369 2521/3624/1369
f 2521/3624/1370 2522/3623/1370 2518/3625/1370 2517/3626/1370
f 2519/3627/1371 2523/3622/1371 2521/3624/1371 2517/3628/1371
f 2524/3621/1372 2520/3629/1372 2518/3630/1372 2522/3623/1372
o Cube.092_Cube.086
v 64.948196 -0.200805 3.194454
v 64.948196 0.201360 3.194454
v 64.948196 -0.200805 -3.168558
v 64.948196 0.201360 -3.168558
v 74.815887 -0.200805 3.194454
v 74.815887 0.201360 3.194454
v 74.815887 -0.200805 -3.168558
v 74.815887 0.201360 -3.168558
vt 0.375000 0.000000
vt 0.625000 0.000000
vt 0.625000 0.250000
vt 0.375000 0.250000
vt 0.625000 0.500000
vt 0.375000 0.500000
vt 0.625000 0.750000
vt 0.375000 0.750000
vt 0.625000 1.000000
vt 0.375000 1.000000
vt 0.125000 0.500000
vt 0.125000 0.750000
vt 0.875000 0.500000
vt 0.875000 0.750000
vn -1.0000 0.0000 0.0000
vn 0.0000 0.0000 -1.0000
vn 1.0000 0.0000 0.0000
vn 0.0000 0.0000 1.0000
vn 0.0000 -1.0000 0.0000
vn 0.0000 1.0000 0.0000
usemtl hbmat_concrete
s off
f 2525/3631/1373 2526/3632/1373 2528/3633/1373 2527/3634/1373
f 2527/3634/1374 2528/3633/1374 2532/3635/1374 2531/3636/1374
f 2531/3636/1375 2532/3635/1375 2530/3637/1375 2529/3638/1375
f 2529/3638/1376 2530/3637/1376 2526/3639/1376 2525/3640/1376
f 2527/3641/1377 2531/3636/1377 2529/3638/1377 2525/3642/1377
f 2532/3635/1378 2528/3643/1378 2526/3644/1378 2530/3637/1378
o Cube.093_Cube.087
v 67.451233 0.564916 -0.748228
v 67.451233 0.833903 -0.748228
v 67.451233 0.564916 -2.463668
v 67.451233 0.833903 -2.463668
v 68.188614 0.564916 -0.748228
v 68.188614 0.833903 -0.748228
v 68.188614 0.564916 -2.463668
v 68.188614 0.833903 -2.463668
vt 0.375000 0.000000
vt 0.625000 0.000000
vt 0.625000 0.250000
vt 0.375000 0.250000
vt 0.625000 0.500000
vt 0.375000 0.500000
vt 0.625000 0.750000
vt 0.375000 0.750000
vt 0.625000 1.000000
vt 0.375000 1.000000
vt 0.125000 0.500000
vt 0.125000 0.750000
vt 0.875000 0.500000
vt 0.875000 0.750000
vn -1.0000 0.0000 0.0000
vn 0.0000 0.0000 -1.0000
vn 1.0000 0.0000 0.0000
vn 0.0000 0.0000 1.0000
vn 0.0000 -1.0000 0.0000
vn 0.0000 1.0000 0.0000
usemtl hbmat_concrete
s off
f 2533/3645/1379 2534/3646/1379 2536/3647/1379 2535/3648/1379
f 2535/3648/1380 2536/3647/1380 2540/3649/1380 2539/3650/1380
f 2539/3650/1381 2540/3649/1381 2538/3651/1381 2537/3652/1381
f 2537/3652/1382 2538/3651/1382 2534/3653/1382 2533/3654/1382
f 2535/3655/1383 2539/3650/1383 2537/3652/1383 2533/3656/1383
f 2540/3649/1384 2536/3657/1384 2534/3658/1384 2538/3651/1384
o Cube.094_Cube.088
v 68.614037 1.032989 -0.748228
v 68.614037 1.301977 -0.748228
v 68.614037 1.032989 -2.463668
v 68.614037 1.301977 -2.463668
v 69.351418 1.032989 -0.748228
v 69.351418 1.301977 -0.748228
v 69.351418 1.032989 -2.463668
v 69.351418 1.301977 -2.463668
vt 0.375000 0.000000
vt 0.625000 0.000000
vt 0.625000 0.250000
vt 0.375000 0.250000
vt 0.625000 0.500000
vt 0.375000 0.500000
vt 0.625000 0.750000
vt 0.375000 0.750000
vt 0.625000 1.000000
vt 0.375000 1.000000
vt 0.125000 0.500000
vt 0.125000 0.750000
vt 0.875000 0.500000
vt 0.875000 0.750000
vn -1.0000 0.0000 0.0000
vn 0.0000 0.0000 -1.0000
vn 1.0000 0.0000 0.0000
vn 0.0000 0.0000 1.0000
vn 0.0000 -1.0000 0.0000
vn 0.0000 1.0000 0.0000
usemtl hbmat_concrete
s off
f 2541/3659/1385 2542/3660/1385 2544/3661/1385 2543/3662/1385
f 2543/3662/1386 2544/3661/1386 2548/3663/1386 2547/3664/1386
f 2547/3664/1387 2548/3663/1387 2546/3665/1387 2545/3666/1387
f 2545/3666/1388 2546/3665/1388 2542/3667/1388 2541/3668/1388
f 2543/3669/1389 2547/3664/1389 2545/3666/1389 2541/3670/1389
f 2548/3663/1390 2544/3671/1390 2542/3672/1390 2546/3665/1390
o Cube.095_Cube.089
v 69.450043 1.721434 -0.748228
v 69.450043 1.990421 -0.748228
v 69.450043 1.721434 -2.463668
v 69.450043 1.990421 -2.463668
v 70.187424 1.721434 -0.748228
v 70.187424 1.990421 -0.748228
v 70.187424 1.721434 -2.463668
v 70.187424 1.990421 -2.463668
vt 0.375000 0.000000
vt 0.625000 0.000000
vt 0.625000 0.250000
vt 0.375000 0.250000
vt 0.625000 0.500000
vt 0.375000 0.500000
vt 0.625000 0.750000
vt 0.375000 0.750000
vt 0.625000 1.000000
vt 0.375000 1.000000
vt 0.125000 0.500000
vt 0.125000 0.750000
vt 0.875000 0.500000
vt 0.875000 0.750000
vn -1.0000 0.0000 0.0000
vn 0.0000 0.0000 -1.0000
vn 1.0000 0.0000 0.0000
vn 0.0000 0.0000 1.0000
vn 0.0000 -1.0000 0.0000
vn 0.0000 1.0000 0.0000
usemtl hbmat_concrete
s off
f 2549/3673/1391 2550/3674/1391 2552/3675/1391 2551/3676/1391
f 2551/3676/1392 2552/3675/1392 2556/3677/1392 2555/3678/1392
f 2555/3678/1393 2556/3677/1393 2554/3679/1393 2553/3680/1393
f 2553/3680/1394 2554/3679/1394 2550/3681/1394 2549/3682/1394
f 2551/3683/1395 2555/3678/1395 2553/3680/1395 2549/3684/1395
f 2556/3677/1396 2552/3685/1396 2550/3686/1396 2554/3679/1396
o Cube.096_Cube.090
v 70.605247 2.304943 -0.748228
v 70.605247 2.573930 -0.748228
v 70.605247 2.304943 -2.463668
v 70.605247 2.573930 -2.463668
v 71.342628 2.304943 -0.748228
v 71.342628 2.573930 -0.748228
v 71.342628 2.304943 -2.463668
v 71.342628 2.573930 -2.463668
vt 0.375000 0.000000
vt 0.625000 0.000000
vt 0.625000 0.250000
vt 0.375000 0.250000
vt 0.625000 0.500000
vt 0.375000 0.500000
vt 0.625000 0.750000
vt 0.375000 0.750000
vt 0.625000 1.000000
vt 0.375000 1.000000
vt 0.125000 0.500000
vt 0.125000 0.750000
vt 0.875000 0.500000
vt 0.875000 0.750000
vn -1.0000 0.0000 0.0000
vn 0.0000 0.0000 -1.0000
vn 1.0000 0.0000 0.0000
vn 0.0000 0.0000 1.0000
vn 0.0000 -1.0000 0.0000
vn 0.0000 1.0000 0.0000
usemtl hbmat_concrete
s off
f 2557/3687/1397 2558/3688/1397 2560/3689/1397 2559/3690/1397
f 2559/3690/1398 2560/3689/1398 2564/3691/1398 2563/3692/1398
f 2563/3692/1399 2564/3691/1399 2562/3693/1399 2561/3694/1399
f 2561/3694/1400 2562/3693/1400 2558/3695/1400 2557/3696/1400
f 2559/3697/1401 2563/3692/1401 2561/3694/1401 2557/3698/1401
f 2564/3691/1402 2560/3699/1402 2558/3700/1402 2562/3693/1402
o Cube.097_Cube.091
v 73.579666 2.833862 -1.161256
v 73.579666 3.102849 -1.161256
v 71.864227 2.833862 -1.161256
v 71.864227 3.102849 -1.161256
v 73.579666 2.833862 -1.898639
v 73.579666 3.102849 -1.898639
v 71.864227 2.833862 -1.898639
v 71.864227 3.102849 -1.898639
vt 0.375000 0.000000
vt 0.625000 0.000000
vt 0.625000 0.250000
vt 0.375000 0.250000
vt 0.625000 0.500000
vt 0.375000 0.500000
vt 0.625000 0.750000
vt 0.375000 0.750000
vt 0.625000 1.000000
vt 0.375000 1.000000
vt 0.125000 0.500000
vt 0.125000 0.750000
vt 0.875000 0.500000
vt 0.875000 0.750000
vn 0.0000 0.0000 1.0000
vn -1.0000 0.0000 0.0000
vn 0.0000 0.0000 -1.0000
vn 1.0000 0.0000 0.0000
vn 0.0000 -1.0000 0.0000
vn 0.0000 1.0000 0.0000
usemtl hbmat_concrete
s off
f 2565/3701/1403 2566/3702/1403 2568/3703/1403 2567/3704/1403
f 2567/3704/1404 2568/3703/1404 2572/3705/1404 2571/3706/1404
f 2571/3706/1405 2572/3705/1405 2570/3707/1405 2569/3708/1405
f 2569/3708/1406 2570/3707/1406 2566/3709/1406 2565/3710/1406
f 2567/3711/1407 2571/3706/1407 2569/3708/1407 2565/3712/1407
f 2572/3705/1408 2568/3713/1408 2566/3714/1408 2570/3707/1408
o Cube.098_Cube.092
v 73.579666 3.298909 -0.036450
v 73.579666 3.567896 -0.036450
v 71.864227 3.298909 -0.036450
v 71.864227 3.567896 -0.036450
v 73.579666 3.298909 -0.773834
v 73.579666 3.567896 -0.773834
v 71.864227 3.298909 -0.773834
v 71.864227 3.567896 -0.773834
vt 0.375000 0.000000
vt 0.625000 0.000000
vt 0.625000 0.250000
vt 0.375000 0.250000
vt 0.625000 0.500000
vt 0.375000 0.500000
vt 0.625000 0.750000
vt 0.375000 0.750000
vt 0.625000 1.000000
vt 0.375000 1.000000
vt 0.125000 0.500000
vt 0.125000 0.750000
vt 0.875000 0.500000
vt 0.875000 0.750000
vn 0.0000 0.0000 1.0000
vn -1.0000 0.0000 0.0000
vn -0.0000 0.0000 -1.0000
vn 1.0000 0.0000 0.0000
vn 0.0000 -1.0000 0.0000
vn 0.0000 1.0000 0.0000
usemtl hbmat_concrete
s off
f 2573/3715/1409 2574/3716/1409 2576/3717/1409 2575/3718/1409
f 2575/3718/1410 2576/3717/1410 2580/3719/1410 2579/3720/1410
f 2579/3720/1411 2580/3719/1411 2578/3721/1411 2577/3722/1411
f 2577/3722/1412 2578/3721/1412 2574/3723/1412 2573/3724/1412
f 2575/3725/1413 2579/3720/1413 2577/3722/1413 2573/3726/1413
f 2580/3719/1414 2576/3727/1414 2574/3728/1414 2578/3721/1414
o Cube.099_Cube.093
v 73.509842 3.807618 1.088355
v 73.509842 4.076605 1.088355
v 67.191635 3.807618 1.088356
v 67.191635 4.076605 1.088356
v 73.509842 3.807618 0.350972
v 73.509842 4.076605 0.350972
v 67.191635 3.807618 0.350972
v 67.191635 4.076605 0.350972
vt 0.375000 0.000000
vt 0.625000 0.000000
vt 0.625000 0.250000
vt 0.375000 0.250000
vt 0.625000 0.500000
vt 0.375000 0.500000
vt 0.625000 0.750000
vt 0.375000 0.750000
vt 0.625000 1.000000
vt 0.375000 1.000000
vt 0.125000 0.500000
vt 0.125000 0.750000
vt 0.875000 0.500000
vt 0.875000 0.750000
vn 0.0000 0.0000 1.0000
vn -1.0000 0.0000 0.0000
vn -0.0000 0.0000 -1.0000
vn 1.0000 0.0000 0.0000
vn 0.0000 -1.0000 0.0000
vn 0.0000 1.0000 0.0000
usemtl hbmat_concrete
s off
f 2581/3729/1415 2582/3730/1415 2584/3731/1415 2583/3732/1415
f 2583/3732/1416 2584/3731/1416 2588/3733/1416 2587/3734/1416
f 2587/3734/1417 2588/3733/1417 2586/3735/1417 2585/3736/1417
f 2585/3736/1418 2586/3735/1418 2582/3737/1418 2581/3738/1418
f 2583/3739/1419 2587/3734/1419 2585/3736/1419 2581/3740/1419
f 2588/3733/1420 2584/3741/1420 2582/3742/1420 2586/3735/1420
o Cube.100_Cube.094
v 76.476379 -0.180916 3.139743
v 76.476379 0.181471 3.139743
v 76.476379 -0.180916 -3.113847
v 76.476379 0.181471 -3.113847
v 81.942642 -0.180916 3.139743
v 81.942642 0.181471 3.139743
v 81.942642 -0.180916 -3.113847
v 81.942642 0.181471 -3.113847
vt 0.375000 0.000000
vt 0.625000 0.000000
vt 0.625000 0.250000
vt 0.375000 0.250000
vt 0.625000 0.500000
vt 0.375000 0.500000
vt 0.625000 0.750000
vt 0.375000 0.750000
vt 0.625000 1.000000
vt 0.375000 1.000000
vt 0.125000 0.500000
vt 0.125000 0.750000
vt 0.875000 0.500000
vt 0.875000 0.750000
vn -1.0000 0.0000 0.0000
vn 0.0000 0.0000 -1.0000
vn 1.0000 0.0000 0.0000
vn 0.0000 0.0000 1.0000
vn 0.0000 -1.0000 0.0000
vn 0.0000 1.0000 0.0000
usemtl hbmat_wood
s off
f 2589/3743/1421 2590/3744/1421 2592/3745/1421 2591/3746/1421
f 2591/3746/1422 2592/3745/1422 2596/3747/1422 2595/3748/1422
f 2595/3748/1423 2596/3747/1423 2594/3749/1423 2593/3750/1423
f 2593/3750/1424 2594/3749/1424 2590/3751/1424 2589/3752/1424
f 2591/3753/1425 2595/3748/1425 2593/3750/1425 2589/3754/1425
f 2596/3747/1426 2592/3755/1426 2590/3756/1426 2594/3749/1426
o Cube.101_Cube.095
v 83.025040 -0.180916 0.885741
v 83.025040 0.181471 0.885741
v 83.025040 -0.180916 -0.859845
v 83.025040 0.181471 -0.859845
v 90.004852 -0.180916 0.885741
v 90.004852 0.181471 0.885741
v 90.004852 -0.180916 -0.859845
v 90.004852 0.181471 -0.859845
vt 0.375000 0.000000
vt 0.625000 0.000000
vt 0.625000 0.250000
vt 0.375000 0.250000
vt 0.625000 0.500000
vt 0.375000 0.500000
vt 0.625000 0.750000
vt 0.375000 0.750000
vt 0.625000 1.000000
vt 0.375000 1.000000
vt 0.125000 0.500000
vt 0.125000 0.750000
vt 0.875000 0.500000
vt 0.875000 0.750000
vn -1.0000 0.0000 0.0000
vn 0.0000 0.0000 -1.0000
vn 1.0000 0.0000 0.0000
vn 0.0000 0.0000 1.0000
vn 0.0000 -1.0000 0.0000
vn 0.0000 1.0000 0.0000
usemtl hbmat_wood
s off
f 2597/3757/1427 2598/3758/1427 2600/3759/1427 2599/3760/1427
f 2599/3760/1428 2600/3759/1428 2604/3761/1428 2603/3762/1428
f 2603/3762/1429 2604/3761/1429 2602/3763/1429 2601/3764/1429
f 2601/3764/1430 2602/3763/1430 2598/3765/1430 2597/3766/1430
f 2599/3767/1431 2603/3762/1431 2601/3764/1431 2597/3768/1431
f 2604/3761/1432 2600/3769/1432 2598/3770/1432 2602/3763/1432
o Cube.102_Cube.096
v 89.752136 -0.180916 5.974479
v 89.752136 0.181471 5.974479
v 89.752136 -0.180916 -3.074061
v 89.752136 0.181471 -3.074061
v 95.218399 -0.180916 5.974479
v 95.218399 0.181471 5.974479
v 95.218399 -0.180916 -3.074061
v 95.218399 0.181471 -3.074061
vt 0.375000 0.000000
vt 0.625000 0.000000
vt 0.625000 0.250000
vt 0.375000 0.250000
vt 0.625000 0.500000
vt 0.375000 0.500000
vt 0.625000 0.750000
vt 0.375000 0.750000
vt 0.625000 1.000000
vt 0.375000 1.000000
vt 0.125000 0.500000
vt 0.125000 0.750000
vt 0.875000 0.500000
vt 0.875000 0.750000
vn -1.0000 0.0000 0.0000
vn 0.0000 0.0000 -1.0000
vn 1.0000 0.0000 0.0000
vn 0.0000 0.0000 1.0000
vn 0.0000 -1.0000 0.0000
vn 0.0000 1.0000 0.0000
usemtl hbmat_wood
s off
f 2605/3771/1433 2606/3772/1433 2608/3773/1433 2607/3774/1433
f 2607/3774/1434 2608/3773/1434 2612/3775/1434 2611/3776/1434
f 2611/3776/1435 2612/3775/1435 2610/3777/1435 2609/3778/1435
f 2609/3778/1436 2610/3777/1436 2606/3779/1436 2605/3780/1436
f 2607/3781/1437 2611/3776/1437 2609/3778/1437 2605/3782/1437
f 2612/3775/1438 2608/3783/1438 2606/3784/1438 2610/3777/1438
o Cube.103_Cube.097
v 100.349442 -0.112622 3.006135
v 100.349442 0.113177 3.006135
v 100.349442 -0.112622 0.675951
v 100.349442 0.113177 0.675951
v 104.189117 -0.112622 3.006135
v 104.189117 0.113177 3.006135
v 104.189117 -0.112622 0.675951
v 104.189117 0.113177 0.675951
vt 0.375000 0.000000
vt 0.625000 0.000000
vt 0.625000 0.250000
vt 0.375000 0.250000
vt 0.625000 0.500000
vt 0.375000 0.500000
vt 0.625000 0.750000
vt 0.375000 0.750000
vt 0.625000 1.000000
vt 0.375000 1.000000
vt 0.125000 0.500000
vt 0.125000 0.750000
vt 0.875000 0.500000
vt 0.875000 0.750000
vn -1.0000 0.0000 0.0000
vn 0.0000 0.0000 -1.0000
vn 1.0000 0.0000 0.0000
vn 0.0000 0.0000 1.0000
vn 0.0000 -1.0000 0.0000
vn 0.0000 1.0000 0.0000
usemtl hbmat_wood
s off
f 2613/3785/1439 2614/3786/1439 2616/3787/1439 2615/3788/1439
f 2615/3788/1440 2616/3787/1440 2620/3789/1440 2619/3790/1440
f 2619/3790/1441 2620/3789/1441 2618/3791/1441 2617/3792/1441
f 2617/3792/1442 2618/3791/1442 2614/3793/1442 2613/3794/1442
f 2615/3795/1443 2619/3790/1443 2617/3792/1443 2613/3796/1443
f 2620/3789/1444 2616/3797/1444 2614/3798/1444 2618/3791/1444
o Cube.104_Cube.098
v 106.227013 -0.112622 3.116451
v 106.227013 0.113177 3.116451
v 106.227013 -0.112622 0.786268
v 106.227013 0.113177 0.786268
v 110.066689 -0.112622 3.116451
v 110.066689 0.113177 3.116451
v 110.066689 -0.112622 0.786268
v 110.066689 0.113177 0.786268
vt 0.375000 0.000000
vt 0.625000 0.000000
vt 0.625000 0.250000
vt 0.375000 0.250000
vt 0.625000 0.500000
vt 0.375000 0.500000
vt 0.625000 0.750000
vt 0.375000 0.750000
vt 0.625000 1.000000
vt 0.375000 1.000000
vt 0.125000 0.500000
vt 0.125000 0.750000
vt 0.875000 0.500000
vt 0.875000 0.750000
vn -1.0000 0.0000 0.0000
vn 0.0000 0.0000 -1.0000
vn 1.0000 0.0000 0.0000
vn 0.0000 0.0000 1.0000
vn 0.0000 -1.0000 0.0000
vn 0.0000 1.0000 0.0000
usemtl hbmat_wood
s off
f 2621/3799/1445 2622/3800/1445 2624/3801/1445 2623/3802/1445
f 2623/3802/1446 2624/3801/1446 2628/3803/1446 2627/3804/1446
f 2627/3804/1447 2628/3803/1447 2626/3805/1447 2625/3806/1447
f 2625/3806/1448 2626/3805/1448 2622/3807/1448 2621/3808/1448
f 2623/3809/1449 2627/3804/1449 2625/3806/1449 2621/3810/1449
f 2628/3803/1450 2624/3811/1450 2622/3812/1450 2626/3805/1450
o Cube.105_Cube.099
v 100.349442 -0.112622 6.977514
v 100.349442 0.113177 6.977514
v 100.349442 -0.112622 4.647331
v 100.349442 0.113177 4.647331
v 104.189117 -0.112622 6.977514
v 104.189117 0.113177 6.977514
v 104.189117 -0.112622 4.647331
v 104.189117 0.113177 4.647331
vt 0.375000 0.000000
vt 0.625000 0.000000
vt 0.625000 0.250000
vt 0.375000 0.250000
vt 0.625000 0.500000
vt 0.375000 0.500000
vt 0.625000 0.750000
vt 0.375000 0.750000
vt 0.625000 1.000000
vt 0.375000 1.000000
vt 0.125000 0.500000
vt 0.125000 0.750000
vt 0.875000 0.500000
vt 0.875000 0.750000
vn -1.0000 0.0000 0.0000
vn 0.0000 0.0000 -1.0000
vn 1.0000 0.0000 0.0000
vn 0.0000 0.0000 1.0000
vn 0.0000 -1.0000 0.0000
vn 0.0000 1.0000 0.0000
usemtl hbmat_wood
s off
f 2629/3813/1451 2630/3814/1451 2632/3815/1451 2631/3816/1451
f 2631/3816/1452 2632/3815/1452 2636/3817/1452 2635/3818/1452
f 2635/3818/1453 2636/3817/1453 2634/3819/1453 2633/3820/1453
f 2633/3820/1454 2634/3819/1454 2630/3821/1454 2629/3822/1454
f 2631/3823/1455 2635/3818/1455 2633/3820/1455 2629/3824/1455
f 2636/3817/1456 2632/3825/1456 2630/3826/1456 2634/3819/1456
o Cube.106_Cube.100
v 95.539009 -0.112622 6.993274
v 95.539009 0.113177 6.993274
v 95.539009 -0.112622 4.663091
v 95.539009 0.113177 4.663091
v 99.008507 -0.112622 6.993274
v 99.008507 0.113177 6.993274
v 99.008507 -0.112622 4.663091
v 99.008507 0.113177 4.663091
vt 0.375000 0.000000
vt 0.625000 0.000000
vt 0.625000 0.250000
vt 0.375000 0.250000
vt 0.625000 0.500000
vt 0.375000 0.500000
vt 0.625000 0.750000
vt 0.375000 0.750000
vt 0.625000 1.000000
vt 0.375000 1.000000
vt 0.125000 0.500000
vt 0.125000 0.750000
vt 0.875000 0.500000
vt 0.875000 0.750000
vn -1.0000 0.0000 0.0000
vn 0.0000 0.0000 -1.0000
vn 1.0000 0.0000 0.0000
vn 0.0000 0.0000 1.0000
vn 0.0000 -1.0000 0.0000
vn 0.0000 1.0000 0.0000
usemtl hbmat_wood
s off
f 2637/3827/1457 2638/3828/1457 2640/3829/1457 2639/3830/1457
f 2639/3830/1458 2640/3829/1458 2644/3831/1458 2643/3832/1458
f 2643/3832/1459 2644/3831/1459 2642/3833/1459 2641/3834/1459
f 2641/3834/1460 2642/3833/1460 2638/3835/1460 2637/3836/1460
f 2639/3837/1461 2643/3832/1461 2641/3834/1461 2637/3838/1461
f 2644/3831/1462 2640/3839/1462 2638/3840/1462 2642/3833/1462
o Cube.107_Cube.101
v 95.554771 -0.112622 -0.996765
v 95.554771 0.113177 -0.996765
v 95.554771 -0.112622 -3.326948
v 95.554771 0.113177 -3.326948
v 99.024269 -0.112622 -0.996765
v 99.024269 0.113177 -0.996765
v 99.024269 -0.112622 -3.326948
v 99.024269 0.113177 -3.326948
vt 0.375000 0.000000
vt 0.625000 0.000000
vt 0.625000 0.250000
vt 0.375000 0.250000
vt 0.625000 0.500000
vt 0.375000 0.500000
vt 0.625000 0.750000
vt 0.375000 0.750000
vt 0.625000 1.000000
vt 0.375000 1.000000
vt 0.125000 0.500000
vt 0.125000 0.750000
vt 0.875000 0.500000
vt 0.875000 0.750000
vn -1.0000 0.0000 0.0000
vn 0.0000 0.0000 -1.0000
vn 1.0000 0.0000 0.0000
vn 0.0000 0.0000 1.0000
vn 0.0000 -1.0000 0.0000
vn 0.0000 1.0000 0.0000
usemtl hbmat_wood
s off
f 2645/3841/1463 2646/3842/1463 2648/3843/1463 2647/3844/1463
f 2647/3844/1464 2648/3843/1464 2652/3845/1464 2651/3846/1464
f 2651/3846/1465 2652/3845/1465 2650/3847/1465 2649/3848/1465
f 2649/3848/1466 2650/3847/1466 2646/3849/1466 2645/3850/1466
f 2647/3851/1467 2651/3846/1467 2649/3848/1467 2645/3852/1467
f 2652/3845/1468 2648/3853/1468 2646/3854/1468 2650/3847/1468
o Cube.108_Cube.102
v 100.279686 -0.112622 -0.965246
v 100.279686 0.113177 -0.965246
v 100.279686 -0.112622 -3.295429
v 100.279686 0.113177 -3.295429
v 104.119362 -0.112622 -0.965246
v 104.119362 0.113177 -0.965246
v 104.119362 -0.112622 -3.295429
v 104.119362 0.113177 -3.295429
vt 0.375000 0.000000
vt 0.625000 0.000000
vt 0.625000 0.250000
vt 0.375000 0.250000
vt 0.625000 0.500000
vt 0.375000 0.500000
vt 0.625000 0.750000
vt 0.375000 0.750000
vt 0.625000 1.000000
vt 0.375000 1.000000
vt 0.125000 0.500000
vt 0.125000 0.750000
vt 0.875000 0.500000
vt 0.875000 0.750000
vn -1.0000 0.0000 0.0000
vn 0.0000 0.0000 -1.0000
vn 1.0000 0.0000 0.0000
vn 0.0000 0.0000 1.0000
vn 0.0000 -1.0000 0.0000
vn 0.0000 1.0000 0.0000
usemtl hbmat_wood
s off
f 2653/3855/1469 2654/3856/1469 2656/3857/1469 2655/3858/1469
f 2655/3858/1470 2656/3857/1470 2660/3859/1470 2659/3860/1470
f 2659/3860/1471 2660/3859/1471 2658/3861/1471 2657/3862/1471
f 2657/3862/1472 2658/3861/1472 2654/3863/1472 2653/3864/1472
f 2655/3865/1473 2659/3860/1473 2657/3862/1473 2653/3866/1473
f 2660/3859/1474 2656/3867/1474 2654/3868/1474 2658/3861/1474
o Cube.109_Cube.103
v 106.209579 -0.112622 -0.839171
v 106.209579 0.113177 -0.839171
v 106.209579 -0.112622 -3.169354
v 106.209579 0.113177 -3.169354
v 110.049255 -0.112622 -0.839171
v 110.049255 0.113177 -0.839171
v 110.049255 -0.112622 -3.169354
v 110.049255 0.113177 -3.169354
vt 0.375000 0.000000
vt 0.625000 0.000000
vt 0.625000 0.250000
vt 0.375000 0.250000
vt 0.625000 0.500000
vt 0.375000 0.500000
vt 0.625000 0.750000
vt 0.375000 0.750000
vt 0.625000 1.000000
vt 0.375000 1.000000
vt 0.125000 0.500000
vt 0.125000 0.750000
vt 0.875000 0.500000
vt 0.875000 0.750000
vn -1.0000 0.0000 0.0000
vn 0.0000 0.0000 -1.0000
vn 1.0000 0.0000 0.0000
vn 0.0000 0.0000 1.0000
vn 0.0000 -1.0000 0.0000
vn 0.0000 1.0000 0.0000
usemtl hbmat_wood
s off
f 2661/3869/1475 2662/3870/1475 2664/3871/1475 2663/3872/1475
f 2663/3872/1476 2664/3871/1476 2668/3873/1476 2667/3874/1476
f 2667/3874/1477 2668/3873/1477 2666/3875/1477 2665/3876/1477
f 2665/3876/1478 2666/3875/1478 2662/3877/1478 2661/3878/1478
f 2663/3879/1479 2667/3874/1479 2665/3876/1479 2661/3880/1479
f 2668/3873/1480 2664/3881/1480 2662/3882/1480 2666/3875/1480
o Cube.110_Cube.104
v 96.753937 -0.022495 1.783746
v 96.753937 0.023050 1.783746
v 96.753937 -0.022495 0.409460
v 96.753937 0.023050 0.409460
v 97.453766 -0.022495 1.783746
v 97.453766 0.023050 1.783746
v 97.453766 -0.022495 0.409460
v 97.453766 0.023050 0.409460
vt 0.375000 0.000000
vt 0.625000 0.000000
vt 0.625000 0.250000
vt 0.375000 0.250000
vt 0.625000 0.500000
vt 0.375000 0.500000
vt 0.625000 0.750000
vt 0.375000 0.750000
vt 0.625000 1.000000
vt 0.375000 1.000000
vt 0.125000 0.500000
vt 0.125000 0.750000
vt 0.875000 0.500000
vt 0.875000 0.750000
vn -1.0000 0.0000 0.0000
vn 0.0000 0.0000 -1.0000
vn 1.0000 0.0000 0.0000
vn 0.0000 0.0000 1.0000
vn 0.0000 -1.0000 0.0000
vn 0.0000 1.0000 0.0000
usemtl hbmat_wire
s off
f 2669/3883/1481 2670/3884/1481 2672/3885/1481 2671/3886/1481
f 2671/3886/1482 2672/3885/1482 2676/3887/1482 2675/3888/1482
f 2675/3888/1483 2676/3887/1483 2674/3889/1483 2673/3890/1483
f 2673/3890/1484 2674/3889/1484 2670/3891/1484 2669/3892/1484
f 2671/3893/1485 2675/3888/1485 2673/3890/1485 2669/3894/1485
f 2676/3887/1486 2672/3895/1486 2670/3896/1486 2674/3889/1486
o Cube.111_Cube.105
v 97.631012 -0.022495 2.575177
v 97.631012 0.023050 2.575177
v 97.631012 -0.022495 1.913241
v 97.631012 0.023050 1.913241
v 97.975082 -0.022495 2.575177
v 97.975082 0.023050 2.575177
v 97.975082 -0.022495 1.913241
v 97.975082 0.023050 1.913241
vt 0.375000 0.000000
vt 0.625000 0.000000
vt 0.625000 0.250000
vt 0.375000 0.250000
vt 0.625000 0.500000
vt 0.375000 0.500000
vt 0.625000 0.750000
vt 0.375000 0.750000
vt 0.625000 1.000000
vt 0.375000 1.000000
vt 0.125000 0.500000
vt 0.125000 0.750000
vt 0.875000 0.500000
vt 0.875000 0.750000
vn -1.0000 0.0000 0.0000
vn 0.0000 0.0000 -1.0000
vn 1.0000 0.0000 0.0000
vn 0.0000 0.0000 1.0000
vn 0.0000 -1.0000 0.0000
vn 0.0000 1.0000 0.0000
usemtl hbmat_wire
s off
f 2677/3897/1487 2678/3898/1487 2680/3899/1487 2679/3900/1487
f 2679/3900/1488 2680/3899/1488 2684/3901/1488 2683/3902/1488
f 2683/3902/1489 2684/3901/1489 2682/3903/1489 2681/3904/1489
f 2681/3904/1490 2682/3903/1490 2678/3905/1490 2677/3906/1490
f 2679/3907/1491 2683/3902/1491 2681/3904/1491 2677/3908/1491
f 2684/3901/1492 2680/3909/1492 2678/3910/1492 2682/3903/1492
o Cube.112_Cube.106
v 96.125786 -0.046064 4.638126
v 96.125786 0.046619 4.638126
v 96.125786 -0.046064 1.841502
v 96.125786 0.046619 1.841502
v 97.549904 -0.046064 4.638126
v 97.549904 0.046619 4.638126
v 97.549904 -0.046064 1.841502
v 97.549904 0.046619 1.841502
vt 0.375000 0.000000
vt 0.625000 0.000000
vt 0.625000 0.250000
vt 0.375000 0.250000
vt 0.625000 0.500000
vt 0.375000 0.500000
vt 0.625000 0.750000
vt 0.375000 0.750000
vt 0.625000 1.000000
vt 0.375000 1.000000
vt 0.125000 0.500000
vt 0.125000 0.750000
vt 0.875000 0.500000
vt 0.875000 0.750000
vn -1.0000 0.0000 0.0000
vn 0.0000 0.0000 -1.0000
vn 1.0000 0.0000 0.0000
vn 0.0000 0.0000 1.0000
vn 0.0000 -1.0000 0.0000
vn 0.0000 1.0000 0.0000
usemtl hbmat_wire
s off
f 2685/3911/1493 2686/3912/1493 2688/3913/1493 2687/3914/1493
f 2687/3914/1494 2688/3913/1494 2692/3915/1494 2691/3916/1494
f 2691/3916/1495 2692/3915/1495 2690/3917/1495 2689/3918/1495
f 2689/3918/1496 2690/3917/1496 2686/3919/1496 2685/3920/1496
f 2687/3921/1497 2691/3916/1497 2689/3918/1497 2685/3922/1497
f 2692/3915/1498 2688/3923/1498 2686/3924/1498 2690/3917/1498
o Cube.113_Cube.107
v 97.525719 -0.046064 1.840826
v 97.525719 0.046619 1.840826
v 97.525719 -0.046064 -0.955798
v 97.525719 0.046619 -0.955798
v 98.949837 -0.046064 1.840826
v 98.949837 0.046619 1.840826
v 98.949837 -0.046064 -0.955798
v 98.949837 0.046619 -0.955798
vt 0.375000 0.000000
vt 0.625000 0.000000
vt 0.625000 0.250000
vt 0.375000 0.250000
vt 0.625000 0.500000
vt 0.375000 0.500000
vt 0.625000 0.750000
vt 0.375000 0.750000
vt 0.625000 1.000000
vt 0.375000 1.000000
vt 0.125000 0.500000
vt 0.125000 0.750000
vt 0.875000 0.500000
vt 0.875000 0.750000
vn -1.0000 0.0000 0.0000
vn 0.0000 0.0000 -1.0000
vn 1.0000 0.0000 0.0000
vn 0.0000 0.0000 1.0000
vn 0.0000 -1.0000 0.0000
vn 0.0000 1.0000 0.0000
usemtl hbmat_wire
s off
f 2693/3925/1499 2694/3926/1499 2696/3927/1499 2695/3928/1499
f 2695/3928/1500 2696/3927/1500 2700/3929/1500 2699/3930/1500
f 2699/3930/1501 2700/3929/1501 2698/3931/1501 2697/3932/1501
f 2697/3932/1502 2698/3931/1502 2694/3933/1502 2693/3934/1502
f 2695/3935/1503 2699/3930/1503 2697/3932/1503 2693/3936/1503
f 2700/3929/1504 2696/3937/1504 2694/3938/1504 2698/3931/1504
o Cube.114_Cube.108
v 97.444687 -0.021077 4.638655
v 97.444687 3.327821 4.638655
v 97.444687 -0.021077 4.264038
v 97.444687 3.327821 4.264038
v 99.284698 -0.021077 4.638655
v 99.284698 3.327821 4.638655
v 99.284698 -0.021077 4.264038
v 99.284698 3.327821 4.264038
vt 0.375000 0.000000
vt 0.625000 0.000000
vt 0.625000 0.250000
vt 0.375000 0.250000
vt 0.625000 0.500000
vt 0.375000 0.500000
vt 0.625000 0.750000
vt 0.375000 0.750000
vt 0.625000 1.000000
vt 0.375000 1.000000
vt 0.125000 0.500000
vt 0.125000 0.750000
vt 0.875000 0.500000
vt 0.875000 0.750000
vn -1.0000 0.0000 0.0000
vn 0.0000 0.0000 -1.0000
vn 1.0000 0.0000 0.0000
vn 0.0000 0.0000 1.0000
vn 0.0000 -1.0000 0.0000
vn 0.0000 1.0000 0.0000
usemtl hbmat_wood
s off
f 2701/3939/1505 2702/3940/1505 2704/3941/1505 2703/3942/1505
f 2703/3942/1506 2704/3941/1506 2708/3943/1506 2707/3944/1506
f 2707/3944/1507 2708/3943/1507 2706/3945/1507 2705/3946/1507
f 2705/3946/1508 2706/3945/1508 2702/3947/1508 2701/3948/1508
f 2703/3949/1509 2707/3944/1509 2705/3946/1509 2701/3950/1509
f 2708/3943/1510 2704/3951/1510 2702/3952/1510 2706/3945/1510
o Cube.115_Cube.109
v 102.526306 -0.021077 4.638655
v 102.526306 3.327821 4.638655
v 102.526306 -0.021077 4.264038
v 102.526306 3.327821 4.264038
v 104.562637 -0.021077 4.638655
v 104.562637 3.327821 4.638655
v 104.562637 -0.021077 4.264038
v 104.562637 3.327821 4.264038
vt 0.375000 0.000000
vt 0.625000 0.000000
vt 0.625000 0.250000
vt 0.375000 0.250000
vt 0.625000 0.500000
vt 0.375000 0.500000
vt 0.625000 0.750000
vt 0.375000 0.750000
vt 0.625000 1.000000
vt 0.375000 1.000000
vt 0.125000 0.500000
vt 0.125000 0.750000
vt 0.875000 0.500000
vt 0.875000 0.750000
vn -1.0000 0.0000 0.0000
vn 0.0000 0.0000 -1.0000
vn 1.0000 0.0000 0.0000
vn 0.0000 0.0000 1.0000
vn 0.0000 -1.0000 0.0000
vn 0.0000 1.0000 0.0000
usemtl hbmat_wood
s off
f 2709/3953/1511 2710/3954/1511 2712/3955/1511 2711/3956/1511
f 2711/3956/1512 2712/3955/1512 2716/3957/1512 2715/3958/1512
f 2715/3958/1513 2716/3957/1513 2714/3959/1513 2713/3960/1513
f 2713/3960/1514 2714/3959/1514 2710/3961/1514 2709/3962/1514
f 2711/3963/1515 2715/3958/1515 2713/3960/1515 2709/3964/1515
f 2716/3957/1516 2712/3965/1516 2710/3966/1516 2714/3959/1516
o Cube.116_Cube.110
v 104.556526 -0.021077 6.531964
v 104.556526 3.327821 6.531964
v 104.141945 -0.021077 6.531964
v 104.141945 3.327821 6.531964
v 104.556526 -0.021077 4.691946
v 104.556526 3.327821 4.691946
v 104.141945 -0.021077 4.691946
v 104.141945 3.327821 4.691946
vt 0.375000 0.000000
vt 0.625000 0.000000
vt 0.625000 0.250000
vt 0.375000 0.250000
vt 0.625000 0.500000
vt 0.375000 0.500000
vt 0.625000 0.750000
vt 0.375000 0.750000
vt 0.625000 1.000000
vt 0.375000 1.000000
vt 0.125000 0.500000
vt 0.125000 0.750000
vt 0.875000 0.500000
vt 0.875000 0.750000
vn 0.0000 0.0000 1.0000
vn -1.0000 0.0000 0.0000
vn 0.0000 0.0000 -1.0000
vn 1.0000 0.0000 0.0000
vn 0.0000 -1.0000 0.0000
vn 0.0000 1.0000 0.0000
usemtl hbmat_wood
s off
f 2717/3967/1517 2718/3968/1517 2720/3969/1517 2719/3970/1517
f 2719/3970/1518 2720/3969/1518 2724/3971/1518 2723/3972/1518
f 2723/3972/1519 2724/3971/1519 2722/3973/1519 2721/3974/1519
f 2721/3974/1520 2722/3973/1520 2718/3975/1520 2717/3976/1520
f 2719/3977/1521 2723/3972/1521 2721/3974/1521 2717/3978/1521
f 2724/3971/1522 2720/3979/1522 2718/3980/1522 2722/3973/1522
o Cube.117_Cube.111
v 99.402496 -0.021077 6.531964
v 99.402496 3.327821 6.531964
v 99.027878 -0.021077 6.531964
v 99.027878 3.327821 6.531964
v 99.402496 -0.021077 4.691946
v 99.402496 3.327821 4.691946
v 99.027878 -0.021077 4.691946
v 99.027878 3.327821 4.691946
vt 0.375000 0.000000
vt 0.625000 0.000000
vt 0.625000 0.250000
vt 0.375000 0.250000
vt 0.625000 0.500000
vt 0.375000 0.500000
vt 0.625000 0.750000
vt 0.375000 0.750000
vt 0.625000 1.000000
vt 0.375000 1.000000
vt 0.125000 0.500000
vt 0.125000 0.750000
vt 0.875000 0.500000
vt 0.875000 0.750000
vn 0.0000 0.0000 1.0000
vn -1.0000 0.0000 0.0000
vn 0.0000 0.0000 -1.0000
vn 1.0000 0.0000 0.0000
vn 0.0000 -1.0000 0.0000
vn 0.0000 1.0000 0.0000
usemtl hbmat_wood
s off
f 2725/3981/1523 2726/3982/1523 2728/3983/1523 2727/3984/1523
f 2727/3984/1524 2728/3983/1524 2732/3985/1524 2731/3986/1524
f 2731/3986/1525 2732/3985/1525 2730/3987/1525 2729/3988/1525
f 2729/3988/1526 2730/3987/1526 2726/3989/1526 2725/3990/1526
f 2727/3991/1527 2731/3986/1527 2729/3988/1527 2725/3992/1527
f 2732/3985/1528 2728/3993/1528 2726/3994/1528 2730/3987/1528
o Cube.118_Cube.112
v 100.412323 -0.021077 0.885171
v 100.412323 3.327821 0.885171
v 100.412323 -0.021077 0.510554
v 100.412323 3.327821 0.510554
v 104.228088 -0.021077 0.885171
v 104.228088 3.327821 0.885171
v 104.228088 -0.021077 0.510554
v 104.228088 3.327821 0.510554
vt 0.375000 0.000000
vt 0.625000 0.000000
vt 0.625000 0.250000
vt 0.375000 0.250000
vt 0.625000 0.500000
vt 0.375000 0.500000
vt 0.625000 0.750000
vt 0.375000 0.750000
vt 0.625000 1.000000
vt 0.375000 1.000000
vt 0.125000 0.500000
vt 0.125000 0.750000
vt 0.875000 0.500000
vt 0.875000 0.750000
vn -1.0000 0.0000 0.0000
vn 0.0000 0.0000 -1.0000
vn 1.0000 0.0000 0.0000
vn 0.0000 0.0000 1.0000
vn 0.0000 -1.0000 0.0000
vn 0.0000 1.0000 0.0000
usemtl hbmat_wood
s off
f 2733/3995/1529 2734/3996/1529 2736/3997/1529 2735/3998/1529
f 2735/3998/1530 2736/3997/1530 2740/3999/1530 2739/4000/1530
f 2739/4000/1531 2740/3999/1531 2738/4001/1531 2737/4002/1531
f 2737/4002/1532 2738/4001/1532 2734/4003/1532 2733/4004/1532
f 2735/4005/1533 2739/4000/1533 2737/4002/1533 2733/4006/1533
f 2740/3999/1534 2736/4007/1534 2734/4008/1534 2738/4001/1534
o Cube.119_Cube.113
v 106.205482 -0.021077 -0.909896
v 106.205482 3.327821 -0.909896
v 106.205482 -0.021077 -1.284514
v 106.205482 3.327821 -1.284514
v 110.021248 -0.021077 -0.909896
v 110.021248 3.327821 -0.909896
v 110.021248 -0.021077 -1.284514
v 110.021248 3.327821 -1.284514
vt 0.375000 0.000000
vt 0.625000 0.000000
vt 0.625000 0.250000
vt 0.375000 0.250000
vt 0.625000 0.500000
vt 0.375000 0.500000
vt 0.625000 0.750000
vt 0.375000 0.750000
vt 0.625000 1.000000
vt 0.375000 1.000000
vt 0.125000 0.500000
vt 0.125000 0.750000
vt 0.875000 0.500000
vt 0.875000 0.750000
vn -1.0000 0.0000 0.0000
vn 0.0000 0.0000 -1.0000
vn 1.0000 0.0000 0.0000
vn 0.0000 0.0000 1.0000
vn 0.0000 -1.0000 0.0000
vn 0.0000 1.0000 0.0000
usemtl hbmat_wood
s off
f 2741/4009/1535 2742/4010/1535 2744/4011/1535 2743/4012/1535
f 2743/4012/1536 2744/4011/1536 2748/4013/1536 2747/4014/1536
f 2747/4014/1537 2748/4013/1537 2746/4015/1537 2745/4016/1537
f 2745/4016/1538 2746/4015/1538 2742/4017/1538 2741/4018/1538
f 2743/4019/1539 2747/4014/1539 2745/4016/1539 2741/4020/1539
f 2748/4013/1540 2744/4021/1540 2742/4022/1540 2746/4015/1540
o Cube.120_Cube.114
v 109.798248 -0.180916 2.394242
v 109.798248 0.181471 2.394242
v 109.798248 -0.180916 0.648656
v 109.798248 0.181471 0.648656
v 116.557571 -0.180916 2.394242
v 116.557571 0.181471 2.394242
v 116.557571 -0.180916 0.648656
v 116.557571 0.181471 0.648656
vt 0.375000 0.000000
vt 0.625000 0.000000
vt 0.625000 0.250000
vt 0.375000 0.250000
vt 0.625000 0.500000
vt 0.375000 0.500000
vt 0.625000 0.750000
vt 0.375000 0.750000
vt 0.625000 1.000000
vt 0.375000 1.000000
vt 0.125000 0.500000
vt 0.125000 0.750000
vt 0.875000 0.500000
vt 0.875000 0.750000
vn -1.0000 0.0000 0.0000
vn 0.0000 0.0000 -1.0000
vn 1.0000 0.0000 0.0000
vn 0.0000 0.0000 1.0000
vn 0.0000 -1.0000 0.0000
vn 0.0000 1.0000 0.0000
usemtl hbmat_wood
s off
f 2749/4023/1541 2750/4024/1541 2752/4025/1541 2751/4026/1541
f 2751/4026/1542 2752/4025/1542 2756/4027/1542 2755/4028/1542
f 2755/4028/1543 2756/4027/1543 2754/4029/1543 2753/4030/1543
f 2753/4030/1544 2754/4029/1544 2750/4031/1544 2749/4032/1544
f 2751/4033/1545 2755/4028/1545 2753/4030/1545 2749/4034/1545
f 2756/4027/1546 2752/4035/1546 2750/4036/1546 2754/4029/1546
o Cube.121_Cube.115
v 116.543091 -0.273436 5.255958
v 116.543091 0.123325 5.255958
v 116.543091 -0.273436 -1.234532
v 116.543091 0.123325 -1.234532
v 143.494629 -0.273436 5.255958
v 143.494629 0.123325 5.255958
v 143.494629 -0.273436 -1.234532
v 143.494629 0.123325 -1.234532
vt 0.375000 0.000000
vt 0.625000 0.000000
vt 0.625000 0.250000
vt 0.375000 0.250000
vt 0.625000 0.500000
vt 0.375000 0.500000
vt 0.625000 0.750000
vt 0.375000 0.750000
vt 0.625000 1.000000
vt 0.375000 1.000000
vt 0.125000 0.500000
vt 0.125000 0.750000
vt 0.875000 0.500000
vt 0.875000 0.750000
vn -1.0000 0.0000 0.0000
vn 0.0000 0.0000 -1.0000
vn 1.0000 0.0000 0.0000
vn 0.0000 0.0000 1.0000
vn 0.0000 -1.0000 0.0000
vn 0.0000 1.0000 0.0000
usemtl hbmat_concrete
s off
f 2757/4037/1547 2758/4038/1547 2760/4039/1547 2759/4040/1547
f 2759/4040/1548 2760/4039/1548 2764/4041/1548 2763/4042/1548
f 2763/4042/1549 2764/4041/1549 2762/4043/1549 2761/4044/1549
f 2761/4044/1550 2762/4043/1550 2758/4045/1550 2757/4046/1550
f 2759/4047/1551 2763/4042/1551 2761/4044/1551 2757/4048/1551
f 2764/4041/1552 2760/4049/1552 2758/4050/1552 2762/4043/1552
o Cube.123_Cube.117
v 142.699661 -0.324184 29.153763
v 143.096420 -0.324184 29.153763
v 142.699661 4.967990 29.153763
v 143.096420 4.967990 29.153763
v 142.699661 -0.324184 -1.604680
v 143.096420 -0.324184 -1.604680
v 142.699661 4.967990 -1.604680
v 143.096420 4.967990 -1.604680
vt 0.375000 0.000000
vt 0.625000 0.000000
vt 0.625000 0.250000
vt 0.375000 0.250000
vt 0.625000 0.500000
vt 0.375000 0.500000
vt 0.625000 0.750000
vt 0.375000 0.750000
vt 0.625000 1.000000
vt 0.375000 1.000000
vt 0.125000 0.500000
vt 0.125000 0.750000
vt 0.875000 0.500000
vt 0.875000 0.750000
vn 0.0000 0.0000 1.0000
vn 0.0000 1.0000 0.0000
vn 0.0000 0.0000 -1.0000
vn 0.0000 -1.0000 0.0000
vn -1.0000 0.0000 0.0000
vn 1.0000 0.0000 0.0000
usemtl hbmat_concrete
s off
f 2765/4051/1553 2766/4052/1553 2768/4053/1553 2767/4054/1553
f 2767/4054/1554 2768/4053/1554 2772/4055/1554 2771/4056/1554
f 2771/4056/1555 2772/4055/1555 2770/4057/1555 2769/4058/1555
f 2769/4058/1556 2770/4057/1556 2766/4059/1556 2765/4060/1556
f 2767/4061/1557 2771/4056/1557 2769/4058/1557 2765/4062/1557
f 2772/4055/1558 2768/4063/1558 2766/4064/1558 2770/4057/1558
o Cube.125_Cube.119
v 119.708565 -0.180455 2.459612
v 119.708565 4.210361 2.459612
v 119.293983 -0.180455 2.459612
v 119.293983 4.210361 2.459612
v 119.708565 -0.180455 -1.084757
v 119.708565 4.210361 -1.084757
v 119.293983 -0.180455 -1.084757
v 119.293983 4.210361 -1.084757
vt 0.375000 0.000000
vt 0.625000 0.000000
vt 0.625000 0.250000
vt 0.375000 0.250000
vt 0.625000 0.500000
vt 0.375000 0.500000
vt 0.625000 0.750000
vt 0.375000 0.750000
vt 0.625000 1.000000
vt 0.375000 1.000000
vt 0.125000 0.500000
vt 0.125000 0.750000
vt 0.875000 0.500000
vt 0.875000 0.750000
vn 0.0000 0.0000 1.0000
vn -1.0000 0.0000 0.0000
vn 0.0000 0.0000 -1.0000
vn 1.0000 0.0000 0.0000
vn 0.0000 -1.0000 0.0000
vn 0.0000 1.0000 0.0000
usemtl hbmat_concrete
s off
f 2773/4065/1559 2774/4066/1559 2776/4067/1559 2775/4068/1559
f 2775/4068/1560 2776/4067/1560 2780/4069/1560 2779/4070/1560
f 2779/4070/1561 2780/4069/1561 2778/4071/1561 2777/4072/1561
f 2777/4072/1562 2778/4071/1562 2774/4073/1562 2773/4074/1562
f 2775/4075/1563 2779/4070/1563 2777/4072/1563 2773/4076/1563
f 2780/4069/1564 2776/4077/1564 2774/4078/1564 2778/4071/1564
o Cube.126_Cube.120
v 139.413910 -0.169694 7.934504
v 139.413910 4.221122 7.934504
v 139.413910 -0.169694 7.519917
v 139.413910 4.221122 7.519917
v 143.962524 -0.169694 7.934504
v 143.962524 4.221122 7.934504
v 143.962524 -0.169694 7.519917
v 143.962524 4.221122 7.519917
vt 0.375000 0.000000
vt 0.625000 0.000000
vt 0.625000 0.250000
vt 0.375000 0.250000
vt 0.625000 0.500000
vt 0.375000 0.500000
vt 0.625000 0.750000
vt 0.375000 0.750000
vt 0.625000 1.000000
vt 0.375000 1.000000
vt 0.125000 0.500000
vt 0.125000 0.750000
vt 0.875000 0.500000
vt 0.875000 0.750000
vn -1.0000 0.0000 0.0000
vn 0.0000 0.0000 -1.0000
vn 1.0000 0.0000 0.0000
vn 0.0000 0.0000 1.0000
vn 0.0000 -1.0000 0.0000
vn 0.0000 1.0000 0.0000
usemtl hbmat_concrete
s off
f 2781/4079/1565 2782/4080/1565 2784/4081/1565 2783/4082/1565
f 2783/4082/1566 2784/4081/1566 2788/4083/1566 2787/4084/1566
f 2787/4084/1567 2788/4083/1567 2786/4085/1567 2785/4086/1567
f 2785/4086/1568 2786/4085/1568 2782/4087/1568 2781/4088/1568
f 2783/4089/1569 2787/4084/1569 2785/4086/1569 2781/4090/1569
f 2788/4083/1570 2784/4091/1570 2782/4092/1570 2786/4085/1570
o Cube.127_Cube.121
v 125.332520 -0.172492 2.543871
v 125.332520 4.218325 2.543871
v 124.917938 -0.172492 2.543871
v 124.917938 4.218325 2.543871
v 125.332520 -0.172492 -2.004736
v 125.332520 4.218325 -2.004736
v 124.917938 -0.172492 -2.004736
v 124.917938 4.218325 -2.004736
vt 0.375000 0.000000
vt 0.625000 0.000000
vt 0.625000 0.250000
vt 0.375000 0.250000
vt 0.625000 0.500000
vt 0.375000 0.500000
vt 0.625000 0.750000
vt 0.375000 0.750000
vt 0.625000 1.000000
vt 0.375000 1.000000
vt 0.125000 0.500000
vt 0.125000 0.750000
vt 0.875000 0.500000
vt 0.875000 0.750000
vn 0.0000 0.0000 1.0000
vn -1.0000 0.0000 0.0000
vn 0.0000 0.0000 -1.0000
vn 1.0000 0.0000 0.0000
vn 0.0000 -1.0000 0.0000
vn 0.0000 1.0000 0.0000
usemtl hbmat_concrete
s off
f 2789/4093/1571 2790/4094/1571 2792/4095/1571 2791/4096/1571
f 2791/4096/1572 2792/4095/1572 2796/4097/1572 2795/4098/1572
f 2795/4098/1573 2796/4097/1573 2794/4099/1573 2793/4100/1573
f 2793/4100/1574 2794/4099/1574 2790/4101/1574 2789/4102/1574
f 2791/4103/1575 2795/4098/1575 2793/4100/1575 2789/4104/1575
f 2796/4097/1576 2792/4105/1576 2790/4106/1576 2794/4099/1576
o Cube.128_Cube.122
v 128.147614 -0.225130 5.934957
v 128.147614 4.165687 5.934957
v 127.733032 -0.225130 5.934957
v 127.733032 4.165687 5.934957
v 128.147614 -0.225130 1.386350
v 128.147614 4.165687 1.386350
v 127.733032 -0.225130 1.386350
v 127.733032 4.165687 1.386350
vt 0.375000 0.000000
vt 0.625000 0.000000
vt 0.625000 0.250000
vt 0.375000 0.250000
vt 0.625000 0.500000
vt 0.375000 0.500000
vt 0.625000 0.750000
vt 0.375000 0.750000
vt 0.625000 1.000000
vt 0.375000 1.000000
vt 0.125000 0.500000
vt 0.125000 0.750000
vt 0.875000 0.500000
vt 0.875000 0.750000
vn 0.0000 0.0000 1.0000
vn -1.0000 0.0000 0.0000
vn 0.0000 0.0000 -1.0000
vn 1.0000 0.0000 0.0000
vn 0.0000 -1.0000 0.0000
vn 0.0000 1.0000 0.0000
usemtl hbmat_concrete
s off
f 2797/4107/1577 2798/4108/1577 2800/4109/1577 2799/4110/1577
f 2799/4110/1578 2800/4109/1578 2804/4111/1578 2803/4112/1578
f 2803/4112/1579 2804/4111/1579 2802/4113/1579 2801/4114/1579
f 2801/4114/1580 2802/4113/1580 2798/4115/1580 2797/4116/1580
f 2799/4117/1581 2803/4112/1581 2801/4114/1581 2797/4118/1581
f 2804/4111/1582 2800/4119/1582 2798/4120/1582 2802/4113/1582
o Cube.129_Cube.123
v 131.176620 -0.247804 2.467259
v 131.176620 4.143013 2.467259
v 130.762039 -0.247804 2.467259
v 130.762039 4.143013 2.467259
v 131.176620 -0.247804 -2.081348
v 131.176620 4.143013 -2.081348
v 130.762039 -0.247804 -2.081348
v 130.762039 4.143013 -2.081348
vt 0.375000 0.000000
vt 0.625000 0.000000
vt 0.625000 0.250000
vt 0.375000 0.250000
vt 0.625000 0.500000
vt 0.375000 0.500000
vt 0.625000 0.750000
vt 0.375000 0.750000
vt 0.625000 1.000000
vt 0.375000 1.000000
vt 0.125000 0.500000
vt 0.125000 0.750000
vt 0.875000 0.500000
vt 0.875000 0.750000
vn 0.0000 0.0000 1.0000
vn -1.0000 0.0000 0.0000
vn 0.0000 0.0000 -1.0000
vn 1.0000 0.0000 0.0000
vn 0.0000 -1.0000 0.0000
vn 0.0000 1.0000 0.0000
usemtl hbmat_concrete
s off
f 2805/4121/1583 2806/4122/1583 2808/4123/1583 2807/4124/1583
f 2807/4124/1584 2808/4123/1584 2812/4125/1584 2811/4126/1584
f 2811/4126/1585 2812/4125/1585 2810/4127/1585 2809/4128/1585
f 2809/4128/1586 2810/4127/1586 2806/4129/1586 2805/4130/1586
f 2807/4131/1587 2811/4126/1587 2809/4128/1587 2805/4132/1587
f 2812/4125/1588 2808/4133/1588 2806/4134/1588 2810/4127/1588
o Cube.130_Cube.124
v 133.912735 -0.241842 5.947684
v 133.912735 4.148974 5.947684
v 133.498154 -0.241842 5.947684
v 133.498154 4.148974 5.947684
v 133.912735 -0.241842 1.399077
v 133.912735 4.148974 1.399077
v 133.498154 -0.241842 1.399077
v 133.498154 4.148974 1.399077
vt 0.375000 0.000000
vt 0.625000 0.000000
vt 0.625000 0.250000
vt 0.375000 0.250000
vt 0.625000 0.500000
vt 0.375000 0.500000
vt 0.625000 0.750000
vt 0.375000 0.750000
vt 0.625000 1.000000
vt 0.375000 1.000000
vt 0.125000 0.500000
vt 0.125000 0.750000
vt 0.875000 0.500000
vt 0.875000 0.750000
vn 0.0000 0.0000 1.0000
vn -1.0000 0.0000 0.0000
vn 0.0000 0.0000 -1.0000
vn 1.0000 0.0000 0.0000
vn 0.0000 -1.0000 0.0000
vn 0.0000 1.0000 0.0000
usemtl hbmat_concrete
s off
f 2813/4135/1589 2814/4136/1589 2816/4137/1589 2815/4138/1589
f 2815/4138/1590 2816/4137/1590 2820/4139/1590 2819/4140/1590
f 2819/4140/1591 2820/4139/1591 2818/4141/1591 2817/4142/1591
f 2817/4142/1592 2818/4141/1592 2814/4143/1592 2813/4144/1592
f 2815/4145/1593 2819/4140/1593 2817/4142/1593 2813/4146/1593
f 2820/4139/1594 2816/4147/1594 2814/4148/1594 2818/4141/1594
o Cube.131_Cube.125
v 136.560608 -0.043994 28.298611
v 136.560608 4.346822 28.298611
v 136.146027 -0.043994 28.298611
v 136.146027 4.346822 28.298611
v 136.560608 -0.043994 2.572172
v 136.560608 4.346822 2.572172
v 136.146027 -0.043994 2.572172
v 136.146027 4.346822 2.572172
vt 0.375000 0.000000
vt 0.625000 0.000000
vt 0.625000 0.250000
vt 0.375000 0.250000
vt 0.625000 0.500000
vt 0.375000 0.500000
vt 0.625000 0.750000
vt 0.375000 0.750000
vt 0.625000 1.000000
vt 0.375000 1.000000
vt 0.125000 0.500000
vt 0.125000 0.750000
vt 0.875000 0.500000
vt 0.875000 0.750000
vn 0.0000 0.0000 1.0000
vn -1.0000 0.0000 0.0000
vn 0.0000 0.0000 -1.0000
vn 1.0000 0.0000 0.0000
vn 0.0000 -1.0000 0.0000
vn 0.0000 1.0000 0.0000
usemtl hbmat_concrete
s off
f 2821/4149/1595 2822/4150/1595 2824/4151/1595 2823/4152/1595
f 2823/4152/1596 2824/4151/1596 2828/4153/1596 2827/4154/1596
f 2827/4154/1597 2828/4153/1597 2826/4155/1597 2825/4156/1597
f 2825/4156/1598 2826/4155/1598 2822/4157/1598 2821/4158/1598
f 2823/4159/1599 2827/4154/1599 2825/4156/1599 2821/4160/1599
f 2828/4153/1600 2824/4161/1600 2822/4162/1600 2826/4155/1600
o Cube.132_Cube.126
v 122.459602 -0.222696 6.089478
v 122.459602 4.168120 6.089478
v 122.045021 -0.222696 6.089478
v 122.045021 4.168120 6.089478
v 122.459602 -0.222696 1.540871
v 122.459602 4.168120 1.540871
v 122.045021 -0.222696 1.540871
v 122.045021 4.168120 1.540871
vt 0.375000 0.000000
vt 0.625000 0.000000
vt 0.625000 0.250000
vt 0.375000 0.250000
vt 0.625000 0.500000
vt 0.375000 0.500000
vt 0.625000 0.750000
vt 0.375000 0.750000
vt 0.625000 1.000000
vt 0.375000 1.000000
vt 0.125000 0.500000
vt 0.125000 0.750000
vt 0.875000 0.500000
vt 0.875000 0.750000
vn 0.0000 0.0000 1.0000
vn -1.0000 0.0000 0.0000
vn 0.0000 0.0000 -1.0000
vn 1.0000 0.0000 0.0000
vn 0.0000 -1.0000 0.0000
vn 0.0000 1.0000 0.0000
usemtl hbmat_concrete
s off
f 2829/4163/1601 2830/4164/1601 2832/4165/1601 2831/4166/1601
f 2831/4166/1602 2832/4165/1602 2836/4167/1602 2835/4168/1602
f 2835/4168/1603 2836/4167/1603 2834/4169/1603 2833/4170/1603
f 2833/4170/1604 2834/4169/1604 2830/4171/1604 2829/4172/1604
f 2831/4173/1605 2835/4168/1605 2833/4170/1605 2829/4174/1605
f 2836/4167/1606 2832/4175/1606 2830/4176/1606 2834/4169/1606
o Cube.133_Cube.127
v 135.455017 -0.201459 11.054393
v 135.455017 4.189357 11.054393
v 135.455017 -0.201459 10.639806
v 135.455017 4.189357 10.639806
v 140.003632 -0.201459 11.054393
v 140.003632 4.189357 11.054393
v 140.003632 -0.201459 10.639806
v 140.003632 4.189357 10.639806
vt 0.375000 0.000000
vt 0.625000 0.000000
vt 0.625000 0.250000
vt 0.375000 0.250000
vt 0.625000 0.500000
vt 0.375000 0.500000
vt 0.625000 0.750000
vt 0.375000 0.750000
vt 0.625000 1.000000
vt 0.375000 1.000000
vt 0.125000 0.500000
vt 0.125000 0.750000
vt 0.875000 0.500000
vt 0.875000 0.750000
vn -1.0000 0.0000 0.0000
vn 0.0000 0.0000 -1.0000
vn 1.0000 0.0000 0.0000
vn 0.0000 0.0000 1.0000
vn 0.0000 -1.0000 0.0000
vn 0.0000 1.0000 0.0000
usemtl hbmat_concrete
s off
f 2837/4177/1607 2838/4178/1607 2840/4179/1607 2839/4180/1607
f 2839/4180/1608 2840/4179/1608 2844/4181/1608 2843/4182/1608
f 2843/4182/1609 2844/4181/1609 2842/4183/1609 2841/4184/1609
f 2841/4184/1610 2842/4183/1610 2838/4185/1610 2837/4186/1610
f 2839/4187/1611 2843/4182/1611 2841/4184/1611 2837/4188/1611
f 2844/4181/1612 2840/4189/1612 2838/4190/1612 2842/4183/1612
o Cube.134_Cube.128
v 139.332581 -0.280092 14.236837
v 139.332581 4.110724 14.236837
v 139.332581 -0.280092 13.822250
v 139.332581 4.110724 13.822250
v 143.881195 -0.280092 14.236837
v 143.881195 4.110724 14.236837
v 143.881195 -0.280092 13.822250
v 143.881195 4.110724 13.822250
vt 0.375000 0.000000
vt 0.625000 0.000000
vt 0.625000 0.250000
vt 0.375000 0.250000
vt 0.625000 0.500000
vt 0.375000 0.500000
vt 0.625000 0.750000
vt 0.375000 0.750000
vt 0.625000 1.000000
vt 0.375000 1.000000
vt 0.125000 0.500000
vt 0.125000 0.750000
vt 0.875000 0.500000
vt 0.875000 0.750000
vn -1.0000 0.0000 0.0000
vn 0.0000 0.0000 -1.0000
vn 1.0000 0.0000 0.0000
vn 0.0000 0.0000 1.0000
vn 0.0000 -1.0000 0.0000
vn 0.0000 1.0000 0.0000
usemtl hbmat_concrete
s off
f 2845/4191/1613 2846/4192/1613 2848/4193/1613 2847/4194/1613
f 2847/4194/1614 2848/4193/1614 2852/4195/1614 2851/4196/1614
f 2851/4196/1615 2852/4195/1615 2850/4197/1615 2849/4198/1615
f 2849/4198/1616 2850/4197/1616 2846/4199/1616 2845/4200/1616
f 2847/4201/1617 2851/4196/1617 2849/4198/1617 2845/4202/1617
f 2852/4195/1618 2848/4203/1618 2846/4204/1618 2850/4197/1618
o Cube.135_Cube.129
v 135.559769 -0.169137 17.384928
v 135.559769 4.221679 17.384928
v 135.559769 -0.169137 16.970343
v 135.559769 4.221679 16.970343
v 140.108383 -0.169137 17.384928
v 140.108383 4.221679 17.384928
v 140.108383 -0.169137 16.970343
v 140.108383 4.221679 16.970343
vt 0.375000 0.000000
vt 0.625000 0.000000
vt 0.625000 0.250000
vt 0.375000 0.250000
vt 0.625000 0.500000
vt 0.375000 0.500000
vt 0.625000 0.750000
vt 0.375000 0.750000
vt 0.625000 1.000000
vt 0.375000 1.000000
vt 0.125000 0.500000
vt 0.125000 0.750000
vt 0.875000 0.500000
vt 0.875000 0.750000
vn -1.0000 0.0000 0.0000
vn 0.0000 0.0000 -1.0000
vn 1.0000 0.0000 0.0000
vn 0.0000 0.0000 1.0000
vn 0.0000 -1.0000 0.0000
vn 0.0000 1.0000 0.0000
usemtl hbmat_concrete
s off
f 2853/4205/1619 2854/4206/1619 2856/4207/1619 2855/4208/1619
f 2855/4208/1620 2856/4207/1620 2860/4209/1620 2859/4210/1620
f 2859/4210/1621 2860/4209/1621 2858/4211/1621 2857/4212/1621
f 2857/4212/1622 2858/4211/1622 2854/4213/1622 2853/4214/1622
f 2855/4215/1623 2859/4210/1623 2857/4212/1623 2853/4216/1623
f 2860/4209/1624 2856/4217/1624 2854/4218/1624 2858/4211/1624
o Cube.136_Cube.130
v 139.391205 -0.171470 20.811640
v 139.391205 4.219346 20.811640
v 139.391205 -0.171470 20.397055
v 139.391205 4.219346 20.397055
v 143.939819 -0.171470 20.811640
v 143.939819 4.219346 20.811640
v 143.939819 -0.171470 20.397055
v 143.939819 4.219346 20.397055
vt 0.375000 0.000000
vt 0.625000 0.000000
vt 0.625000 0.250000
vt 0.375000 0.250000
vt 0.625000 0.500000
vt 0.375000 0.500000
vt 0.625000 0.750000
vt 0.375000 0.750000
vt 0.625000 1.000000
vt 0.375000 1.000000
vt 0.125000 0.500000
vt 0.125000 0.750000
vt 0.875000 0.500000
vt 0.875000 0.750000
vn -1.0000 0.0000 0.0000
vn 0.0000 0.0000 -1.0000
vn 1.0000 0.0000 0.0000
vn 0.0000 0.0000 1.0000
vn 0.0000 -1.0000 0.0000
vn 0.0000 1.0000 0.0000
usemtl hbmat_concrete
s off
f 2861/4219/1625 2862/4220/1625 2864/4221/1625 2863/4222/1625
f 2863/4222/1626 2864/4221/1626 2868/4223/1626 2867/4224/1626
f 2867/4224/1627 2868/4223/1627 2866/4225/1627 2865/4226/1627
f 2865/4226/1628 2866/4225/1628 2862/4227/1628 2861/4228/1628
f 2863/4229/1629 2867/4224/1629 2865/4226/1629 2861/4230/1629
f 2868/4223/1630 2864/4231/1630 2862/4232/1630 2866/4225/1630
o Cube.137_Cube.131
v 135.445297 -0.196841 23.914286
v 135.445297 4.193975 23.914286
v 135.445297 -0.196841 23.499701
v 135.445297 4.193975 23.499701
v 139.993912 -0.196841 23.914286
v 139.993912 4.193975 23.914286
v 139.993912 -0.196841 23.499701
v 139.993912 4.193975 23.499701
vt 0.375000 0.000000
vt 0.625000 0.000000
vt 0.625000 0.250000
vt 0.375000 0.250000
vt 0.625000 0.500000
vt 0.375000 0.500000
vt 0.625000 0.750000
vt 0.375000 0.750000
vt 0.625000 1.000000
vt 0.375000 1.000000
vt 0.125000 0.500000
vt 0.125000 0.750000
vt 0.875000 0.500000
vt 0.875000 0.750000
vn -1.0000 0.0000 0.0000
vn 0.0000 0.0000 -1.0000
vn 1.0000 0.0000 0.0000
vn 0.0000 0.0000 1.0000
vn 0.0000 -1.0000 0.0000
vn 0.0000 1.0000 0.0000
usemtl hbmat_concrete
s off
f 2869/4233/1631 2870/4234/1631 2872/4235/1631 2871/4236/1631
f 2871/4236/1632 2872/4235/1632 2876/4237/1632 2875/4238/1632
f 2875/4238/1633 2876/4237/1633 2874/4239/1633 2873/4240/1633
f 2873/4240/1634 2874/4239/1634 2870/4241/1634 2869/4242/1634
f 2871/4243/1635 2875/4238/1635 2873/4240/1635 2869/4244/1635
f 2876/4237/1636 2872/4245/1636 2870/4246/1636 2874/4239/1636
o Cube.139_Cube.133
v 116.359695 -0.324184 -1.191756
v 116.359695 -0.324184 -0.794995
v 116.359695 4.967990 -1.191756
v 116.359695 4.967990 -0.794995
v 143.311234 -0.324184 -1.191756
v 143.311234 -0.324184 -0.794995
v 143.311234 4.967990 -1.191756
v 143.311234 4.967990 -0.794995
vt 0.375000 0.000000
vt 0.625000 0.000000
vt 0.625000 0.250000
vt 0.375000 0.250000
vt 0.625000 0.500000
vt 0.375000 0.500000
vt 0.625000 0.750000
vt 0.375000 0.750000
vt 0.625000 1.000000
vt 0.375000 1.000000
vt 0.125000 0.500000
vt 0.125000 0.750000
vt 0.875000 0.500000
vt 0.875000 0.750000
vn -1.0000 0.0000 0.0000
vn 0.0000 1.0000 0.0000
vn 1.0000 0.0000 0.0000
vn 0.0000 -1.0000 0.0000
vn 0.0000 0.0000 -1.0000
vn 0.0000 -0.0000 1.0000
usemtl hbmat_concrete
s off
f 2877/4247/1637 2878/4248/1637 2880/4249/1637 2879/4250/1637
f 2879/4250/1638 2880/4249/1638 2884/4251/1638 2883/4252/1638
f 2883/4252/1639 2884/4251/1639 2882/4253/1639 2881/4254/1639
f 2881/4254/1640 2882/4253/1640 2878/4255/1640 2877/4256/1640
f 2879/4257/1641 2883/4252/1641 2881/4254/1641 2877/4258/1641
f 2884/4251/1642 2880/4259/1642 2878/4260/1642 2882/4253/1642
o Cube.141_Cube.135
v 130.695511 -0.148584 33.040451
v 130.695511 0.150059 33.040451
v 130.695511 -0.148584 31.040451
v 130.695511 0.150059 31.040451
v 132.695511 -0.148584 33.040451
v 132.695511 0.150059 33.040451
v 132.695511 -0.148584 31.040451
v 132.695511 0.150059 31.040451
vt 0.375000 0.000000
vt 0.625000 0.000000
vt 0.625000 0.250000
vt 0.375000 0.250000
vt 0.625000 0.500000
vt 0.375000 0.500000
vt 0.625000 0.750000
vt 0.375000 0.750000
vt 0.625000 1.000000
vt 0.375000 1.000000
vt 0.125000 0.500000
vt 0.125000 0.750000
vt 0.875000 0.500000
vt 0.875000 0.750000
vn -1.0000 0.0000 0.0000
vn 0.0000 0.0000 -1.0000
vn 1.0000 0.0000 0.0000
vn 0.0000 0.0000 1.0000
vn 0.0000 -1.0000 0.0000
vn 0.0000 1.0000 0.0000
usemtl hbmat_concrete
s off
f 2885/4261/1643 2886/4262/1643 2888/4263/1643 2887/4264/1643
f 2887/4264/1644 2888/4263/1644 2892/4265/1644 2891/4266/1644
f 2891/4266/1645 2892/4265/1645 2890/4267/1645 2889/4268/1645
f 2889/4268/1646 2890/4267/1646 2886/4269/1646 2885/4270/1646
f 2887/4271/1647 2891/4266/1647 2889/4268/1647 2885/4272/1647
f 2892/4265/1648 2888/4273/1648 2886/4274/1648 2890/4267/1648
o Cube.142_Cube.136
v 135.464355 -0.148584 30.512371
v 135.464355 0.150059 30.512371
v 133.464355 -0.148584 30.512371
v 133.464355 0.150059 30.512371
v 135.464355 -0.148584 28.512371
v 135.464355 0.150059 28.512371
v 133.464355 -0.148584 28.512371
v 133.464355 0.150059 28.512371
vt 0.375000 0.000000
vt 0.625000 0.000000
vt 0.625000 0.250000
vt 0.375000 0.250000
vt 0.625000 0.500000
vt 0.375000 0.500000
vt 0.625000 0.750000
vt 0.375000 0.750000
vt 0.625000 1.000000
vt 0.375000 1.000000
vt 0.125000 0.500000
vt 0.125000 0.750000
vt 0.875000 0.500000
vt 0.875000 0.750000
vn 0.0000 0.0000 1.0000
vn -1.0000 0.0000 0.0000
vn 0.0000 0.0000 -1.0000
vn 1.0000 0.0000 0.0000
vn 0.0000 -1.0000 0.0000
vn 0.0000 1.0000 0.0000
usemtl hbmat_concrete
s off
f 2893/4275/1649 2894/4276/1649 2896/4277/1649 2895/4278/1649
f 2895/4278/1650 2896/4277/1650 2900/4279/1650 2899/4280/1650
f 2899/4280/1651 2900/4279/1651 2898/4281/1651 2897/4282/1651
f 2897/4282/1652 2898/4281/1652 2894/4283/1652 2893/4284/1652
f 2895/4285/1653 2899/4280/1653 2897/4282/1653 2893/4286/1653
f 2900/4279/1654 2896/4287/1654 2894/4288/1654 2898/4281/1654
o Cube.143_Cube.137
v 130.640778 -0.148584 36.619164
v 130.640778 0.150059 36.619164
v 130.640778 -0.148584 34.619164
v 130.640778 0.150059 34.619164
v 132.640778 -0.148584 36.619164
v 132.640778 0.150059 36.619164
v 132.640778 -0.148584 34.619164
v 132.640778 0.150059 34.619164
vt 0.375000 0.000000
vt 0.625000 0.000000
vt 0.625000 0.250000
vt 0.375000 0.250000
vt 0.625000 0.500000
vt 0.375000 0.500000
vt 0.625000 0.750000
vt 0.375000 0.750000
vt 0.625000 1.000000
vt 0.375000 1.000000
vt 0.125000 0.500000
vt 0.125000 0.750000
vt 0.875000 0.500000
vt 0.875000 0.750000
vn -1.0000 0.0000 0.0000
vn 0.0000 0.0000 -1.0000
vn 1.0000 0.0000 0.0000
vn 0.0000 0.0000 1.0000
vn 0.0000 -1.0000 0.0000
vn 0.0000 1.0000 0.0000
usemtl hbmat_concrete
s off
f 2901/4289/1655 2902/4290/1655 2904/4291/1655 2903/4292/1655
f 2903/4292/1656 2904/4291/1656 2908/4293/1656 2907/4294/1656
f 2907/4294/1657 2908/4293/1657 2906/4295/1657 2905/4296/1657
f 2905/4296/1658 2906/4295/1658 2902/4297/1658 2901/4298/1658
f 2903/4299/1659 2907/4294/1659 2905/4296/1659 2901/4300/1659
f 2908/4293/1660 2904/4301/1660 2902/4302/1660 2906/4295/1660
o Cube.144_Cube.138
v 130.400009 -0.148584 39.989937
v 130.400009 0.150059 39.989937
v 130.400009 -0.148584 37.989937
v 130.400009 0.150059 37.989937
v 132.400009 -0.148584 39.989937
v 132.400009 0.150059 39.989937
v 132.400009 -0.148584 37.989937
v 132.400009 0.150059 37.989937
vt 0.375000 0.000000
vt 0.625000 0.000000
vt 0.625000 0.250000
vt 0.375000 0.250000
vt 0.625000 0.500000
vt 0.375000 0.500000
vt 0.625000 0.750000
vt 0.375000 0.750000
vt 0.625000 1.000000
vt 0.375000 1.000000
vt 0.125000 0.500000
vt 0.125000 0.750000
vt 0.875000 0.500000
vt 0.875000 0.750000
vn -1.0000 0.0000 0.0000
vn 0.0000 0.0000 -1.0000
vn 1.0000 0.0000 0.0000
vn 0.0000 0.0000 1.0000
vn 0.0000 -1.0000 0.0000
vn 0.0000 1.0000 0.0000
usemtl hbmat_concrete
s off
f 2909/4303/1661 2910/4304/1661 2912/4305/1661 2911/4306/1661
f 2911/4306/1662 2912/4305/1662 2916/4307/1662 2915/4308/1662
f 2915/4308/1663 2916/4307/1663 2914/4309/1663 2913/4310/1663
f 2913/4310/1664 2914/4309/1664 2910/4311/1664 2909/4312/1664
f 2911/4313/1665 2915/4308/1665 2913/4310/1665 2909/4314/1665
f 2916/4307/1666 2912/4315/1666 2910/4316/1666 2914/4309/1666
o Cube.145_Cube.139
v 131.943115 -0.148584 43.284103
v 131.943115 0.150059 43.284103
v 131.943115 -0.148584 41.284103
v 131.943115 0.150059 41.284103
v 133.943115 -0.148584 43.284103
v 133.943115 0.150059 43.284103
v 133.943115 -0.148584 41.284103
v 133.943115 0.150059 41.284103
vt 0.375000 0.000000
vt 0.625000 0.000000
vt 0.625000 0.250000
vt 0.375000 0.250000
vt 0.625000 0.500000
vt 0.375000 0.500000
vt 0.625000 0.750000
vt 0.375000 0.750000
vt 0.625000 1.000000
vt 0.375000 1.000000
vt 0.125000 0.500000
vt 0.125000 0.750000
vt 0.875000 0.500000
vt 0.875000 0.750000
vn -1.0000 0.0000 0.0000
vn 0.0000 0.0000 -1.0000
vn 1.0000 0.0000 0.0000
vn 0.0000 0.0000 1.0000
vn 0.0000 -1.0000 0.0000
vn 0.0000 1.0000 0.0000
usemtl hbmat_concrete
s off
f 2917/4317/1667 2918/4318/1667 2920/4319/1667 2919/4320/1667
f 2919/4320/1668 2920/4319/1668 2924/4321/1668 2923/4322/1668
f 2923/4322/1669 2924/4321/1669 2922/4323/1669 2921/4324/1669
f 2921/4324/1670 2922/4323/1670 2918/4325/1670 2917/4326/1670
f 2919/4327/1671 2923/4322/1671 2921/4324/1671 2917/4328/1671
f 2924/4321/1672 2920/4329/1672 2918/4330/1672 2922/4323/1672
o Cube.146_Cube.140
v 143.554779 -0.148584 44.411343
v 143.554779 0.150059 44.411343
v 143.554779 -0.148584 42.411343
v 143.554779 0.150059 42.411343
v 145.554779 -0.148584 44.411343
v 145.554779 0.150059 44.411343
v 145.554779 -0.148584 42.411343
v 145.554779 0.150059 42.411343
vt 0.375000 0.000000
vt 0.625000 0.000000
vt 0.625000 0.250000
vt 0.375000 0.250000
vt 0.625000 0.500000
vt 0.375000 0.500000
vt 0.625000 0.750000
vt 0.375000 0.750000
vt 0.625000 1.000000
vt 0.375000 1.000000
vt 0.125000 0.500000
vt 0.125000 0.750000
vt 0.875000 0.500000
vt 0.875000 0.750000
vn -1.0000 0.0000 0.0000
vn 0.0000 0.0000 -1.0000
vn 1.0000 0.0000 0.0000
vn 0.0000 0.0000 1.0000
vn 0.0000 -1.0000 0.0000
vn 0.0000 1.0000 0.0000
usemtl hbmat_concrete
s off
f 2925/4331/1673 2926/4332/1673 2928/4333/1673 2927/4334/1673
f 2927/4334/1674 2928/4333/1674 2932/4335/1674 2931/4336/1674
f 2931/4336/1675 2932/4335/1675 2930/4337/1675 2929/4338/1675
f 2929/4338/1676 2930/4337/1676 2926/4339/1676 2925/4340/1676
f 2927/4341/1677 2931/4336/1677 2929/4338/1677 2925/4342/1677
f 2932/4335/1678 2928/4343/1678 2926/4344/1678 2930/4337/1678
o Cube.147_Cube.141
v 146.082855 -0.148584 46.556381
v 146.082855 0.150059 46.556381
v 146.082855 -0.148584 44.556381
v 146.082855 0.150059 44.556381
v 148.082855 -0.148584 46.556381
v 148.082855 0.150059 46.556381
v 148.082855 -0.148584 44.556381
v 148.082855 0.150059 44.556381
vt 0.375000 0.000000
vt 0.625000 0.000000
vt 0.625000 0.250000
vt 0.375000 0.250000
vt 0.625000 0.500000
vt 0.375000 0.500000
vt 0.625000 0.750000
vt 0.375000 0.750000
vt 0.625000 1.000000
vt 0.375000 1.000000
vt 0.125000 0.500000
vt 0.125000 0.750000
vt 0.875000 0.500000
vt 0.875000 0.750000
vn -1.0000 0.0000 0.0000
vn 0.0000 0.0000 -1.0000
vn 1.0000 0.0000 0.0000
vn 0.0000 0.0000 1.0000
vn 0.0000 -1.0000 0.0000
vn 0.0000 1.0000 0.0000
usemtl hbmat_concrete
s off
f 2933/4345/1679 2934/4346/1679 2936/4347/1679 2935/4348/1679
f 2935/4348/1680 2936/4347/1680 2940/4349/1680 2939/4350/1680
f 2939/4350/1681 2940/4349/1681 2938/4351/1681 2937/4352/1681
f 2937/4352/1682 2938/4351/1682 2934/4353/1682 2933/4354/1682
f 2935/4355/1683 2939/4350/1683 2937/4352/1683 2933/4356/1683
f 2940/4349/1684 2936/4357/1684 2934/4358/1684 2938/4351/1684
o Cube.148_Cube.142
v 146.006241 -0.148584 50.200756
v 146.006241 0.150059 50.200756
v 146.006241 -0.148584 48.200756
v 146.006241 0.150059 48.200756
v 148.006241 -0.148584 50.200756
v 148.006241 0.150059 50.200756
v 148.006241 -0.148584 48.200756
v 148.006241 0.150059 48.200756
vt 0.375000 0.000000
vt 0.625000 0.000000
vt 0.625000 0.250000
vt 0.375000 0.250000
vt 0.625000 0.500000
vt 0.375000 0.500000
vt 0.625000 0.750000
vt 0.375000 0.750000
vt 0.625000 1.000000
vt 0.375000 1.000000
vt 0.125000 0.500000
vt 0.125000 0.750000
vt 0.875000 0.500000
vt 0.875000 0.750000
vn -1.0000 0.0000 0.0000
vn 0.0000 0.0000 -1.0000
vn 1.0000 0.0000 0.0000
vn 0.0000 0.0000 1.0000
vn 0.0000 -1.0000 0.0000
vn 0.0000 1.0000 0.0000
usemtl hbmat_concrete
s off
f 2941/4359/1685 2942/4360/1685 2944/4361/1685 2943/4362/1685
f 2943/4362/1686 2944/4361/1686 2948/4363/1686 2947/4364/1686
f 2947/4364/1687 2948/4363/1687 2946/4365/1687 2945/4366/1687
f 2945/4366/1688 2946/4365/1688 2942/4367/1688 2941/4368/1688
f 2943/4369/1689 2947/4364/1689 2945/4366/1689 2941/4370/1689
f 2948/4363/1690 2944/4371/1690 2942/4372/1690 2946/4365/1690
o Cube.149_Cube.143
v 145.853027 -0.136839 53.571529
v 145.853027 0.217967 53.571529
v 145.853027 -0.136839 51.571529
v 145.853027 0.217967 51.571529
v 147.853027 -0.136839 53.571529
v 147.853027 0.217967 53.571529
v 147.853027 -0.136839 51.571529
v 147.853027 0.217967 51.571529
vt 0.375000 0.000000
vt 0.625000 0.000000
vt 0.625000 0.250000
vt 0.375000 0.250000
vt 0.625000 0.500000
vt 0.375000 0.500000
vt 0.625000 0.750000
vt 0.375000 0.750000
vt 0.625000 1.000000
vt 0.375000 1.000000
vt 0.125000 0.500000
vt 0.125000 0.750000
vt 0.875000 0.500000
vt 0.875000 0.750000
vn -1.0000 0.0000 0.0000
vn 0.0000 0.0000 -1.0000
vn 1.0000 0.0000 0.0000
vn 0.0000 0.0000 1.0000
vn 0.0000 -1.0000 0.0000
vn 0.0000 1.0000 0.0000
usemtl hbmat_concrete
s off
f 2949/4373/1691 2950/4374/1691 2952/4375/1691 2951/4376/1691
f 2951/4376/1692 2952/4375/1692 2956/4377/1692 2955/4378/1692
f 2955/4378/1693 2956/4377/1693 2954/4379/1693 2953/4380/1693
f 2953/4380/1694 2954/4379/1694 2950/4381/1694 2949/4382/1694
f 2951/4383/1695 2955/4378/1695 2953/4380/1695 2949/4384/1695
f 2956/4377/1696 2952/4385/1696 2950/4386/1696 2954/4379/1696
o Cube.150_Cube.144
v 142.569809 -0.148584 56.165276
v 142.569809 0.150059 56.165276
v 142.569809 -0.148584 54.165276
v 142.569809 0.150059 54.165276
v 144.569809 -0.148584 56.165276
v 144.569809 0.150059 56.165276
v 144.569809 -0.148584 54.165276
v 144.569809 0.150059 54.165276
vt 0.375000 0.000000
vt 0.625000 0.000000
vt 0.625000 0.250000
vt 0.375000 0.250000
vt 0.625000 0.500000
vt 0.375000 0.500000
vt 0.625000 0.750000
vt 0.375000 0.750000
vt 0.625000 1.000000
vt 0.375000 1.000000
vt 0.125000 0.500000
vt 0.125000 0.750000
vt 0.875000 0.500000
vt 0.875000 0.750000
vn -1.0000 0.0000 0.0000
vn 0.0000 0.0000 -1.0000
vn 1.0000 0.0000 0.0000
vn 0.0000 0.0000 1.0000
vn 0.0000 -1.0000 0.0000
vn 0.0000 1.0000 0.0000
usemtl hbmat_concrete
s off
f 2957/4387/1697 2958/4388/1697 2960/4389/1697 2959/4390/1697
f 2959/4390/1698 2960/4389/1698 2964/4391/1698 2963/4392/1698
f 2963/4392/1699 2964/4391/1699 2962/4393/1699 2961/4394/1699
f 2961/4394/1700 2962/4393/1700 2958/4395/1700 2957/4396/1700
f 2959/4397/1701 2963/4392/1701 2961/4394/1701 2957/4398/1701
f 2964/4391/1702 2960/4399/1702 2958/4400/1702 2962/4393/1702
o Cube.155_Cube.149
v 142.866211 -0.148584 42.112293
v 142.866211 0.150059 42.112293
v 142.147003 -0.148584 42.112293
v 142.147003 0.150059 42.112293
v 142.866211 -0.148584 28.190981
v 142.866211 0.150059 28.190981
v 142.147003 -0.148584 28.190981
v 142.147003 0.150059 28.190981
vt 0.375000 0.000000
vt 0.625000 0.000000
vt 0.625000 0.250000
vt 0.375000 0.250000
vt 0.625000 0.500000
vt 0.375000 0.500000
vt 0.625000 0.750000
vt 0.375000 0.750000
vt 0.625000 1.000000
vt 0.375000 1.000000
vt 0.125000 0.500000
vt 0.125000 0.750000
vt 0.875000 0.500000
vt 0.875000 0.750000
vn 0.0000 0.0000 1.0000
vn -1.0000 0.0000 0.0000
vn 0.0000 0.0000 -1.0000
vn 1.0000 0.0000 0.0000
vn 0.0000 -1.0000 0.0000
vn 0.0000 1.0000 0.0000
usemtl hbmat_wire
s off
f 2965/4401/1703 2966/4402/1703 2968/4403/1703 2967/4404/1703
f 2967/4404/1704 2968/4403/1704 2972/4405/1704 2971/4406/1704
f 2971/4406/1705 2972/4405/1705 2970/4407/1705 2969/4408/1705
f 2969/4408/1706 2970/4407/1706 2966/4409/1706 2965/4410/1706
f 2967/4411/1707 2971/4406/1707 2969/4408/1707 2965/4412/1707
f 2972/4405/1708 2968/4413/1708 2966/4414/1708 2970/4407/1708
o Cube.156_Cube.150
v 136.160507 -0.148584 56.817780
v 136.160507 0.150059 56.817780
v 135.441299 -0.148584 56.817780
v 135.441299 0.150059 56.817780
v 136.160507 -0.148584 42.896469
v 136.160507 0.150059 42.896469
v 135.441299 -0.148584 42.896469
v 135.441299 0.150059 42.896469
vt 0.375000 0.000000
vt 0.625000 0.000000
vt 0.625000 0.250000
vt 0.375000 0.250000
vt 0.625000 0.500000
vt 0.375000 0.500000
vt 0.625000 0.750000
vt 0.375000 0.750000
vt 0.625000 1.000000
vt 0.375000 1.000000
vt 0.125000 0.500000
vt 0.125000 0.750000
vt 0.875000 0.500000
vt 0.875000 0.750000
vn 0.0000 0.0000 1.0000
vn -1.0000 0.0000 0.0000
vn 0.0000 0.0000 -1.0000
vn 1.0000 0.0000 0.0000
vn 0.0000 -1.0000 0.0000
vn 0.0000 1.0000 0.0000
usemtl hbmat_wire
s off
f 2973/4415/1709 2974/4416/1709 2976/4417/1709 2975/4418/1709
f 2975/4418/1710 2976/4417/1710 2980/4419/1710 2979/4420/1710
f 2979/4420/1711 2980/4419/1711 2978/4421/1711 2977/4422/1711
f 2977/4422/1712 2978/4421/1712 2974/4423/1712 2973/4424/1712
f 2975/4425/1713 2979/4420/1713 2977/4422/1713 2973/4426/1713
f 2980/4419/1714 2976/4427/1714 2974/4428/1714 2978/4421/1714
o Cube.157_Cube.151
v 142.178818 -0.148584 32.413620
v 142.178818 0.150059 32.413620
v 135.539383 -0.148584 32.413624
v 135.539383 0.150059 32.413624
v 142.178818 -0.148584 31.706686
v 142.178818 0.150059 31.706686
v 135.539383 -0.148584 31.706686
v 135.539383 0.150059 31.706686
vt 0.375000 0.000000
vt 0.625000 0.000000
vt 0.625000 0.250000
vt 0.375000 0.250000
vt 0.625000 0.500000
vt 0.375000 0.500000
vt 0.625000 0.750000
vt 0.375000 0.750000
vt 0.625000 1.000000
vt 0.375000 1.000000
vt 0.125000 0.500000
vt 0.125000 0.750000
vt 0.875000 0.500000
vt 0.875000 0.750000
vn 0.0000 0.0000 1.0000
vn -1.0000 0.0000 0.0000
vn 0.0000 0.0000 -1.0000
vn 1.0000 0.0000 0.0000
vn 0.0000 -1.0000 0.0000
vn 0.0000 1.0000 0.0000
usemtl hbmat_wire
s off
f 2981/4429/1715 2982/4430/1715 2984/4431/1715 2983/4432/1715
f 2983/4432/1716 2984/4431/1716 2988/4433/1716 2987/4434/1716
f 2987/4434/1717 2988/4433/1717 2986/4435/1717 2985/4436/1717
f 2985/4436/1718 2986/4435/1718 2982/4437/1718 2981/4438/1718
f 2983/4439/1719 2987/4434/1719 2985/4436/1719 2981/4440/1719
f 2988/4433/1720 2984/4441/1720 2982/4442/1720 2986/4435/1720
o Cube.158_Cube.152
v 142.153137 -0.148584 35.979313
v 142.153137 0.150059 35.979313
v 135.159729 -0.148584 35.979317
v 135.159729 0.150059 35.979317
v 142.153137 -0.148584 35.272377
v 142.153137 0.150059 35.272377
v 135.159729 -0.148584 35.272381
v 135.159729 0.150059 35.272381
vt 0.375000 0.000000
vt 0.625000 0.000000
vt 0.625000 0.250000
vt 0.375000 0.250000
vt 0.625000 0.500000
vt 0.375000 0.500000
vt 0.625000 0.750000
vt 0.375000 0.750000
vt 0.625000 1.000000
vt 0.375000 1.000000
vt 0.125000 0.500000
vt 0.125000 0.750000
vt 0.875000 0.500000
vt 0.875000 0.750000
vn 0.0000 0.0000 1.0000
vn -1.0000 0.0000 0.0000
vn -0.0000 0.0000 -1.0000
vn 1.0000 0.0000 0.0000
vn 0.0000 -1.0000 0.0000
vn 0.0000 1.0000 0.0000
usemtl hbmat_wire
s off
f 2989/4443/1721 2990/4444/1721 2992/4445/1721 2991/4446/1721
f 2991/4446/1722 2992/4445/1722 2996/4447/1722 2995/4448/1722
f 2995/4448/1723 2996/4447/1723 2994/4449/1723 2993/4450/1723
f 2993/4450/1724 2994/4449/1724 2990/4451/1724 2989/4452/1724
f 2991/4453/1725 2995/4448/1725 2993/4450/1725 2989/4454/1725
f 2996/4447/1726 2992/4455/1726 2990/4456/1726 2994/4449/1726
o Cube.159_Cube.153
v 142.153137 -0.148584 39.361340
v 142.153137 0.150059 39.361340
v 135.159729 -0.148584 39.361343
v 135.159729 0.150059 39.361343
v 142.153137 -0.148584 38.654404
v 142.153137 0.150059 38.654404
v 135.159729 -0.148584 38.654408
v 135.159729 0.150059 38.654408
vt 0.375000 0.000000
vt 0.625000 0.000000
vt 0.625000 0.250000
vt 0.375000 0.250000
vt 0.625000 0.500000
vt 0.375000 0.500000
vt 0.625000 0.750000
vt 0.375000 0.750000
vt 0.625000 1.000000
vt 0.375000 1.000000
vt 0.125000 0.500000
vt 0.125000 0.750000
vt 0.875000 0.500000
vt 0.875000 0.750000
vn 0.0000 0.0000 1.0000
vn -1.0000 0.0000 0.0000
vn -0.0000 0.0000 -1.0000
vn 1.0000 0.0000 0.0000
vn 0.0000 -1.0000 0.0000
vn 0.0000 1.0000 0.0000
usemtl hbmat_wire
s off
f 2997/4457/1727 2998/4458/1727 3000/4459/1727 2999/4460/1727
f 2999/4460/1728 3000/4459/1728 3004/4461/1728 3003/4462/1728
f 3003/4462/1729 3004/4461/1729 3002/4463/1729 3001/4464/1729
f 3001/4464/1730 3002/4463/1730 2998/4465/1730 2997/4466/1730
f 2999/4467/1731 3003/4462/1731 3001/4464/1731 2997/4468/1731
f 3004/4461/1732 3000/4469/1732 2998/4470/1732 3002/4463/1732
o Cube.160_Cube.154
v 143.028397 -0.148584 42.765388
v 143.028397 0.150059 42.765388
v 135.494797 -0.148584 42.765392
v 135.494797 0.150059 42.765392
v 143.028397 -0.148584 42.058453
v 143.028397 0.150059 42.058453
v 135.494797 -0.148584 42.058456
v 135.494797 0.150059 42.058456
vt 0.375000 0.000000
vt 0.625000 0.000000
vt 0.625000 0.250000
vt 0.375000 0.250000
vt 0.625000 0.500000
vt 0.375000 0.500000
vt 0.625000 0.750000
vt 0.375000 0.750000
vt 0.625000 1.000000
vt 0.375000 1.000000
vt 0.125000 0.500000
vt 0.125000 0.750000
vt 0.875000 0.500000
vt 0.875000 0.750000
vn 0.0000 0.0000 1.0000
vn -1.0000 0.0000 0.0000
vn -0.0000 0.0000 -1.0000
vn 1.0000 0.0000 0.0000
vn 0.0000 -1.0000 0.0000
vn 0.0000 1.0000 0.0000
usemtl hbmat_wire
s off
f 3005/4471/1733 3006/4472/1733 3008/4473/1733 3007/4474/1733
f 3007/4474/1734 3008/4473/1734 3012/4475/1734 3011/4476/1734
f 3011/4476/1735 3012/4475/1735 3010/4477/1735 3009/4478/1735
f 3009/4478/1736 3010/4477/1736 3006/4479/1736 3005/4480/1736
f 3007/4481/1737 3011/4476/1737 3009/4478/1737 3005/4482/1737
f 3012/4475/1738 3008/4483/1738 3006/4484/1738 3010/4477/1738
o Cube.161_Cube.155
v 143.028397 -0.148584 45.785957
v 143.028397 0.150059 45.785957
v 135.494797 -0.148584 45.785961
v 135.494797 0.150059 45.785961
v 143.028397 -0.148584 45.079021
v 143.028397 0.150059 45.079021
v 135.494797 -0.148584 45.079025
v 135.494797 0.150059 45.079025
vt 0.375000 0.000000
vt 0.625000 0.000000
vt 0.625000 0.250000
vt 0.375000 0.250000
vt 0.625000 0.500000
vt 0.375000 0.500000
vt 0.625000 0.750000
vt 0.375000 0.750000
vt 0.625000 1.000000
vt 0.375000 1.000000
vt 0.125000 0.500000
vt 0.125000 0.750000
vt 0.875000 0.500000
vt 0.875000 0.750000
vn 0.0000 0.0000 1.0000
vn -1.0000 0.0000 0.0000
vn -0.0000 0.0000 -1.0000
vn 1.0000 0.0000 0.0000
vn 0.0000 -1.0000 0.0000
vn 0.0000 1.0000 0.0000
usemtl hbmat_wire
s off
f 3013/4485/1739 3014/4486/1739 3016/4487/1739 3015/4488/1739
f 3015/4488/1740 3016/4487/1740 3020/4489/1740 3019/4490/1740
f 3019/4490/1741 3020/4489/1741 3018/4491/1741 3017/4492/1741
f 3017/4492/1742 3018/4491/1742 3014/4493/1742 3013/4494/1742
f 3015/4495/1743 3019/4490/1743 3017/4492/1743 3013/4496/1743
f 3020/4489/1744 3016/4497/1744 3014/4498/1744 3018/4491/1744
o Cube.162_Cube.156
v 143.028397 -0.148584 49.489437
v 143.028397 0.150059 49.489437
v 135.494797 -0.148584 49.489441
v 135.494797 0.150059 49.489441
v 143.028397 -0.148584 48.782501
v 143.028397 0.150059 48.782501
v 135.494797 -0.148584 48.782505
v 135.494797 0.150059 48.782505
vt 0.375000 0.000000
vt 0.625000 0.000000
vt 0.625000 0.250000
vt 0.375000 0.250000
vt 0.625000 0.500000
vt 0.375000 0.500000
vt 0.625000 0.750000
vt 0.375000 0.750000
vt 0.625000 1.000000
vt 0.375000 1.000000
vt 0.125000 0.500000
vt 0.125000 0.750000
vt 0.875000 0.500000
vt 0.875000 0.750000
vn 0.0000 0.0000 1.0000
vn -1.0000 0.0000 0.0000
vn -0.0000 0.0000 -1.0000
vn 1.0000 0.0000 0.0000
vn 0.0000 -1.0000 0.0000
vn 0.0000 1.0000 0.0000
usemtl hbmat_wire
s off
f 3021/4499/1745 3022/4500/1745 3024/4501/1745 3023/4502/1745
f 3023/4502/1746 3024/4501/1746 3028/4503/1746 3027/4504/1746
f 3027/4504/1747 3028/4503/1747 3026/4505/1747 3025/4506/1747
f 3025/4506/1748 3026/4505/1748 3022/4507/1748 3021/4508/1748
f 3023/4509/1749 3027/4504/1749 3025/4506/1749 3021/4510/1749
f 3028/4503/1750 3024/4511/1750 3022/4512/1750 3026/4505/1750
o Cube.163_Cube.157
v 143.028397 -0.148584 52.903992
v 143.028397 0.150059 52.903992
v 135.494797 -0.148584 52.903996
v 135.494797 0.150059 52.903996
v 143.028397 -0.148584 52.197056
v 143.028397 0.150059 52.197056
v 135.494797 -0.148584 52.197060
v 135.494797 0.150059 52.197060
vt 0.375000 0.000000
vt 0.625000 0.000000
vt 0.625000 0.250000
vt 0.375000 0.250000
vt 0.625000 0.500000
vt 0.375000 0.500000
vt 0.625000 0.750000
vt 0.375000 0.750000
vt 0.625000 1.000000
vt 0.375000 1.000000
vt 0.125000 0.500000
vt 0.125000 0.750000
vt 0.875000 0.500000
vt 0.875000 0.750000
vn 0.0000 0.0000 1.0000
vn -1.0000 0.0000 0.0000
vn -0.0000 0.0000 -1.0000
vn 1.0000 0.0000 0.0000
vn 0.0000 -1.0000 0.0000
vn 0.0000 1.0000 0.0000
usemtl hbmat_wire
s off
f 3029/4513/1751 3030/4514/1751 3032/4515/1751 3031/4516/1751
f 3031/4516/1752 3032/4515/1752 3036/4517/1752 3035/4518/1752
f 3035/4518/1753 3036/4517/1753 3034/4519/1753 3033/4520/1753
f 3033/4520/1754 3034/4519/1754 3030/4521/1754 3029/4522/1754
f 3031/4523/1755 3035/4518/1755 3033/4520/1755 3029/4524/1755
f 3036/4517/1756 3032/4525/1756 3030/4526/1756 3034/4519/1756
o Cube.140_Cube.134
v 142.740967 -0.273436 28.394619
v 142.740967 0.123325 28.394619
v 136.250488 -0.273436 28.394619
v 136.250488 0.123325 28.394619
v 142.740967 -0.273436 1.443084
v 142.740967 0.123325 1.443084
v 136.250488 -0.273436 1.443084
v 136.250488 0.123325 1.443084
vt 0.375000 0.000000
vt 0.625000 0.000000
vt 0.625000 0.250000
vt 0.375000 0.250000
vt 0.625000 0.500000
vt 0.375000 0.500000
vt 0.625000 0.750000
vt 0.375000 0.750000
vt 0.625000 1.000000
vt 0.375000 1.000000
vt 0.125000 0.500000
vt 0.125000 0.750000
vt 0.875000 0.500000
vt 0.875000 0.750000
vn 0.0000 0.0000 1.0000
vn -1.0000 0.0000 0.0000
vn 0.0000 0.0000 -1.0000
vn 1.0000 0.0000 0.0000
vn 0.0000 -1.0000 0.0000
vn 0.0000 1.0000 0.0000
usemtl hbmat_concrete
s off
f 3037/4527/1757 3038/4528/1757 3040/4529/1757 3039/4530/1757
f 3039/4530/1758 3040/4529/1758 3044/4531/1758 3043/4532/1758
f 3043/4532/1759 3044/4531/1759 3042/4533/1759 3041/4534/1759
f 3041/4534/1760 3042/4533/1760 3038/4535/1760 3037/4536/1760
f 3039/4537/1761 3043/4532/1761 3041/4534/1761 3037/4538/1761
f 3044/4531/1762 3040/4539/1762 3038/4540/1762 3042/4533/1762
o Cube.151_Cube.145
v 136.068726 -16.052811 34.888966
v 136.068726 14.741494 34.888966
v 136.068726 -16.052811 32.677410
v 136.068726 14.741494 32.677410
v 141.811371 -16.052811 34.888966
v 141.811371 14.741494 34.888966
v 141.811371 -16.052811 32.677410
v 141.811371 14.741494 32.677410
vt 0.375000 0.000000
vt 0.625000 0.000000
vt 0.625000 0.250000
vt 0.375000 0.250000
vt 0.625000 0.500000
vt 0.375000 0.500000
vt 0.625000 0.750000
vt 0.375000 0.750000
vt 0.625000 1.000000
vt 0.375000 1.000000
vt 0.125000 0.500000
vt 0.125000 0.750000
vt 0.875000 0.500000
vt 0.875000 0.750000
vn -1.0000 0.0000 0.0000
vn 0.0000 0.0000 -1.0000
vn 1.0000 0.0000 0.0000
vn 0.0000 0.0000 1.0000
vn 0.0000 -1.0000 0.0000
vn 0.0000 1.0000 0.0000
usemtl hbmat_wood
s off
f 3045/4541/1763 3046/4542/1763 3048/4543/1763 3047/4544/1763
f 3047/4544/1764 3048/4543/1764 3052/4545/1764 3051/4546/1764
f 3051/4546/1765 3052/4545/1765 3050/4547/1765 3049/4548/1765
f 3049/4548/1766 3050/4547/1766 3046/4549/1766 3045/4550/1766
f 3047/4551/1767 3051/4546/1767 3049/4548/1767 3045/4552/1767
f 3052/4545/1768 3048/4553/1768 3046/4554/1768 3050/4547/1768
o Cube.152_Cube.146
v 135.062378 -17.076904 38.886646
v 135.062378 15.765587 38.886646
v 132.703735 -17.076904 38.886646
v 132.703735 15.765587 38.886646
v 135.062378 -17.076904 32.762058
v 135.062378 15.765587 32.762058
v 132.703735 -17.076904 32.762058
v 132.703735 15.765587 32.762058
vt 0.375000 0.000000
vt 0.625000 0.000000
vt 0.625000 0.250000
vt 0.375000 0.250000
vt 0.625000 0.500000
vt 0.375000 0.500000
vt 0.625000 0.750000
vt 0.375000 0.750000
vt 0.625000 1.000000
vt 0.375000 1.000000
vt 0.125000 0.500000
vt 0.125000 0.750000
vt 0.875000 0.500000
vt 0.875000 0.750000
vn 0.0000 0.0000 1.0000
vn -1.0000 0.0000 0.0000
vn 0.0000 0.0000 -1.0000
vn 1.0000 0.0000 0.0000
vn 0.0000 -1.0000 0.0000
vn 0.0000 1.0000 0.0000
usemtl hbmat_wood
s off
f 3053/4555/1769 3054/4556/1769 3056/4557/1769 3055/4558/1769
f 3055/4558/1770 3056/4557/1770 3060/4559/1770 3059/4560/1770
f 3059/4560/1771 3060/4559/1771 3058/4561/1771 3057/4562/1771
f 3057/4562/1772 3058/4561/1772 3054/4563/1772 3053/4564/1772
f 3055/4565/1773 3059/4560/1773 3057/4562/1773 3053/4566/1773
f 3060/4559/1774 3056/4567/1774 3054/4568/1774 3058/4561/1774
o Cube.153_Cube.147
v 136.755219 -15.329333 44.959705
v 136.755219 14.018016 44.959705
v 136.755219 -15.329333 42.852062
v 136.755219 14.018016 42.852062
v 142.228027 -15.329333 44.959705
v 142.228027 14.018016 44.959705
v 142.228027 -15.329333 42.852062
v 142.228027 14.018016 42.852062
vt 0.375000 0.000000
vt 0.625000 0.000000
vt 0.625000 0.250000
vt 0.375000 0.250000
vt 0.625000 0.500000
vt 0.375000 0.500000
vt 0.625000 0.750000
vt 0.375000 0.750000
vt 0.625000 1.000000
vt 0.375000 1.000000
vt 0.125000 0.500000
vt 0.125000 0.750000
vt 0.875000 0.500000
vt 0.875000 0.750000
vn -1.0000 0.0000 0.0000
vn 0.0000 0.0000 -1.0000
vn 1.0000 0.0000 0.0000
vn 0.0000 0.0000 1.0000
vn 0.0000 -1.0000 0.0000
vn 0.0000 1.0000 0.0000
usemtl hbmat_wood
s off
f 3061/4569/1775 3062/4570/1775 3064/4571/1775 3063/4572/1775
f 3063/4572/1776 3064/4571/1776 3068/4573/1776 3067/4574/1776
f 3067/4574/1777 3068/4573/1777 3066/4575/1777 3065/4576/1777
f 3065/4576/1778 3066/4575/1778 3062/4577/1778 3061/4578/1778
f 3063/4579/1779 3067/4574/1779 3065/4576/1779 3061/4580/1779
f 3068/4573/1780 3064/4581/1780 3062/4582/1780 3066/4575/1780
o Cube.154_Cube.148
v 136.640503 -15.329333 51.909107
v 136.640503 14.018016 51.909107
v 136.640503 -15.329333 49.801464
v 136.640503 14.018016 49.801464
v 142.113312 -15.329333 51.909107
v 142.113312 14.018016 51.909107
v 142.113312 -15.329333 49.801464
v 142.113312 14.018016 49.801464
vt 0.375000 0.000000
vt 0.625000 0.000000
vt 0.625000 0.250000
vt 0.375000 0.250000
vt 0.625000 0.500000
vt 0.375000 0.500000
vt 0.625000 0.750000
vt 0.375000 0.750000
vt 0.625000 1.000000
vt 0.375000 1.000000
vt 0.125000 0.500000
vt 0.125000 0.750000
vt 0.875000 0.500000
vt 0.875000 0.750000
vn -1.0000 0.0000 0.0000
vn 0.0000 0.0000 -1.0000
vn 1.0000 0.0000 0.0000
vn 0.0000 0.0000 1.0000
vn 0.0000 -1.0000 0.0000
vn 0.0000 1.0000 0.0000
usemtl hbmat_wood
s off
f 3069/4583/1781 3070/4584/1781 3072/4585/1781 3071/4586/1781
f 3071/4586/1782 3072/4585/1782 3076/4587/1782 3075/4588/1782
f 3075/4588/1783 3076/4587/1783 3074/4589/1783 3073/4590/1783
f 3073/4590/1784 3074/4589/1784 3070/4591/1784 3069/4592/1784
f 3071/4593/1785 3075/4588/1785 3073/4590/1785 3069/4594/1785
f 3076/4587/1786 3072/4595/1786 3070/4596/1786 3074/4589/1786
o Cube.122_Cube.159
v 108.975525 -0.273436 89.542526
v 108.975525 0.123325 89.542526
v 108.975525 -0.273436 83.052032
v 108.975525 0.123325 83.052032
v 135.927063 -0.273436 89.542526
v 135.927063 0.123325 89.542526
v 135.927063 -0.273436 83.052032
v 135.927063 0.123325 83.052032
vt 0.375000 0.000000
vt 0.625000 0.000000
vt 0.625000 0.250000
vt 0.375000 0.250000
vt 0.625000 0.500000
vt 0.375000 0.500000
vt 0.625000 0.750000
vt 0.375000 0.750000
vt 0.625000 1.000000
vt 0.375000 1.000000
vt 0.125000 0.500000
vt 0.125000 0.750000
vt 0.875000 0.500000
vt 0.875000 0.750000
vn -1.0000 0.0000 0.0000
vn 0.0000 0.0000 -1.0000
vn 1.0000 0.0000 0.0000
vn 0.0000 0.0000 1.0000
vn 0.0000 -1.0000 0.0000
vn 0.0000 1.0000 0.0000
usemtl hbmat_concrete
s off
f 3077/4597/1787 3078/4598/1787 3080/4599/1787 3079/4600/1787
f 3079/4600/1788 3080/4599/1788 3084/4601/1788 3083/4602/1788
f 3083/4602/1789 3084/4601/1789 3082/4603/1789 3081/4604/1789
f 3081/4604/1790 3082/4603/1790 3078/4605/1790 3077/4606/1790
f 3079/4607/1791 3083/4602/1791 3081/4604/1791 3077/4608/1791
f 3084/4601/1792 3080/4609/1792 3078/4610/1792 3082/4603/1792
o Cube.124_Cube.160
v 138.561920 -0.324184 63.161247
v 138.165161 -0.324184 63.161247
v 138.561920 4.967990 63.161247
v 138.165161 4.967990 63.161247
v 138.561920 -0.324184 90.112785
v 138.165161 -0.324184 90.112785
v 138.561920 4.967990 90.112785
v 138.165161 4.967990 90.112785
vt 0.375000 0.000000
vt 0.625000 0.000000
vt 0.625000 0.250000
vt 0.375000 0.250000
vt 0.625000 0.500000
vt 0.375000 0.500000
vt 0.625000 0.750000
vt 0.375000 0.750000
vt 0.625000 1.000000
vt 0.375000 1.000000
vt 0.125000 0.500000
vt 0.125000 0.750000
vt 0.875000 0.500000
vt 0.875000 0.750000
vn 0.0000 0.0000 -1.0000
vn 0.0000 1.0000 0.0000
vn 0.0000 0.0000 1.0000
vn 0.0000 -1.0000 0.0000
vn 1.0000 0.0000 0.0000
vn -1.0000 0.0000 0.0000
usemtl hbmat_concrete
s off
f 3085/4611/1793 3086/4612/1793 3088/4613/1793 3087/4614/1793
f 3087/4614/1794 3088/4613/1794 3092/4615/1794 3091/4616/1794
f 3091/4616/1795 3092/4615/1795 3090/4617/1795 3089/4618/1795
f 3089/4618/1796 3090/4617/1796 3086/4619/1796 3085/4620/1796
f 3087/4621/1797 3091/4616/1797 3089/4618/1797 3085/4622/1797
f 3092/4615/1798 3088/4623/1798 3086/4624/1798 3090/4617/1798
o Cube.165_Cube.161
v 132.477814 -0.324184 63.004684
v 132.081055 -0.324184 63.004684
v 132.477814 4.967990 63.004684
v 132.081055 4.967990 63.004684
v 132.477814 -0.324184 85.153870
v 132.081055 -0.324184 85.153870
v 132.477814 4.967990 85.153870
v 132.081055 4.967990 85.153870
vt 0.375000 0.000000
vt 0.625000 0.000000
vt 0.625000 0.250000
vt 0.375000 0.250000
vt 0.625000 0.500000
vt 0.375000 0.500000
vt 0.625000 0.750000
vt 0.375000 0.750000
vt 0.625000 1.000000
vt 0.375000 1.000000
vt 0.125000 0.500000
vt 0.125000 0.750000
vt 0.875000 0.500000
vt 0.875000 0.750000
vn 0.0000 0.0000 -1.0000
vn 0.0000 1.0000 0.0000
vn 0.0000 0.0000 1.0000
vn 0.0000 -1.0000 0.0000
vn 1.0000 0.0000 0.0000
vn -1.0000 0.0000 0.0000
usemtl hbmat_concrete
s off
f 3093/4625/1799 3094/4626/1799 3096/4627/1799 3095/4628/1799
f 3095/4628/1800 3096/4627/1800 3100/4629/1800 3099/4630/1800
f 3099/4630/1801 3100/4629/1801 3098/4631/1801 3097/4632/1801
f 3097/4632/1802 3098/4631/1802 3094/4633/1802 3093/4634/1802
f 3095/4635/1803 3099/4630/1803 3097/4632/1803 3093/4636/1803
f 3100/4629/1804 3096/4637/1804 3094/4638/1804 3098/4631/1804
o Cube.166_Cube.162
v 112.913643 -0.158281 82.188477
v 112.913643 4.232535 82.188477
v 113.328224 -0.158281 82.188477
v 113.328224 4.232535 82.188477
v 112.913643 -0.158281 86.737091
v 112.913643 4.232535 86.737091
v 113.328224 -0.158281 86.737091
v 113.328224 4.232535 86.737091
vt 0.375000 0.000000
vt 0.625000 0.000000
vt 0.625000 0.250000
vt 0.375000 0.250000
vt 0.625000 0.500000
vt 0.375000 0.500000
vt 0.625000 0.750000
vt 0.375000 0.750000
vt 0.625000 1.000000
vt 0.375000 1.000000
vt 0.125000 0.500000
vt 0.125000 0.750000
vt 0.875000 0.500000
vt 0.875000 0.750000
vn 0.0000 0.0000 -1.0000
vn 1.0000 0.0000 0.0000
vn 0.0000 0.0000 1.0000
vn -1.0000 0.0000 0.0000
vn 0.0000 -1.0000 0.0000
vn 0.0000 1.0000 0.0000
usemtl hbmat_concrete
s off
f 3101/4639/1805 3102/4640/1805 3104/4641/1805 3103/4642/1805
f 3103/4642/1806 3104/4641/1806 3108/4643/1806 3107/4644/1806
f 3107/4644/1807 3108/4643/1807 3106/4645/1807 3105/4646/1807
f 3105/4646/1808 3106/4645/1808 3102/4647/1808 3101/4648/1808
f 3103/4649/1809 3107/4644/1809 3105/4646/1809 3101/4650/1809
f 3108/4643/1810 3104/4651/1810 3102/4652/1810 3106/4645/1810
o Cube.167_Cube.163
v 116.076424 -0.246066 86.540863
v 116.076424 4.144750 86.540863
v 116.491005 -0.246066 86.540863
v 116.491005 4.144750 86.540863
v 116.076424 -0.246066 91.089478
v 116.076424 4.144750 91.089478
v 116.491005 -0.246066 91.089478
v 116.491005 4.144750 91.089478
vt 0.375000 0.000000
vt 0.625000 0.000000
vt 0.625000 0.250000
vt 0.375000 0.250000
vt 0.625000 0.500000
vt 0.375000 0.500000
vt 0.625000 0.750000
vt 0.375000 0.750000
vt 0.625000 1.000000
vt 0.375000 1.000000
vt 0.125000 0.500000
vt 0.125000 0.750000
vt 0.875000 0.500000
vt 0.875000 0.750000
vn 0.0000 0.0000 -1.0000
vn 1.0000 0.0000 0.0000
vn 0.0000 0.0000 1.0000
vn -1.0000 0.0000 0.0000
vn 0.0000 -1.0000 0.0000
vn 0.0000 1.0000 0.0000
usemtl hbmat_concrete
s off
f 3109/4653/1811 3110/4654/1811 3112/4655/1811 3111/4656/1811
f 3111/4656/1812 3112/4655/1812 3116/4657/1812 3115/4658/1812
f 3115/4658/1813 3116/4657/1813 3114/4659/1813 3113/4660/1813
f 3113/4660/1814 3114/4659/1814 3110/4661/1814 3109/4662/1814
f 3111/4663/1815 3115/4658/1815 3113/4660/1815 3109/4664/1815
f 3116/4657/1816 3112/4665/1816 3110/4666/1816 3114/4659/1816
o Cube.168_Cube.164
v 119.467781 -0.167892 82.138130
v 119.467781 4.222924 82.138130
v 119.882362 -0.167892 82.138130
v 119.882362 4.222924 82.138130
v 119.467781 -0.167892 86.686745
v 119.467781 4.222924 86.686745
v 119.882362 -0.167892 86.686745
v 119.882362 4.222924 86.686745
vt 0.375000 0.000000
vt 0.625000 0.000000
vt 0.625000 0.250000
vt 0.375000 0.250000
vt 0.625000 0.500000
vt 0.375000 0.500000
vt 0.625000 0.750000
vt 0.375000 0.750000
vt 0.625000 1.000000
vt 0.375000 1.000000
vt 0.125000 0.500000
vt 0.125000 0.750000
vt 0.875000 0.500000
vt 0.875000 0.750000
vn 0.0000 0.0000 -1.0000
vn 1.0000 0.0000 0.0000
vn 0.0000 0.0000 1.0000
vn -1.0000 0.0000 0.0000
vn 0.0000 -1.0000 0.0000
vn 0.0000 1.0000 0.0000
usemtl hbmat_concrete
s off
f 3117/4667/1817 3118/4668/1817 3120/4669/1817 3119/4670/1817
f 3119/4670/1818 3120/4669/1818 3124/4671/1818 3123/4672/1818
f 3123/4672/1819 3124/4671/1819 3122/4673/1819 3121/4674/1819
f 3121/4674/1820 3122/4673/1820 3118/4675/1820 3117/4676/1820
f 3119/4677/1821 3123/4672/1821 3121/4674/1821 3117/4678/1821
f 3124/4671/1822 3120/4679/1822 3118/4680/1822 3122/4673/1822
o Cube.169_Cube.165
v 122.693939 -0.136547 86.499382
v 122.693939 4.254270 86.499382
v 123.108521 -0.136547 86.499382
v 123.108521 4.254270 86.499382
v 122.693939 -0.136547 91.047997
v 122.693939 4.254270 91.047997
v 123.108521 -0.136547 91.047997
v 123.108521 4.254270 91.047997
vt 0.375000 0.000000
vt 0.625000 0.000000
vt 0.625000 0.250000
vt 0.375000 0.250000
vt 0.625000 0.500000
vt 0.375000 0.500000
vt 0.625000 0.750000
vt 0.375000 0.750000
vt 0.625000 1.000000
vt 0.375000 1.000000
vt 0.125000 0.500000
vt 0.125000 0.750000
vt 0.875000 0.500000
vt 0.875000 0.750000
vn 0.0000 0.0000 -1.0000
vn 1.0000 0.0000 0.0000
vn 0.0000 0.0000 1.0000
vn -1.0000 0.0000 0.0000
vn 0.0000 -1.0000 0.0000
vn 0.0000 1.0000 0.0000
usemtl hbmat_concrete
s off
f 3125/4681/1823 3126/4682/1823 3128/4683/1823 3127/4684/1823
f 3127/4684/1824 3128/4683/1824 3132/4685/1824 3131/4686/1824
f 3131/4686/1825 3132/4685/1825 3130/4687/1825 3129/4688/1825
f 3129/4688/1826 3130/4687/1826 3126/4689/1826 3125/4690/1826
f 3127/4691/1827 3131/4686/1827 3129/4688/1827 3125/4692/1827
f 3132/4685/1828 3128/4693/1828 3126/4694/1828 3130/4687/1828
o Cube.170_Cube.166
v 125.957130 -0.158796 82.204620
v 125.957130 4.232020 82.204620
v 126.371712 -0.158796 82.204620
v 126.371712 4.232020 82.204620
v 125.957130 -0.158796 86.753235
v 125.957130 4.232020 86.753235
v 126.371712 -0.158796 86.753235
v 126.371712 4.232020 86.753235
vt 0.375000 0.000000
vt 0.625000 0.000000
vt 0.625000 0.250000
vt 0.375000 0.250000
vt 0.625000 0.500000
vt 0.375000 0.500000
vt 0.625000 0.750000
vt 0.375000 0.750000
vt 0.625000 1.000000
vt 0.375000 1.000000
vt 0.125000 0.500000
vt 0.125000 0.750000
vt 0.875000 0.500000
vt 0.875000 0.750000
vn 0.0000 0.0000 -1.0000
vn 1.0000 0.0000 0.0000
vn 0.0000 0.0000 1.0000
vn -1.0000 0.0000 0.0000
vn 0.0000 -1.0000 0.0000
vn 0.0000 1.0000 0.0000
usemtl hbmat_concrete
s off
f 3133/4695/1829 3134/4696/1829 3136/4697/1829 3135/4698/1829
f 3135/4698/1830 3136/4697/1830 3140/4699/1830 3139/4700/1830
f 3139/4700/1831 3140/4699/1831 3138/4701/1831 3137/4702/1831
f 3137/4702/1832 3138/4701/1832 3134/4703/1832 3133/4704/1832
f 3135/4705/1833 3139/4700/1833 3137/4702/1833 3133/4706/1833
f 3140/4699/1834 3136/4707/1834 3134/4708/1834 3138/4701/1834
o Cube.171_Cube.167
v 131.074478 -0.158522 68.575714
v 131.074478 4.232294 68.575714
v 131.074478 -0.158522 68.161133
v 131.074478 4.232294 68.161133
v 135.623093 -0.158522 68.575714
v 135.623093 4.232294 68.575714
v 135.623093 -0.158522 68.161133
v 135.623093 4.232294 68.161133
vt 0.375000 0.000000
vt 0.625000 0.000000
vt 0.625000 0.250000
vt 0.375000 0.250000
vt 0.625000 0.500000
vt 0.375000 0.500000
vt 0.625000 0.750000
vt 0.375000 0.750000
vt 0.625000 1.000000
vt 0.375000 1.000000
vt 0.125000 0.500000
vt 0.125000 0.750000
vt 0.875000 0.500000
vt 0.875000 0.750000
vn -1.0000 0.0000 0.0000
vn 0.0000 0.0000 -1.0000
vn 1.0000 0.0000 0.0000
vn 0.0000 0.0000 1.0000
vn 0.0000 -1.0000 0.0000
vn 0.0000 1.0000 0.0000
usemtl hbmat_concrete
s off
f 3141/4709/1835 3142/4710/1835 3144/4711/1835 3143/4712/1835
f 3143/4712/1836 3144/4711/1836 3148/4713/1836 3147/4714/1836
f 3147/4714/1837 3148/4713/1837 3146/4715/1837 3145/4716/1837
f 3145/4716/1838 3146/4715/1838 3142/4717/1838 3141/4718/1838
f 3143/4719/1839 3147/4714/1839 3145/4716/1839 3141/4720/1839
f 3148/4713/1840 3144/4721/1840 3142/4722/1840 3146/4715/1840
o Cube.172_Cube.168
v 109.234779 -0.043994 83.362160
v 109.234779 4.346822 83.362160
v 109.234779 -0.043994 82.947578
v 109.234779 4.346822 82.947578
v 134.063766 -0.043994 83.362160
v 134.063766 4.346822 83.362160
v 134.063766 -0.043994 82.947578
v 134.063766 4.346822 82.947578
vt 0.375000 0.000000
vt 0.625000 0.000000
vt 0.625000 0.250000
vt 0.375000 0.250000
vt 0.625000 0.500000
vt 0.375000 0.500000
vt 0.625000 0.750000
vt 0.375000 0.750000
vt 0.625000 1.000000
vt 0.375000 1.000000
vt 0.125000 0.500000
vt 0.125000 0.750000
vt 0.875000 0.500000
vt 0.875000 0.750000
vn -1.0000 0.0000 0.0000
vn 0.0000 0.0000 -1.0000
vn 1.0000 0.0000 0.0000
vn 0.0000 0.0000 1.0000
vn 0.0000 -1.0000 0.0000
vn 0.0000 1.0000 0.0000
usemtl hbmat_concrete
s off
f 3149/4723/1841 3150/4724/1841 3152/4725/1841 3151/4726/1841
f 3151/4726/1842 3152/4725/1842 3156/4727/1842 3155/4728/1842
f 3155/4728/1843 3156/4727/1843 3154/4729/1843 3153/4730/1843
f 3153/4730/1844 3154/4729/1844 3150/4731/1844 3149/4732/1844
f 3151/4733/1845 3155/4728/1845 3153/4730/1845 3149/4734/1845
f 3156/4727/1846 3152/4735/1846 3150/4736/1846 3154/4729/1846
o Cube.173_Cube.169
v 131.155411 -0.259131 80.173065
v 131.155411 4.131685 80.173065
v 131.155411 -0.259131 79.758484
v 131.155411 4.131685 79.758484
v 135.704025 -0.259131 80.173065
v 135.704025 4.131685 80.173065
v 135.704025 -0.259131 79.758484
v 135.704025 4.131685 79.758484
vt 0.375000 0.000000
vt 0.625000 0.000000
vt 0.625000 0.250000
vt 0.375000 0.250000
vt 0.625000 0.500000
vt 0.375000 0.500000
vt 0.625000 0.750000
vt 0.375000 0.750000
vt 0.625000 1.000000
vt 0.375000 1.000000
vt 0.125000 0.500000
vt 0.125000 0.750000
vt 0.875000 0.500000
vt 0.875000 0.750000
vn -1.0000 0.0000 0.0000
vn 0.0000 0.0000 -1.0000
vn 1.0000 0.0000 0.0000
vn 0.0000 0.0000 1.0000
vn 0.0000 -1.0000 0.0000
vn 0.0000 1.0000 0.0000
usemtl hbmat_concrete
s off
f 3157/4737/1847 3158/4738/1847 3160/4739/1847 3159/4740/1847
f 3159/4740/1848 3160/4739/1848 3164/4741/1848 3163/4742/1848
f 3163/4742/1849 3164/4741/1849 3162/4743/1849 3161/4744/1849
f 3161/4744/1850 3162/4743/1850 3158/4745/1850 3157/4746/1850
f 3159/4747/1851 3163/4742/1851 3161/4744/1851 3157/4748/1851
f 3164/4741/1852 3160/4749/1852 3158/4750/1852 3162/4743/1852
o Cube.174_Cube.170
v 135.122940 -0.189976 77.425140
v 135.122940 4.200840 77.425140
v 135.122940 -0.189976 77.010559
v 135.122940 4.200840 77.010559
v 139.671555 -0.189976 77.425140
v 139.671555 4.200840 77.425140
v 139.671555 -0.189976 77.010559
v 139.671555 4.200840 77.010559
vt 0.375000 0.000000
vt 0.625000 0.000000
vt 0.625000 0.250000
vt 0.375000 0.250000
vt 0.625000 0.500000
vt 0.375000 0.500000
vt 0.625000 0.750000
vt 0.375000 0.750000
vt 0.625000 1.000000
vt 0.375000 1.000000
vt 0.125000 0.500000
vt 0.125000 0.750000
vt 0.875000 0.500000
vt 0.875000 0.750000
vn -1.0000 0.0000 0.0000
vn 0.0000 0.0000 -1.0000
vn 1.0000 0.0000 0.0000
vn 0.0000 0.0000 1.0000
vn 0.0000 -1.0000 0.0000
vn 0.0000 1.0000 0.0000
usemtl hbmat_concrete
s off
f 3165/4751/1853 3166/4752/1853 3168/4753/1853 3167/4754/1853
f 3167/4754/1854 3168/4753/1854 3172/4755/1854 3171/4756/1854
f 3171/4756/1855 3172/4755/1855 3170/4757/1855 3169/4758/1855
f 3169/4758/1856 3170/4757/1856 3166/4759/1856 3165/4760/1856
f 3167/4761/1857 3171/4756/1857 3169/4758/1857 3165/4762/1857
f 3172/4755/1858 3168/4763/1858 3166/4764/1858 3170/4757/1858
o Cube.175_Cube.171
v 131.087723 -0.133550 74.265656
v 131.087723 4.257267 74.265656
v 131.087723 -0.133550 73.851074
v 131.087723 4.257267 73.851074
v 135.636337 -0.133550 74.265656
v 135.636337 4.257267 74.265656
v 135.636337 -0.133550 73.851074
v 135.636337 4.257267 73.851074
vt 0.375000 0.000000
vt 0.625000 0.000000
vt 0.625000 0.250000
vt 0.375000 0.250000
vt 0.625000 0.500000
vt 0.375000 0.500000
vt 0.625000 0.750000
vt 0.375000 0.750000
vt 0.625000 1.000000
vt 0.375000 1.000000
vt 0.125000 0.500000
vt 0.125000 0.750000
vt 0.875000 0.500000
vt 0.875000 0.750000
vn -1.0000 0.0000 0.0000
vn 0.0000 0.0000 -1.0000
vn 1.0000 0.0000 0.0000
vn 0.0000 0.0000 1.0000
vn 0.0000 -1.0000 0.0000
vn 0.0000 1.0000 0.0000
usemtl hbmat_concrete
s off
f 3173/4765/1859 3174/4766/1859 3176/4767/1859 3175/4768/1859
f 3175/4768/1860 3176/4767/1860 3180/4769/1860 3179/4770/1860
f 3179/4770/1861 3180/4769/1861 3178/4771/1861 3177/4772/1861
f 3177/4772/1862 3178/4771/1862 3174/4773/1862 3173/4774/1862
f 3175/4775/1863 3179/4770/1863 3177/4772/1863 3173/4776/1863
f 3180/4769/1864 3176/4777/1864 3174/4778/1864 3178/4771/1864
o Cube.176_Cube.172
v 135.086975 -0.199844 71.477730
v 135.086975 4.190972 71.477730
v 135.086975 -0.199844 71.063148
v 135.086975 4.190972 71.063148
v 139.635590 -0.199844 71.477730
v 139.635590 4.190972 71.477730
v 139.635590 -0.199844 71.063148
v 139.635590 4.190972 71.063148
vt 0.375000 0.000000
vt 0.625000 0.000000
vt 0.625000 0.250000
vt 0.375000 0.250000
vt 0.625000 0.500000
vt 0.375000 0.500000
vt 0.625000 0.750000
vt 0.375000 0.750000
vt 0.625000 1.000000
vt 0.375000 1.000000
vt 0.125000 0.500000
vt 0.125000 0.750000
vt 0.875000 0.500000
vt 0.875000 0.750000
vn -1.0000 0.0000 0.0000
vn 0.0000 0.0000 -1.0000
vn 1.0000 0.0000 0.0000
vn 0.0000 0.0000 1.0000
vn 0.0000 -1.0000 0.0000
vn 0.0000 1.0000 0.0000
usemtl hbmat_concrete
s off
f 3181/4779/1865 3182/4780/1865 3184/4781/1865 3183/4782/1865
f 3183/4782/1866 3184/4781/1866 3188/4783/1866 3187/4784/1866
f 3187/4784/1867 3188/4783/1867 3186/4785/1867 3185/4786/1867
f 3185/4786/1868 3186/4785/1868 3182/4787/1868 3181/4788/1868
f 3183/4789/1869 3187/4784/1869 3185/4786/1869 3181/4790/1869
f 3188/4783/1870 3184/4791/1870 3182/4792/1870 3186/4785/1870
o Cube.177_Cube.173
v 129.138489 -0.175243 86.556023
v 129.138489 4.215573 86.556023
v 129.553070 -0.175243 86.556023
v 129.553070 4.215573 86.556023
v 129.138489 -0.175243 91.104637
v 129.138489 4.215573 91.104637
v 129.553070 -0.175243 91.104637
v 129.553070 4.215573 91.104637
vt 0.375000 0.000000
vt 0.625000 0.000000
vt 0.625000 0.250000
vt 0.375000 0.250000
vt 0.625000 0.500000
vt 0.375000 0.500000
vt 0.625000 0.750000
vt 0.375000 0.750000
vt 0.625000 1.000000
vt 0.375000 1.000000
vt 0.125000 0.500000
vt 0.125000 0.750000
vt 0.875000 0.500000
vt 0.875000 0.750000
vn 0.0000 0.0000 -1.0000
vn 1.0000 0.0000 0.0000
vn 0.0000 0.0000 1.0000
vn -1.0000 0.0000 0.0000
vn 0.0000 -1.0000 0.0000
vn 0.0000 1.0000 0.0000
usemtl hbmat_concrete
s off
f 3189/4793/1871 3190/4794/1871 3192/4795/1871 3191/4796/1871
f 3191/4796/1872 3192/4795/1872 3196/4797/1872 3195/4798/1872
f 3195/4798/1873 3196/4797/1873 3194/4799/1873 3193/4800/1873
f 3193/4800/1874 3194/4799/1874 3190/4801/1874 3189/4802/1874
f 3191/4803/1875 3195/4798/1875 3193/4800/1875 3189/4804/1875
f 3196/4797/1876 3192/4805/1876 3190/4806/1876 3194/4799/1876
o Cube.178_Cube.174
v 135.123993 -0.194926 65.814003
v 135.123993 4.195890 65.814003
v 135.123993 -0.194926 65.399422
v 135.123993 4.195890 65.399422
v 139.672607 -0.194926 65.814003
v 139.672607 4.195890 65.814003
v 139.672607 -0.194926 65.399422
v 139.672607 4.195890 65.399422
vt 0.375000 0.000000
vt 0.625000 0.000000
vt 0.625000 0.250000
vt 0.375000 0.250000
vt 0.625000 0.500000
vt 0.375000 0.500000
vt 0.625000 0.750000
vt 0.375000 0.750000
vt 0.625000 1.000000
vt 0.375000 1.000000
vt 0.125000 0.500000
vt 0.125000 0.750000
vt 0.875000 0.500000
vt 0.875000 0.750000
vn -1.0000 0.0000 0.0000
vn 0.0000 0.0000 -1.0000
vn 1.0000 0.0000 0.0000
vn 0.0000 0.0000 1.0000
vn 0.0000 -1.0000 0.0000
vn 0.0000 1.0000 0.0000
usemtl hbmat_concrete
s off
f 3197/4807/1877 3198/4808/1877 3200/4809/1877 3199/4810/1877
f 3199/4810/1878 3200/4809/1878 3204/4811/1878 3203/4812/1878
f 3203/4812/1879 3204/4811/1879 3202/4813/1879 3201/4814/1879
f 3201/4814/1880 3202/4813/1880 3198/4815/1880 3197/4816/1880
f 3199/4817/1881 3203/4812/1881 3201/4814/1881 3197/4818/1881
f 3204/4811/1882 3200/4819/1882 3198/4820/1882 3202/4813/1882
o Cube.179_Cube.175
v 108.216393 -0.324184 89.501213
v 108.216393 -0.324184 89.897972
v 108.216393 4.967990 89.501213
v 108.216393 4.967990 89.897972
v 138.974838 -0.324184 89.501213
v 138.974838 -0.324184 89.897972
v 138.974838 4.967990 89.501213
v 138.974838 4.967990 89.897972
vt 0.375000 0.000000
vt 0.625000 0.000000
vt 0.625000 0.250000
vt 0.375000 0.250000
vt 0.625000 0.500000
vt 0.375000 0.500000
vt 0.625000 0.750000
vt 0.375000 0.750000
vt 0.625000 1.000000
vt 0.375000 1.000000
vt 0.125000 0.500000
vt 0.125000 0.750000
vt 0.875000 0.500000
vt 0.875000 0.750000
vn -1.0000 0.0000 0.0000
vn 0.0000 1.0000 0.0000
vn 1.0000 0.0000 0.0000
vn 0.0000 -1.0000 0.0000
vn 0.0000 0.0000 -1.0000
vn 0.0000 0.0000 1.0000
usemtl hbmat_concrete
s off
f 3205/4821/1883 3206/4822/1883 3208/4823/1883 3207/4824/1883
f 3207/4824/1884 3208/4823/1884 3212/4825/1884 3211/4826/1884
f 3211/4826/1885 3212/4825/1885 3210/4827/1885 3209/4828/1885
f 3209/4828/1886 3210/4827/1886 3206/4829/1886 3205/4830/1886
f 3207/4831/1887 3211/4826/1887 3209/4828/1887 3205/4832/1887
f 3212/4825/1888 3208/4833/1888 3206/4834/1888 3210/4827/1888
o Cube.180_Cube.176
v 132.114212 -0.273436 63.344643
v 132.114212 0.123325 63.344643
v 138.604691 -0.273436 63.344643
v 138.604691 0.123325 63.344643
v 132.114212 -0.273436 90.296181
v 132.114212 0.123325 90.296181
v 138.604691 -0.273436 90.296181
v 138.604691 0.123325 90.296181
vt 0.375000 0.000000
vt 0.625000 0.000000
vt 0.625000 0.250000
vt 0.375000 0.250000
vt 0.625000 0.500000
vt 0.375000 0.500000
vt 0.625000 0.750000
vt 0.375000 0.750000
vt 0.625000 1.000000
vt 0.375000 1.000000
vt 0.125000 0.500000
vt 0.125000 0.750000
vt 0.875000 0.500000
vt 0.875000 0.750000
vn 0.0000 0.0000 -1.0000
vn 1.0000 0.0000 0.0000
vn 0.0000 0.0000 1.0000
vn -1.0000 0.0000 0.0000
vn 0.0000 -1.0000 0.0000
vn 0.0000 1.0000 0.0000
usemtl hbmat_concrete
s off
f 3213/4835/1889 3214/4836/1889 3216/4837/1889 3215/4838/1889
f 3215/4838/1890 3216/4837/1890 3220/4839/1890 3219/4840/1890
f 3219/4840/1891 3220/4839/1891 3218/4841/1891 3217/4842/1891
f 3217/4842/1892 3218/4841/1892 3214/4843/1892 3213/4844/1892
f 3215/4845/1893 3219/4840/1893 3217/4842/1893 3213/4846/1893
f 3220/4839/1894 3216/4847/1894 3214/4848/1894 3218/4841/1894
o Cube.164_Cube.158
v 136.657089 -0.148584 62.755466
v 136.657089 0.150059 62.755466
v 134.944717 -0.148584 62.755466
v 134.944717 0.150059 62.755466
v 136.657089 -0.148584 57.411983
v 136.657089 0.150059 57.411983
v 134.944717 -0.148584 57.411983
v 134.944717 0.150059 57.411983
vt 0.375000 0.000000
vt 0.625000 0.000000
vt 0.625000 0.250000
vt 0.375000 0.250000
vt 0.625000 0.500000
vt 0.375000 0.500000
vt 0.625000 0.750000
vt 0.375000 0.750000
vt 0.625000 1.000000
vt 0.375000 1.000000
vt 0.125000 0.500000
vt 0.125000 0.750000
vt 0.875000 0.500000
vt 0.875000 0.750000
vn 0.0000 0.0000 1.0000
vn -1.0000 0.0000 0.0000
vn 0.0000 0.0000 -1.0000
vn 1.0000 0.0000 0.0000
vn 0.0000 -1.0000 0.0000
vn 0.0000 1.0000 0.0000
usemtl hbmat_wood
s off
f 3221/4849/1895 3222/4850/1895 3224/4851/1895 3223/4852/1895
f 3223/4852/1896 3224/4851/1896 3228/4853/1896 3227/4854/1896
f 3227/4854/1897 3228/4853/1897 3226/4855/1897 3225/4856/1897
f 3225/4856/1898 3226/4855/1898 3222/4857/1898 3221/4858/1898
f 3223/4859/1899 3227/4854/1899 3225/4856/1899 3221/4860/1899
f 3228/4853/1900 3224/4861/1900 3222/4862/1900 3226/4855/1900
o Cube.184_Cube.180
v 43.547356 -0.662216 87.056213
v 43.547356 -0.080060 87.056213
v 43.547356 -0.662216 86.474060
v 43.547356 -0.080060 86.474060
v 70.598663 -0.662216 87.056213
v 70.598663 -0.080060 87.056213
v 70.598663 -0.662216 86.474060
v 70.598663 -0.080060 86.474060
vt 0.375000 0.000000
vt 0.625000 0.000000
vt 0.625000 0.250000
vt 0.375000 0.250000
vt 0.625000 0.500000
vt 0.375000 0.500000
vt 0.625000 0.750000
vt 0.375000 0.750000
vt 0.625000 1.000000
vt 0.375000 1.000000
vt 0.125000 0.500000
vt 0.125000 0.750000
vt 0.875000 0.500000
vt 0.875000 0.750000
vn -1.0000 0.0000 0.0000
vn 0.0000 0.0000 -1.0000
vn 1.0000 0.0000 0.0000
vn 0.0000 0.0000 1.0000
vn 0.0000 -1.0000 0.0000
vn 0.0000 1.0000 0.0000
usemtl hbmat_concrete
s off
f 3229/4863/1901 3230/4864/1901 3232/4865/1901 3231/4866/1901
f 3231/4866/1902 3232/4865/1902 3236/4867/1902 3235/4868/1902
f 3235/4868/1903 3236/4867/1903 3234/4869/1903 3233/4870/1903
f 3233/4870/1904 3234/4869/1904 3230/4871/1904 3229/4872/1904
f 3231/4873/1905 3235/4868/1905 3233/4870/1905 3229/4874/1905
f 3236/4867/1906 3232/4875/1906 3230/4876/1906 3234/4869/1906
o Cube.185_Cube.181
v 101.405960 -0.043994 85.638016
v 101.405960 4.346822 85.638016
v 101.820541 -0.043994 85.638016
v 101.820541 4.346822 85.638016
v 101.405960 -0.043994 87.911957
v 101.405960 4.346822 87.911957
v 101.820541 -0.043994 87.911957
v 101.820541 4.346822 87.911957
vt 0.375000 0.000000
vt 0.625000 0.000000
vt 0.625000 0.250000
vt 0.375000 0.250000
vt 0.625000 0.500000
vt 0.375000 0.500000
vt 0.625000 0.750000
vt 0.375000 0.750000
vt 0.625000 1.000000
vt 0.375000 1.000000
vt 0.125000 0.500000
vt 0.125000 0.750000
vt 0.875000 0.500000
vt 0.875000 0.750000
vn 0.0000 0.0000 -1.0000
vn 1.0000 0.0000 0.0000
vn 0.0000 0.0000 1.0000
vn -1.0000 0.0000 0.0000
vn 0.0000 -1.0000 0.0000
vn 0.0000 1.0000 0.0000
usemtl hbmat_wire
s off
f 3237/4877/1907 3238/4878/1907 3240/4879/1907 3239/4880/1907
f 3239/4880/1908 3240/4879/1908 3244/4881/1908 3243/4882/1908
f 3243/4882/1909 3244/4881/1909 3242/4883/1909 3241/4884/1909
f 3241/4884/1910 3242/4883/1910 3238/4885/1910 3237/4886/1910
f 3239/4887/1911 3243/4882/1911 3241/4884/1911 3237/4888/1911
f 3244/4881/1912 3240/4889/1912 3238/4890/1912 3242/4883/1912
o Cube.186_Cube.182
v 94.020599 -0.043994 88.349968
v 94.020599 4.346822 88.349968
v 94.435181 -0.043994 88.349968
v 94.435181 4.346822 88.349968
v 94.020599 -0.043994 90.623909
v 94.020599 4.346822 90.623909
v 94.435181 -0.043994 90.623909
v 94.435181 4.346822 90.623909
vt 0.375000 0.000000
vt 0.625000 0.000000
vt 0.625000 0.250000
vt 0.375000 0.250000
vt 0.625000 0.500000
vt 0.375000 0.500000
vt 0.625000 0.750000
vt 0.375000 0.750000
vt 0.625000 1.000000
vt 0.375000 1.000000
vt 0.125000 0.500000
vt 0.125000 0.750000
vt 0.875000 0.500000
vt 0.875000 0.750000
vn 0.0000 0.0000 -1.0000
vn 1.0000 0.0000 0.0000
vn 0.0000 0.0000 1.0000
vn -1.0000 0.0000 0.0000
vn 0.0000 -1.0000 0.0000
vn 0.0000 1.0000 0.0000
usemtl hbmat_wire
s off
f 3245/4891/1913 3246/4892/1913 3248/4893/1913 3247/4894/1913
f 3247/4894/1914 3248/4893/1914 3252/4895/1914 3251/4896/1914
f 3251/4896/1915 3252/4895/1915 3250/4897/1915 3249/4898/1915
f 3249/4898/1916 3250/4897/1916 3246/4899/1916 3245/4900/1916
f 3247/4901/1917 3251/4896/1917 3249/4898/1917 3245/4902/1917
f 3252/4895/1918 3248/4903/1918 3246/4904/1918 3250/4897/1918
o Cube.187_Cube.183
v 86.077339 -0.043994 82.985756
v 86.077339 4.346822 82.985756
v 86.491920 -0.043994 82.985756
v 86.491920 4.346822 82.985756
v 86.077339 -0.043994 85.259697
v 86.077339 4.346822 85.259697
v 86.491920 -0.043994 85.259697
v 86.491920 4.346822 85.259697
vt 0.375000 0.000000
vt 0.625000 0.000000
vt 0.625000 0.250000
vt 0.375000 0.250000
vt 0.625000 0.500000
vt 0.375000 0.500000
vt 0.625000 0.750000
vt 0.375000 0.750000
vt 0.625000 1.000000
vt 0.375000 1.000000
vt 0.125000 0.500000
vt 0.125000 0.750000
vt 0.875000 0.500000
vt 0.875000 0.750000
vn 0.0000 0.0000 -1.0000
vn 1.0000 0.0000 0.0000
vn 0.0000 0.0000 1.0000
vn -1.0000 0.0000 0.0000
vn 0.0000 -1.0000 0.0000
vn 0.0000 1.0000 0.0000
usemtl hbmat_wire
s off
f 3253/4905/1919 3254/4906/1919 3256/4907/1919 3255/4908/1919
f 3255/4908/1920 3256/4907/1920 3260/4909/1920 3259/4910/1920
f 3259/4910/1921 3260/4909/1921 3258/4911/1921 3257/4912/1921
f 3257/4912/1922 3258/4911/1922 3254/4913/1922 3253/4914/1922
f 3255/4915/1923 3259/4910/1923 3257/4912/1923 3253/4916/1923
f 3260/4909/1924 3256/4917/1924 3254/4918/1924 3258/4911/1924
o Cube.188_Cube.184
v 42.090492 0.198636 87.940514
v 42.090492 0.310238 87.940514
v 42.090492 0.198636 85.878563
v 42.090492 0.310238 85.878563
v 44.098457 0.198636 87.940514
v 44.098457 0.310238 87.940514
v 44.098457 0.198636 85.878563
v 44.098457 0.310238 85.878563
vt 0.375000 0.000000
vt 0.625000 0.000000
vt 0.625000 0.250000
vt 0.375000 0.250000
vt 0.625000 0.500000
vt 0.375000 0.500000
vt 0.625000 0.750000
vt 0.375000 0.750000
vt 0.625000 1.000000
vt 0.375000 1.000000
vt 0.125000 0.500000
vt 0.125000 0.750000
vt 0.875000 0.500000
vt 0.875000 0.750000
vn -1.0000 0.0000 0.0000
vn 0.0000 0.0000 -1.0000
vn 1.0000 0.0000 0.0000
vn 0.0000 0.0000 1.0000
vn 0.0000 -1.0000 0.0000
vn 0.0000 1.0000 0.0000
usemtl hbmat_wood
s off
f 3261/4919/1925 3262/4920/1925 3264/4921/1925 3263/4922/1925
f 3263/4922/1926 3264/4921/1926 3268/4923/1926 3267/4924/1926
f 3267/4924/1927 3268/4923/1927 3266/4925/1927 3265/4926/1927
f 3265/4926/1928 3266/4925/1928 3262/4927/1928 3261/4928/1928
f 3263/4929/1929 3267/4924/1929 3265/4926/1929 3261/4930/1929
f 3268/4923/1930 3264/4931/1930 3262/4932/1930 3266/4925/1930
o Cube.189_Cube.185
v 40.152473 3.387449 90.005203
v 40.152473 3.499051 90.005203
v 40.152473 3.387449 87.943253
v 40.152473 3.499051 87.943253
v 42.160439 3.387449 90.005203
v 42.160439 3.499051 90.005203
v 42.160439 3.387449 87.943253
v 42.160439 3.499051 87.943253
vt 0.375000 0.000000
vt 0.625000 0.000000
vt 0.625000 0.250000
vt 0.375000 0.250000
vt 0.625000 0.500000
vt 0.375000 0.500000
vt 0.625000 0.750000
vt 0.375000 0.750000
vt 0.625000 1.000000
vt 0.375000 1.000000
vt 0.125000 0.500000
vt 0.125000 0.750000
vt 0.875000 0.500000
vt 0.875000 0.750000
vn -1.0000 0.0000 0.0000
vn 0.0000 0.0000 -1.0000
vn 1.0000 0.0000 0.0000
vn 0.0000 0.0000 1.0000
vn 0.0000 -1.0000 0.0000
vn 0.0000 1.0000 0.0000
usemtl hbmat_wood
s off
f 3269/4933/1931 3270/4934/1931 3272/4935/1931 3271/4936/1931
f 3271/4936/1932 3272/4935/1932 3276/4937/1932 3275/4938/1932
f 3275/4938/1933 3276/4937/1933 3274/4939/1933 3273/4940/1933
f 3273/4940/1934 3274/4939/1934 3270/4941/1934 3269/4942/1934
f 3271/4943/1935 3275/4938/1935 3273/4940/1935 3269/4944/1935
f 3276/4937/1936 3272/4945/1936 3270/4946/1936 3274/4939/1936
o Cube.190_Cube.186
v 38.182789 4.062330 87.984848
v 38.182789 4.173932 87.984848
v 38.182789 4.062330 85.922897
v 38.182789 4.173932 85.922897
v 40.190754 4.062330 87.984848
v 40.190754 4.173932 87.984848
v 40.190754 4.062330 85.922897
v 40.190754 4.173932 85.922897
vt 0.375000 0.000000
vt 0.625000 0.000000
vt 0.625000 0.250000
vt 0.375000 0.250000
vt 0.625000 0.500000
vt 0.375000 0.500000
vt 0.625000 0.750000
vt 0.375000 0.750000
vt 0.625000 1.000000
vt 0.375000 1.000000
vt 0.125000 0.500000
vt 0.125000 0.750000
vt 0.875000 0.500000
vt 0.875000 0.750000
vn -1.0000 0.0000 0.0000
vn 0.0000 0.0000 -1.0000
vn 1.0000 0.0000 0.0000
vn 0.0000 0.0000 1.0000
vn 0.0000 -1.0000 0.0000
vn 0.0000 1.0000 0.0000
usemtl hbmat_wood
s off
f 3277/4947/1937 3278/4948/1937 3280/4949/1937 3279/4950/1937
f 3279/4950/1938 3280/4949/1938 3284/4951/1938 3283/4952/1938
f 3283/4952/1939 3284/4951/1939 3282/4953/1939 3281/4954/1939
f 3281/4954/1940 3282/4953/1940 3278/4955/1940 3277/4956/1940
f 3279/4957/1941 3283/4952/1941 3281/4954/1941 3277/4958/1941
f 3284/4951/1942 3280/4959/1942 3278/4960/1942 3282/4953/1942
o Cube.191_Cube.187
v 40.127140 2.104144 85.964493
v 40.127140 2.215746 85.964493
v 40.127140 2.104144 83.902542
v 40.127140 2.215746 83.902542
v 42.135105 2.104144 85.964493
v 42.135105 2.215746 85.964493
v 42.135105 2.104144 83.902542
v 42.135105 2.215746 83.902542
vt 0.375000 0.000000
vt 0.625000 0.000000
vt 0.625000 0.250000
vt 0.375000 0.250000
vt 0.625000 0.500000
vt 0.375000 0.500000
vt 0.625000 0.750000
vt 0.375000 0.750000
vt 0.625000 1.000000
vt 0.375000 1.000000
vt 0.125000 0.500000
vt 0.125000 0.750000
vt 0.875000 0.500000
vt 0.875000 0.750000
vn -1.0000 0.0000 0.0000
vn 0.0000 0.0000 -1.0000
vn 1.0000 0.0000 0.0000
vn 0.0000 0.0000 1.0000
vn 0.0000 -1.0000 0.0000
vn 0.0000 1.0000 0.0000
usemtl hbmat_wood
s off
f 3285/4961/1943 3286/4962/1943 3288/4963/1943 3287/4964/1943
f 3287/4964/1944 3288/4963/1944 3292/4965/1944 3291/4966/1944
f 3291/4966/1945 3292/4965/1945 3290/4967/1945 3289/4968/1945
f 3289/4968/1946 3290/4967/1946 3286/4969/1946 3285/4970/1946
f 3287/4971/1947 3291/4966/1947 3289/4968/1947 3285/4972/1947
f 3292/4965/1948 3288/4973/1948 3286/4974/1948 3290/4967/1948
o Cube.192_Cube.188
v 42.090492 2.738994 87.940514
v 42.090492 2.850596 87.940514
v 42.090492 2.738994 85.878563
v 42.090492 2.850596 85.878563
v 44.098457 2.738994 87.940514
v 44.098457 2.850596 87.940514
v 44.098457 2.738994 85.878563
v 44.098457 2.850596 85.878563
vt 0.375000 0.000000
vt 0.625000 0.000000
vt 0.625000 0.250000
vt 0.375000 0.250000
vt 0.625000 0.500000
vt 0.375000 0.500000
vt 0.625000 0.750000
vt 0.375000 0.750000
vt 0.625000 1.000000
vt 0.375000 1.000000
vt 0.125000 0.500000
vt 0.125000 0.750000
vt 0.875000 0.500000
vt 0.875000 0.750000
vn -1.0000 0.0000 0.0000
vn 0.0000 0.0000 -1.0000
vn 1.0000 0.0000 0.0000
vn 0.0000 0.0000 1.0000
vn 0.0000 -1.0000 0.0000
vn 0.0000 1.0000 0.0000
usemtl hbmat_wood
s off
f 3293/4975/1949 3294/4976/1949 3296/4977/1949 3295/4978/1949
f 3295/4978/1950 3296/4977/1950 3300/4979/1950 3299/4980/1950
f 3299/4980/1951 3300/4979/1951 3298/4981/1951 3297/4982/1951
f 3297/4982/1952 3298/4981/1952 3294/4983/1952 3293/4984/1952
f 3295/4985/1953 3299/4980/1953 3297/4982/1953 3293/4986/1953
f 3300/4979/1954 3296/4987/1954 3294/4988/1954 3298/4981/1954
o Cube.193_Cube.189
v 42.090492 5.332558 87.940514
v 42.090492 5.444160 87.940514
v 42.090492 5.332558 85.878563
v 42.090492 5.444160 85.878563
v 44.098457 5.332558 87.940514
v 44.098457 5.444160 87.940514
v 44.098457 5.332558 85.878563
v 44.098457 5.444160 85.878563
vt 0.375000 0.000000
vt 0.625000 0.000000
vt 0.625000 0.250000
vt 0.375000 0.250000
vt 0.625000 0.500000
vt 0.375000 0.500000
vt 0.625000 0.750000
vt 0.375000 0.750000
vt 0.625000 1.000000
vt 0.375000 1.000000
vt 0.125000 0.500000
vt 0.125000 0.750000
vt 0.875000 0.500000
vt 0.875000 0.750000
vn -1.0000 0.0000 0.0000
vn 0.0000 0.0000 -1.0000
vn 1.0000 0.0000 0.0000
vn 0.0000 0.0000 1.0000
vn 0.0000 -1.0000 0.0000
vn 0.0000 1.0000 0.0000
usemtl hbmat_wood
s off
f 3301/4989/1955 3302/4990/1955 3304/4991/1955 3303/4992/1955
f 3303/4992/1956 3304/4991/1956 3308/4993/1956 3307/4994/1956
f 3307/4994/1957 3308/4993/1957 3306/4995/1957 3305/4996/1957
f 3305/4996/1958 3306/4995/1958 3302/4997/1958 3301/4998/1958
f 3303/4999/1959 3307/4994/1959 3305/4996/1959 3301/5000/1959
f 3308/4993/1960 3304/5001/1960 3302/5002/1960 3306/4995/1960
o Cube.194_Cube.190
v 42.090492 7.842535 87.940514
v 42.090492 7.954136 87.940514
v 42.090492 7.842535 85.878563
v 42.090492 7.954136 85.878563
v 44.098457 7.842535 87.940514
v 44.098457 7.954136 87.940514
v 44.098457 7.842535 85.878563
v 44.098457 7.954136 85.878563
vt 0.375000 0.000000
vt 0.625000 0.000000
vt 0.625000 0.250000
vt 0.375000 0.250000
vt 0.625000 0.500000
vt 0.375000 0.500000
vt 0.625000 0.750000
vt 0.375000 0.750000
vt 0.625000 1.000000
vt 0.375000 1.000000
vt 0.125000 0.500000
vt 0.125000 0.750000
vt 0.875000 0.500000
vt 0.875000 0.750000
vn -1.0000 0.0000 0.0000
vn 0.0000 0.0000 -1.0000
vn 1.0000 0.0000 0.0000
vn 0.0000 0.0000 1.0000
vn 0.0000 -1.0000 0.0000
vn 0.0000 1.0000 0.0000
usemtl hbmat_wood
s off
f 3309/5003/1961 3310/5004/1961 3312/5005/1961 3311/5006/1961
f 3311/5006/1962 3312/5005/1962 3316/5007/1962 3315/5008/1962
f 3315/5008/1963 3316/5007/1963 3314/5009/1963 3313/5010/1963
f 3313/5010/1964 3314/5009/1964 3310/5011/1964 3309/5012/1964
f 3311/5013/1965 3315/5008/1965 3313/5010/1965 3309/5014/1965
f 3316/5007/1966 3312/5015/1966 3310/5016/1966 3314/5009/1966
o Cube.195_Cube.191
v 42.090492 10.394395 87.940514
v 42.090492 10.505996 87.940514
v 42.090492 10.394395 85.878563
v 42.090492 10.505996 85.878563
v 44.098457 10.394395 87.940514
v 44.098457 10.505996 87.940514
v 44.098457 10.394395 85.878563
v 44.098457 10.505996 85.878563
vt 0.375000 0.000000
vt 0.625000 0.000000
vt 0.625000 0.250000
vt 0.375000 0.250000
vt 0.625000 0.500000
vt 0.375000 0.500000
vt 0.625000 0.750000
vt 0.375000 0.750000
vt 0.625000 1.000000
vt 0.375000 1.000000
vt 0.125000 0.500000
vt 0.125000 0.750000
vt 0.875000 0.500000
vt 0.875000 0.750000
vn -1.0000 0.0000 0.0000
vn 0.0000 0.0000 -1.0000
vn 1.0000 0.0000 0.0000
vn 0.0000 0.0000 1.0000
vn 0.0000 -1.0000 0.0000
vn 0.0000 1.0000 0.0000
usemtl hbmat_wood
s off
f 3317/5017/1967 3318/5018/1967 3320/5019/1967 3319/5020/1967
f 3319/5020/1968 3320/5019/1968 3324/5021/1968 3323/5022/1968
f 3323/5022/1969 3324/5021/1969 3322/5023/1969 3321/5024/1969
f 3321/5024/1970 3322/5023/1970 3318/5025/1970 3317/5026/1970
f 3319/5027/1971 3323/5022/1971 3321/5024/1971 3317/5028/1971
f 3324/5021/1972 3320/5029/1972 3318/5030/1972 3322/5023/1972
o Cube.196_Cube.193
v 40.152473 0.871862 90.005203
v 40.152473 0.983464 90.005203
v 40.152473 0.871862 87.943253
v 40.152473 0.983464 87.943253
v 42.160439 0.871862 90.005203
v 42.160439 0.983464 90.005203
v 42.160439 0.871862 87.943253
v 42.160439 0.983464 87.943253
vt 0.375000 0.000000
vt 0.625000 0.000000
vt 0.625000 0.250000
vt 0.375000 0.250000
vt 0.625000 0.500000
vt 0.375000 0.500000
vt 0.625000 0.750000
vt 0.375000 0.750000
vt 0.625000 1.000000
vt 0.375000 1.000000
vt 0.125000 0.500000
vt 0.125000 0.750000
vt 0.875000 0.500000
vt 0.875000 0.750000
vn -1.0000 0.0000 0.0000
vn 0.0000 0.0000 -1.0000
vn 1.0000 0.0000 0.0000
vn 0.0000 0.0000 1.0000
vn 0.0000 -1.0000 0.0000
vn 0.0000 1.0000 0.0000
usemtl hbmat_wood
s off
f 3325/5031/1973 3326/5032/1973 3328/5033/1973 3327/5034/1973
f 3327/5034/1974 3328/5033/1974 3332/5035/1974 3331/5036/1974
f 3331/5036/1975 3332/5035/1975 3330/5037/1975 3329/5038/1975
f 3329/5038/1976 3330/5037/1976 3326/5039/1976 3325/5040/1976
f 3327/5041/1977 3331/5036/1977 3329/5038/1977 3325/5042/1977
f 3332/5035/1978 3328/5043/1978 3326/5044/1978 3330/5037/1978
o Cube.197_Cube.194
v 40.152473 5.953841 90.005203
v 40.152473 6.065443 90.005203
v 40.152473 5.953841 87.943253
v 40.152473 6.065443 87.943253
v 42.160439 5.953841 90.005203
v 42.160439 6.065443 90.005203
v 42.160439 5.953841 87.943253
v 42.160439 6.065443 87.943253
vt 0.375000 0.000000
vt 0.625000 0.000000
vt 0.625000 0.250000
vt 0.375000 0.250000
vt 0.625000 0.500000
vt 0.375000 0.500000
vt 0.625000 0.750000
vt 0.375000 0.750000
vt 0.625000 1.000000
vt 0.375000 1.000000
vt 0.125000 0.500000
vt 0.125000 0.750000
vt 0.875000 0.500000
vt 0.875000 0.750000
vn -1.0000 0.0000 0.0000
vn 0.0000 0.0000 -1.0000
vn 1.0000 0.0000 0.0000
vn 0.0000 0.0000 1.0000
vn 0.0000 -1.0000 0.0000
vn 0.0000 1.0000 0.0000
usemtl hbmat_wood
s off
f 3333/5045/1979 3334/5046/1979 3336/5047/1979 3335/5048/1979
f 3335/5048/1980 3336/5047/1980 3340/5049/1980 3339/5050/1980
f 3339/5050/1981 3340/5049/1981 3338/5051/1981 3337/5052/1981
f 3337/5052/1982 3338/5051/1982 3334/5053/1982 3333/5054/1982
f 3335/5055/1983 3339/5050/1983 3337/5052/1983 3333/5056/1983
f 3340/5049/1984 3336/5057/1984 3334/5058/1984 3338/5051/1984
o Cube.198_Cube.195
v 40.152473 8.473917 90.005203
v 40.152473 8.585518 90.005203
v 40.152473 8.473917 87.943253
v 40.152473 8.585518 87.943253
v 42.160439 8.473917 90.005203
v 42.160439 8.585518 90.005203
v 42.160439 8.473917 87.943253
v 42.160439 8.585518 87.943253
vt 0.375000 0.000000
vt 0.625000 0.000000
vt 0.625000 0.250000
vt 0.375000 0.250000
vt 0.625000 0.500000
vt 0.375000 0.500000
vt 0.625000 0.750000
vt 0.375000 0.750000
vt 0.625000 1.000000
vt 0.375000 1.000000
vt 0.125000 0.500000
vt 0.125000 0.750000
vt 0.875000 0.500000
vt 0.875000 0.750000
vn -1.0000 0.0000 0.0000
vn 0.0000 0.0000 -1.0000
vn 1.0000 0.0000 0.0000
vn 0.0000 0.0000 1.0000
vn 0.0000 -1.0000 0.0000
vn 0.0000 1.0000 0.0000
usemtl hbmat_wood
s off
f 3341/5059/1985 3342/5060/1985 3344/5061/1985 3343/5062/1985
f 3343/5062/1986 3344/5061/1986 3348/5063/1986 3347/5064/1986
f 3347/5064/1987 3348/5063/1987 3346/5065/1987 3345/5066/1987
f 3345/5066/1988 3346/5065/1988 3342/5067/1988 3341/5068/1988
f 3343/5069/1989 3347/5064/1989 3345/5066/1989 3341/5070/1989
f 3348/5063/1990 3344/5071/1990 3342/5072/1990 3346/5065/1990
o Cube.199_Cube.196
v 40.152473 11.051913 90.005203
v 40.152473 11.163514 90.005203
v 40.152473 11.051913 87.943253
v 40.152473 11.163514 87.943253
v 42.160439 11.051913 90.005203
v 42.160439 11.163514 90.005203
v 42.160439 11.051913 87.943253
v 42.160439 11.163514 87.943253
vt 0.375000 0.000000
vt 0.625000 0.000000
vt 0.625000 0.250000
vt 0.375000 0.250000
vt 0.625000 0.500000
vt 0.375000 0.500000
vt 0.625000 0.750000
vt 0.375000 0.750000
vt 0.625000 1.000000
vt 0.375000 1.000000
vt 0.125000 0.500000
vt 0.125000 0.750000
vt 0.875000 0.500000
vt 0.875000 0.750000
vn -1.0000 0.0000 0.0000
vn 0.0000 0.0000 -1.0000
vn 1.0000 0.0000 0.0000
vn 0.0000 0.0000 1.0000
vn 0.0000 -1.0000 0.0000
vn 0.0000 1.0000 0.0000
usemtl hbmat_wood
s off
f 3349/5073/1991 3350/5074/1991 3352/5075/1991 3351/5076/1991
f 3351/5076/1992 3352/5075/1992 3356/5077/1992 3355/5078/1992
f 3355/5078/1993 3356/5077/1993 3354/5079/1993 3353/5080/1993
f 3353/5080/1994 3354/5079/1994 3350/5081/1994 3349/5082/1994
f 3351/5083/1995 3355/5078/1995 3353/5080/1995 3349/5084/1995
f 3356/5077/1996 3352/5085/1996 3350/5086/1996 3354/5079/1996
o Cube.200_Cube.197
v 38.182789 1.511670 87.984848
v 38.182789 1.623272 87.984848
v 38.182789 1.511670 85.922897
v 38.182789 1.623272 85.922897
v 40.190754 1.511670 87.984848
v 40.190754 1.623272 87.984848
v 40.190754 1.511670 85.922897
v 40.190754 1.623272 85.922897
vt 0.375000 0.000000
vt 0.625000 0.000000
vt 0.625000 0.250000
vt 0.375000 0.250000
vt 0.625000 0.500000
vt 0.375000 0.500000
vt 0.625000 0.750000
vt 0.375000 0.750000
vt 0.625000 1.000000
vt 0.375000 1.000000
vt 0.125000 0.500000
vt 0.125000 0.750000
vt 0.875000 0.500000
vt 0.875000 0.750000
vn -1.0000 0.0000 0.0000
vn 0.0000 0.0000 -1.0000
vn 1.0000 0.0000 0.0000
vn 0.0000 0.0000 1.0000
vn 0.0000 -1.0000 0.0000
vn 0.0000 1.0000 0.0000
usemtl hbmat_wood
s off
f 3357/5087/1997 3358/5088/1997 3360/5089/1997 3359/5090/1997
f 3359/5090/1998 3360/5089/1998 3364/5091/1998 3363/5092/1998
f 3363/5092/1999 3364/5091/1999 3362/5093/1999 3361/5094/1999
f 3361/5094/2000 3362/5093/2000 3358/5095/2000 3357/5096/2000
f 3359/5097/2001 3363/5092/2001 3361/5094/2001 3357/5098/2001
f 3364/5091/2002 3360/5099/2002 3358/5100/2002 3362/5093/2002
o Cube.201_Cube.198
v 38.182789 6.577589 87.984848
v 38.182789 6.689190 87.984848
v 38.182789 6.577589 85.922897
v 38.182789 6.689190 85.922897
v 40.190754 6.577589 87.984848
v 40.190754 6.689190 87.984848
v 40.190754 6.577589 85.922897
v 40.190754 6.689190 85.922897
vt 0.375000 0.000000
vt 0.625000 0.000000
vt 0.625000 0.250000
vt 0.375000 0.250000
vt 0.625000 0.500000
vt 0.375000 0.500000
vt 0.625000 0.750000
vt 0.375000 0.750000
vt 0.625000 1.000000
vt 0.375000 1.000000
vt 0.125000 0.500000
vt 0.125000 0.750000
vt 0.875000 0.500000
vt 0.875000 0.750000
vn -1.0000 0.0000 0.0000
vn 0.0000 0.0000 -1.0000
vn 1.0000 0.0000 0.0000
vn 0.0000 0.0000 1.0000
vn 0.0000 -1.0000 0.0000
vn 0.0000 1.0000 0.0000
usemtl hbmat_wood
s off
f 3365/5101/2003 3366/5102/2003 3368/5103/2003 3367/5104/2003
f 3367/5104/2004 3368/5103/2004 3372/5105/2004 3371/5106/2004
f 3371/5106/2005 3372/5105/2005 3370/5107/2005 3369/5108/2005
f 3369/5108/2006 3370/5107/2006 3366/5109/2006 3365/5110/2006
f 3367/5111/2007 3371/5106/2007 3369/5108/2007 3365/5112/2007
f 3372/5105/2008 3368/5113/2008 3366/5114/2008 3370/5107/2008
o Cube.202_Cube.199
v 38.182789 9.156062 87.984848
v 38.182789 9.267663 87.984848
v 38.182789 9.156062 85.922897
v 38.182789 9.267663 85.922897
v 40.190754 9.156062 87.984848
v 40.190754 9.267663 87.984848
v 40.190754 9.156062 85.922897
v 40.190754 9.267663 85.922897
vt 0.375000 0.000000
vt 0.625000 0.000000
vt 0.625000 0.250000
vt 0.375000 0.250000
vt 0.625000 0.500000
vt 0.375000 0.500000
vt 0.625000 0.750000
vt 0.375000 0.750000
vt 0.625000 1.000000
vt 0.375000 1.000000
vt 0.125000 0.500000
vt 0.125000 0.750000
vt 0.875000 0.500000
vt 0.875000 0.750000
vn -1.0000 0.0000 0.0000
vn 0.0000 0.0000 -1.0000
vn 1.0000 0.0000 0.0000
vn 0.0000 0.0000 1.0000
vn 0.0000 -1.0000 0.0000
vn 0.0000 1.0000 0.0000
usemtl hbmat_wood
s off
f 3373/5115/2009 3374/5116/2009 3376/5117/2009 3375/5118/2009
f 3375/5118/2010 3376/5117/2010 3380/5119/2010 3379/5120/2010
f 3379/5120/2011 3380/5119/2011 3378/5121/2011 3377/5122/2011
f 3377/5122/2012 3378/5121/2012 3374/5123/2012 3373/5124/2012
f 3375/5125/2013 3379/5120/2013 3377/5122/2013 3373/5126/2013
f 3380/5119/2014 3376/5127/2014 3374/5128/2014 3378/5121/2014
o Cube.203_Cube.200
v 38.182789 11.675876 87.984848
v 38.182789 11.787477 87.984848
v 38.182789 11.675876 85.922897
v 38.182789 11.787477 85.922897
v 40.190754 11.675876 87.984848
v 40.190754 11.787477 87.984848
v 40.190754 11.675876 85.922897
v 40.190754 11.787477 85.922897
vt 0.375000 0.000000
vt 0.625000 0.000000
vt 0.625000 0.250000
vt 0.375000 0.250000
vt 0.625000 0.500000
vt 0.375000 0.500000
vt 0.625000 0.750000
vt 0.375000 0.750000
vt 0.625000 1.000000
vt 0.375000 1.000000
vt 0.125000 0.500000
vt 0.125000 0.750000
vt 0.875000 0.500000
vt 0.875000 0.750000
vn -1.0000 0.0000 0.0000
vn 0.0000 0.0000 -1.0000
vn 1.0000 0.0000 0.0000
vn 0.0000 0.0000 1.0000
vn 0.0000 -1.0000 0.0000
vn 0.0000 1.0000 0.0000
usemtl hbmat_wood
s off
f 3381/5129/2015 3382/5130/2015 3384/5131/2015 3383/5132/2015
f 3383/5132/2016 3384/5131/2016 3388/5133/2016 3387/5134/2016
f 3387/5134/2017 3388/5133/2017 3386/5135/2017 3385/5136/2017
f 3385/5136/2018 3386/5135/2018 3382/5137/2018 3381/5138/2018
f 3383/5139/2019 3387/5134/2019 3385/5136/2019 3381/5140/2019
f 3388/5133/2020 3384/5141/2020 3382/5142/2020 3386/5135/2020
o Cube.204_Cube.201
v 40.127140 4.677888 85.964493
v 40.127140 4.789490 85.964493
v 40.127140 4.677888 83.902542
v 40.127140 4.789490 83.902542
v 42.135105 4.677888 85.964493
v 42.135105 4.789490 85.964493
v 42.135105 4.677888 83.902542
v 42.135105 4.789490 83.902542
vt 0.375000 0.000000
vt 0.625000 0.000000
vt 0.625000 0.250000
vt 0.375000 0.250000
vt 0.625000 0.500000
vt 0.375000 0.500000
vt 0.625000 0.750000
vt 0.375000 0.750000
vt 0.625000 1.000000
vt 0.375000 1.000000
vt 0.125000 0.500000
vt 0.125000 0.750000
vt 0.875000 0.500000
vt 0.875000 0.750000
vn -1.0000 0.0000 0.0000
vn 0.0000 0.0000 -1.0000
vn 1.0000 0.0000 0.0000
vn 0.0000 0.0000 1.0000
vn 0.0000 -1.0000 0.0000
vn 0.0000 1.0000 0.0000
usemtl hbmat_wood
s off
f 3389/5143/2021 3390/5144/2021 3392/5145/2021 3391/5146/2021
f 3391/5146/2022 3392/5145/2022 3396/5147/2022 3395/5148/2022
f 3395/5148/2023 3396/5147/2023 3394/5149/2023 3393/5150/2023
f 3393/5150/2024 3394/5149/2024 3390/5151/2024 3389/5152/2024
f 3391/5153/2025 3395/5148/2025 3393/5150/2025 3389/5154/2025
f 3396/5147/2026 3392/5155/2026 3390/5156/2026 3394/5149/2026
o Cube.205_Cube.202
v 40.127140 7.267830 85.964493
v 40.127140 7.379432 85.964493
v 40.127140 7.267830 83.902542
v 40.127140 7.379432 83.902542
v 42.135105 7.267830 85.964493
v 42.135105 7.379432 85.964493
v 42.135105 7.267830 83.902542
v 42.135105 7.379432 83.902542
vt 0.375000 0.000000
vt 0.625000 0.000000
vt 0.625000 0.250000
vt 0.375000 0.250000
vt 0.625000 0.500000
vt 0.375000 0.500000
vt 0.625000 0.750000
vt 0.375000 0.750000
vt 0.625000 1.000000
vt 0.375000 1.000000
vt 0.125000 0.500000
vt 0.125000 0.750000
vt 0.875000 0.500000
vt 0.875000 0.750000
vn -1.0000 0.0000 0.0000
vn 0.0000 0.0000 -1.0000
vn 1.0000 0.0000 0.0000
vn 0.0000 0.0000 1.0000
vn 0.0000 -1.0000 0.0000
vn 0.0000 1.0000 0.0000
usemtl hbmat_wood
s off
f 3397/5157/2027 3398/5158/2027 3400/5159/2027 3399/5160/2027
f 3399/5160/2028 3400/5159/2028 3404/5161/2028 3403/5162/2028
f 3403/5162/2029 3404/5161/2029 3402/5163/2029 3401/5164/2029
f 3401/5164/2030 3402/5163/2030 3398/5165/2030 3397/5166/2030
f 3399/5167/2031 3403/5162/2031 3401/5164/2031 3397/5168/2031
f 3404/5161/2032 3400/5169/2032 3398/5170/2032 3402/5163/2032
o Cube.206_Cube.203
v 40.127140 9.758051 85.964493
v 40.127140 9.869652 85.964493
v 40.127140 9.758051 83.902542
v 40.127140 9.869652 83.902542
v 42.135105 9.758051 85.964493
v 42.135105 9.869652 85.964493
v 42.135105 9.758051 83.902542
v 42.135105 9.869652 83.902542
vt 0.375000 0.000000
vt 0.625000 0.000000
vt 0.625000 0.250000
vt 0.375000 0.250000
vt 0.625000 0.500000
vt 0.375000 0.500000
vt 0.625000 0.750000
vt 0.375000 0.750000
vt 0.625000 1.000000
vt 0.375000 1.000000
vt 0.125000 0.500000
vt 0.125000 0.750000
vt 0.875000 0.500000
vt 0.875000 0.750000
vn -1.0000 0.0000 0.0000
vn 0.0000 0.0000 -1.0000
vn 1.0000 0.0000 0.0000
vn 0.0000 0.0000 1.0000
vn 0.0000 -1.0000 0.0000
vn 0.0000 1.0000 0.0000
usemtl hbmat_wood
s off
f 3405/5171/2033 3406/5172/2033 3408/5173/2033 3407/5174/2033
f 3407/5174/2034 3408/5173/2034 3412/5175/2034 3411/5176/2034
f 3411/5176/2035 3412/5175/2035 3410/5177/2035 3409/5178/2035
f 3409/5178/2036 3410/5177/2036 3406/5179/2036 3405/5180/2036
f 3407/5181/2037 3411/5176/2037 3409/5178/2037 3405/5182/2037
f 3412/5175/2038 3408/5183/2038 3406/5184/2038 3410/5177/2038
o Cube.208_Cube.205
v 40.132954 -5.724874 87.949417
v 40.132954 13.107369 87.949417
v 40.132954 -5.724874 85.866440
v 40.132954 13.107369 85.866440
v 42.249241 -5.724874 87.949417
v 42.249241 13.107369 87.949417
v 42.249241 -5.724874 85.866440
v 42.249241 13.107369 85.866440
vt 0.375000 0.000000
vt 0.625000 0.000000
vt 0.625000 0.250000
vt 0.375000 0.250000
vt 0.625000 0.500000
vt 0.375000 0.500000
vt 0.625000 0.750000
vt 0.375000 0.750000
vt 0.625000 1.000000
vt 0.375000 1.000000
vt 0.125000 0.500000
vt 0.125000 0.750000
vt 0.875000 0.500000
vt 0.875000 0.750000
vn -1.0000 0.0000 0.0000
vn 0.0000 0.0000 -1.0000
vn 1.0000 0.0000 0.0000
vn 0.0000 0.0000 1.0000
vn 0.0000 -1.0000 0.0000
vn 0.0000 1.0000 0.0000
usemtl hbmat_wood
s off
f 3413/5185/2039 3414/5186/2039 3416/5187/2039 3415/5188/2039
f 3415/5188/2040 3416/5187/2040 3420/5189/2040 3419/5190/2040
f 3419/5190/2041 3420/5189/2041 3418/5191/2041 3417/5192/2041
f 3417/5192/2042 3418/5191/2042 3414/5193/2042 3413/5194/2042
f 3415/5195/2043 3419/5190/2043 3417/5192/2043 3413/5196/2043
f 3420/5189/2044 3416/5197/2044 3414/5198/2044 3418/5191/2044
o Cube.209_Cube.206
v 37.607723 10.617587 86.099449
v 37.607723 11.986747 86.099449
v 37.607723 10.617587 85.720589
v 37.607723 11.986747 85.720589
v 37.986591 10.617587 86.099449
v 37.986591 11.986747 86.099449
v 37.986591 10.617587 85.720589
v 37.986591 11.986747 85.720589
vt 0.375000 0.000000
vt 0.625000 0.000000
vt 0.625000 0.250000
vt 0.375000 0.250000
vt 0.625000 0.500000
vt 0.375000 0.500000
vt 0.625000 0.750000
vt 0.375000 0.750000
vt 0.625000 1.000000
vt 0.375000 1.000000
vt 0.125000 0.500000
vt 0.125000 0.750000
vt 0.875000 0.500000
vt 0.875000 0.750000
vn -1.0000 0.0000 0.0000
vn 0.0000 0.0000 -1.0000
vn 1.0000 0.0000 0.0000
vn 0.0000 0.0000 1.0000
vn 0.0000 -1.0000 0.0000
vn 0.0000 1.0000 0.0000
usemtl hbmat_wood
s off
f 3421/5199/2045 3422/5200/2045 3424/5201/2045 3423/5202/2045
f 3423/5202/2046 3424/5201/2046 3428/5203/2046 3427/5204/2046
f 3427/5204/2047 3428/5203/2047 3426/5205/2047 3425/5206/2047
f 3425/5206/2048 3426/5205/2048 3422/5207/2048 3421/5208/2048
f 3423/5209/2049 3427/5204/2049 3425/5206/2049 3421/5210/2049
f 3428/5203/2050 3424/5211/2050 3422/5212/2050 3426/5205/2050
o Cube.210_Cube.207
v 36.802021 11.174787 86.100922
v 36.802021 12.543946 86.100922
v 36.802021 11.174787 85.722061
v 36.802021 12.543946 85.722061
v 37.180889 11.174787 86.100922
v 37.180889 12.543946 86.100922
v 37.180889 11.174787 85.722061
v 37.180889 12.543946 85.722061
vt 0.375000 0.000000
vt 0.625000 0.000000
vt 0.625000 0.250000
vt 0.375000 0.250000
vt 0.625000 0.500000
vt 0.375000 0.500000
vt 0.625000 0.750000
vt 0.375000 0.750000
vt 0.625000 1.000000
vt 0.375000 1.000000
vt 0.125000 0.500000
vt 0.125000 0.750000
vt 0.875000 0.500000
vt 0.875000 0.750000
vn -1.0000 0.0000 0.0000
vn 0.0000 0.0000 -1.0000
vn 1.0000 0.0000 0.0000
vn 0.0000 0.0000 1.0000
vn 0.0000 -1.0000 0.0000
vn 0.0000 1.0000 0.0000
usemtl hbmat_wood
s off
f 3429/5213/2051 3430/5214/2051 3432/5215/2051 3431/5216/2051
f 3431/5216/2052 3432/5215/2052 3436/5217/2052 3435/5218/2052
f 3435/5218/2053 3436/5217/2053 3434/5219/2053 3433/5220/2053
f 3433/5220/2054 3434/5219/2054 3430/5221/2054 3429/5222/2054
f 3431/5223/2055 3435/5218/2055 3433/5220/2055 3429/5224/2055
f 3436/5217/2056 3432/5225/2056 3430/5226/2056 3434/5219/2056
o Cube.211_Cube.208
v 36.069630 11.716256 86.100922
v 36.069630 13.085416 86.100922
v 36.069630 11.716256 85.722061
v 36.069630 13.085416 85.722061
v 36.448498 11.716256 86.100922
v 36.448498 13.085416 86.100922
v 36.448498 11.716256 85.722061
v 36.448498 13.085416 85.722061
vt 0.375000 0.000000
vt 0.625000 0.000000
vt 0.625000 0.250000
vt 0.375000 0.250000
vt 0.625000 0.500000
vt 0.375000 0.500000
vt 0.625000 0.750000
vt 0.375000 0.750000
vt 0.625000 1.000000
vt 0.375000 1.000000
vt 0.125000 0.500000
vt 0.125000 0.750000
vt 0.875000 0.500000
vt 0.875000 0.750000
vn -1.0000 0.0000 0.0000
vn 0.0000 0.0000 -1.0000
vn 1.0000 0.0000 0.0000
vn 0.0000 0.0000 1.0000
vn 0.0000 -1.0000 0.0000
vn 0.0000 1.0000 0.0000
usemtl hbmat_wood
s off
f 3437/5227/2057 3438/5228/2057 3440/5229/2057 3439/5230/2057
f 3439/5230/2058 3440/5229/2058 3444/5231/2058 3443/5232/2058
f 3443/5232/2059 3444/5231/2059 3442/5233/2059 3441/5234/2059
f 3441/5234/2060 3442/5233/2060 3438/5235/2060 3437/5236/2060
f 3439/5237/2061 3443/5232/2061 3441/5234/2061 3437/5238/2061
f 3444/5231/2062 3440/5239/2062 3438/5240/2062 3442/5233/2062
o Cube.212_Cube.209
v 73.509842 3.807618 1.088355
v 73.509842 4.076605 1.088355
v 67.191635 3.807618 1.088356
v 67.191635 4.076605 1.088356
v 73.509842 3.807618 0.350972
v 73.509842 4.076605 0.350972
v 67.191635 3.807618 0.350972
v 67.191635 4.076605 0.350972
vt 0.375000 0.000000
vt 0.625000 0.000000
vt 0.625000 0.250000
vt 0.375000 0.250000
vt 0.625000 0.500000
vt 0.375000 0.500000
vt 0.625000 0.750000
vt 0.375000 0.750000
vt 0.625000 1.000000
vt 0.375000 1.000000
vt 0.125000 0.500000
vt 0.125000 0.750000
vt 0.875000 0.500000
vt 0.875000 0.750000
vn 0.0000 0.0000 1.0000
vn -1.0000 0.0000 0.0000
vn -0.0000 0.0000 -1.0000
vn 1.0000 0.0000 0.0000
vn 0.0000 -1.0000 0.0000
vn 0.0000 1.0000 0.0000
usemtl hbmat_concrete
s off
f 3445/5241/2063 3446/5242/2063 3448/5243/2063 3447/5244/2063
f 3447/5244/2064 3448/5243/2064 3452/5245/2064 3451/5246/2064
f 3451/5246/2065 3452/5245/2065 3450/5247/2065 3449/5248/2065
f 3449/5248/2066 3450/5247/2066 3446/5249/2066 3445/5250/2066
f 3447/5251/2067 3451/5246/2067 3449/5248/2067 3445/5252/2067
f 3452/5245/2068 3448/5253/2068 3446/5254/2068 3450/5247/2068
o Cube.213_Cube.210
v 36.170128 12.923283 86.291603
v 36.170128 13.094687 86.291603
v 14.635556 12.923283 86.291603
v 14.635556 13.094687 86.291603
v 36.170128 12.923283 85.554222
v 36.170128 13.094687 85.554222
v 14.635556 12.923283 85.554222
v 14.635556 13.094687 85.554222
vt 0.375000 0.000000
vt 0.625000 0.000000
vt 0.625000 0.250000
vt 0.375000 0.250000
vt 0.625000 0.500000
vt 0.375000 0.500000
vt 0.625000 0.750000
vt 0.375000 0.750000
vt 0.625000 1.000000
vt 0.375000 1.000000
vt 0.125000 0.500000
vt 0.125000 0.750000
vt 0.875000 0.500000
vt 0.875000 0.750000
vn 0.0000 0.0000 1.0000
vn -1.0000 0.0000 0.0000
vn 0.0000 0.0000 -1.0000
vn 1.0000 0.0000 0.0000
vn 0.0000 -1.0000 0.0000
vn 0.0000 1.0000 0.0000
usemtl hbmat_wood
s off
f 3453/5255/2069 3454/5256/2069 3456/5257/2069 3455/5258/2069
f 3455/5258/2070 3456/5257/2070 3460/5259/2070 3459/5260/2070
f 3459/5260/2071 3460/5259/2071 3458/5261/2071 3457/5262/2071
f 3457/5262/2072 3458/5261/2072 3454/5263/2072 3453/5264/2072
f 3455/5265/2073 3459/5260/2073 3457/5262/2073 3453/5266/2073
f 3460/5259/2074 3456/5267/2074 3454/5268/2074 3458/5261/2074
o Cube.214_Cube.211
v 11.063191 0.681044 86.291603
v 11.063191 0.852448 86.291603
v -3.384368 0.681044 86.291603
v -3.384368 0.852448 86.291603
v 11.063191 0.681044 85.554222
v 11.063191 0.852448 85.554222
v -3.384368 0.681044 85.554222
v -3.384368 0.852448 85.554222
vt 0.375000 0.000000
vt 0.625000 0.000000
vt 0.625000 0.250000
vt 0.375000 0.250000
vt 0.625000 0.500000
vt 0.375000 0.500000
vt 0.625000 0.750000
vt 0.375000 0.750000
vt 0.625000 1.000000
vt 0.375000 1.000000
vt 0.125000 0.500000
vt 0.125000 0.750000
vt 0.875000 0.500000
vt 0.875000 0.750000
vn 0.0000 0.0000 1.0000
vn -1.0000 0.0000 0.0000
vn 0.0000 0.0000 -1.0000
vn 1.0000 0.0000 0.0000
vn 0.0000 -1.0000 0.0000
vn 0.0000 1.0000 0.0000
usemtl hbmat_wood
s off
f 3461/5269/2075 3462/5270/2075 3464/5271/2075 3463/5272/2075
f 3463/5272/2076 3464/5271/2076 3468/5273/2076 3467/5274/2076
f 3467/5274/2077 3468/5273/2077 3466/5275/2077 3465/5276/2077
f 3465/5276/2078 3466/5275/2078 3462/5277/2078 3461/5278/2078
f 3463/5279/2079 3467/5274/2079 3465/5276/2079 3461/5280/2079
f 3468/5273/2080 3464/5281/2080 3462/5282/2080 3466/5275/2080
o Cube.215_Cube.212
v -10.797312 13.657232 86.729370
v -10.797312 13.828636 86.729370
v -20.737560 13.657232 86.729370
v -20.737560 13.828636 86.729370
v -10.797312 13.657232 85.991989
v -10.797312 13.828636 85.991989
v -20.737560 13.657232 85.991989
v -20.737560 13.828636 85.991989
vt 0.375000 0.000000
vt 0.625000 0.000000
vt 0.625000 0.250000
vt 0.375000 0.250000
vt 0.625000 0.500000
vt 0.375000 0.500000
vt 0.625000 0.750000
vt 0.375000 0.750000
vt 0.625000 1.000000
vt 0.375000 1.000000
vt 0.125000 0.500000
vt 0.125000 0.750000
vt 0.875000 0.500000
vt 0.875000 0.750000
vn 0.0000 0.0000 1.0000
vn -1.0000 0.0000 0.0000
vn 0.0000 0.0000 -1.0000
vn 1.0000 0.0000 0.0000
vn 0.0000 -1.0000 0.0000
vn 0.0000 1.0000 0.0000
usemtl hbmat_wood
s off
f 3469/5283/2081 3470/5284/2081 3472/5285/2081 3471/5286/2081
f 3471/5286/2082 3472/5285/2082 3476/5287/2082 3475/5288/2082
f 3475/5288/2083 3476/5287/2083 3474/5289/2083 3473/5290/2083
f 3473/5290/2084 3474/5289/2084 3470/5291/2084 3469/5292/2084
f 3471/5293/2085 3475/5288/2085 3473/5290/2085 3469/5294/2085
f 3476/5287/2086 3472/5295/2086 3470/5296/2086 3474/5289/2086
o Cube.216_Cube.213
v -10.796702 12.450208 86.538689
v -10.796702 13.819367 86.538689
v -10.796702 12.450208 86.159828
v -10.796702 13.819367 86.159828
v -10.417838 12.450208 86.538689
v -10.417838 13.819367 86.538689
v -10.417838 12.450208 86.159828
v -10.417838 13.819367 86.159828
vt 0.375000 0.000000
vt 0.625000 0.000000
vt 0.625000 0.250000
vt 0.375000 0.250000
vt 0.625000 0.500000
vt 0.375000 0.500000
vt 0.625000 0.750000
vt 0.375000 0.750000
vt 0.625000 1.000000
vt 0.375000 1.000000
vt 0.125000 0.500000
vt 0.125000 0.750000
vt 0.875000 0.500000
vt 0.875000 0.750000
vn -1.0000 0.0000 0.0000
vn 0.0000 0.0000 -1.0000
vn 1.0000 0.0000 0.0000
vn 0.0000 0.0000 1.0000
vn 0.0000 -1.0000 0.0000
vn 0.0000 1.0000 0.0000
usemtl hbmat_wood
s off
f 3477/5297/2087 3478/5298/2087 3480/5299/2087 3479/5300/2087
f 3479/5300/2088 3480/5299/2088 3484/5301/2088 3483/5302/2088
f 3483/5302/2089 3484/5301/2089 3482/5303/2089 3481/5304/2089
f 3481/5304/2090 3482/5303/2090 3478/5305/2090 3477/5306/2090
f 3479/5307/2091 3483/5302/2091 3481/5304/2091 3477/5308/2091
f 3484/5301/2092 3480/5309/2092 3478/5310/2092 3482/5303/2092
o Cube.217_Cube.214
v -10.064307 11.908738 86.538689
v -10.064307 13.277898 86.538689
v -10.064307 11.908738 86.159828
v -10.064307 13.277898 86.159828
v -9.685443 11.908738 86.538689
v -9.685443 13.277898 86.538689
v -9.685443 11.908738 86.159828
v -9.685443 13.277898 86.159828
vt 0.375000 0.000000
vt 0.625000 0.000000
vt 0.625000 0.250000
vt 0.375000 0.250000
vt 0.625000 0.500000
vt 0.375000 0.500000
vt 0.625000 0.750000
vt 0.375000 0.750000
vt 0.625000 1.000000
vt 0.375000 1.000000
vt 0.125000 0.500000
vt 0.125000 0.750000
vt 0.875000 0.500000
vt 0.875000 0.750000
vn -1.0000 0.0000 0.0000
vn 0.0000 0.0000 -1.0000
vn 1.0000 0.0000 0.0000
vn 0.0000 0.0000 1.0000
vn 0.0000 -1.0000 0.0000
vn 0.0000 1.0000 0.0000
usemtl hbmat_wood
s off
f 3485/5311/2093 3486/5312/2093 3488/5313/2093 3487/5314/2093
f 3487/5314/2094 3488/5313/2094 3492/5315/2094 3491/5316/2094
f 3491/5316/2095 3492/5315/2095 3490/5317/2095 3489/5318/2095
f 3489/5318/2096 3490/5317/2096 3486/5319/2096 3485/5320/2096
f 3487/5321/2097 3491/5316/2097 3489/5318/2097 3485/5322/2097
f 3492/5315/2098 3488/5323/2098 3486/5324/2098 3490/5317/2098
o Cube.218_Cube.215
v -9.258605 11.351537 86.537216
v -9.258605 12.720696 86.537216
v -9.258605 11.351537 86.158356
v -9.258605 12.720696 86.158356
v -8.879741 11.351537 86.537216
v -8.879741 12.720696 86.537216
v -8.879741 11.351537 86.158356
v -8.879741 12.720696 86.158356
vt 0.375000 0.000000
vt 0.625000 0.000000
vt 0.625000 0.250000
vt 0.375000 0.250000
vt 0.625000 0.500000
vt 0.375000 0.500000
vt 0.625000 0.750000
vt 0.375000 0.750000
vt 0.625000 1.000000
vt 0.375000 1.000000
vt 0.125000 0.500000
vt 0.125000 0.750000
vt 0.875000 0.500000
vt 0.875000 0.750000
vn -1.0000 0.0000 0.0000
vn 0.0000 0.0000 -1.0000
vn 1.0000 0.0000 0.0000
vn 0.0000 0.0000 1.0000
vn 0.0000 -1.0000 0.0000
vn 0.0000 1.0000 0.0000
usemtl hbmat_wood
s off
f 3493/5325/2099 3494/5326/2099 3496/5327/2099 3495/5328/2099
f 3495/5328/2100 3496/5327/2100 3500/5329/2100 3499/5330/2100
f 3499/5330/2101 3500/5329/2101 3498/5331/2101 3497/5332/2101
f 3497/5332/2102 3498/5331/2102 3494/5333/2102 3493/5334/2102
f 3495/5335/2103 3499/5330/2103 3497/5332/2103 3493/5336/2103
f 3500/5329/2104 3496/5337/2104 3494/5338/2104 3498/5331/2104
o Cube.219_Cube.216
v -6.933607 -4.693313 88.387184
v -6.933607 14.138930 88.387184
v -6.933607 -4.693313 86.304207
v -6.933607 14.138930 86.304207
v -4.817320 -4.693313 88.387184
v -4.817320 14.138930 88.387184
v -4.817320 -4.693313 86.304207
v -4.817320 14.138930 86.304207
vt 0.375000 0.000000
vt 0.625000 0.000000
vt 0.625000 0.250000
vt 0.375000 0.250000
vt 0.625000 0.500000
vt 0.375000 0.500000
vt 0.625000 0.750000
vt 0.375000 0.750000
vt 0.625000 1.000000
vt 0.375000 1.000000
vt 0.125000 0.500000
vt 0.125000 0.750000
vt 0.875000 0.500000
vt 0.875000 0.750000
vn -1.0000 0.0000 0.0000
vn 0.0000 0.0000 -1.0000
vn 1.0000 0.0000 0.0000
vn 0.0000 0.0000 1.0000
vn 0.0000 -1.0000 0.0000
vn 0.0000 1.0000 0.0000
usemtl hbmat_wood
s off
f 3501/5339/2105 3502/5340/2105 3504/5341/2105 3503/5342/2105
f 3503/5342/2106 3504/5341/2106 3508/5343/2106 3507/5344/2106
f 3507/5344/2107 3508/5343/2107 3506/5345/2107 3505/5346/2107
f 3505/5346/2108 3506/5345/2108 3502/5347/2108 3501/5348/2108
f 3503/5349/2109 3507/5344/2109 3505/5346/2109 3501/5350/2109
f 3508/5343/2110 3504/5351/2110 3502/5352/2110 3506/5345/2110
o Cube.221_Cube.218
v -6.939423 10.789611 86.402260
v -6.939423 10.901212 86.402260
v -6.939423 10.789611 84.340309
v -6.939423 10.901212 84.340309
v -4.931454 10.789611 86.402260
v -4.931454 10.901212 86.402260
v -4.931454 10.789611 84.340309
v -4.931454 10.901212 84.340309
vt 0.375000 0.000000
vt 0.625000 0.000000
vt 0.625000 0.250000
vt 0.375000 0.250000
vt 0.625000 0.500000
vt 0.375000 0.500000
vt 0.625000 0.750000
vt 0.375000 0.750000
vt 0.625000 1.000000
vt 0.375000 1.000000
vt 0.125000 0.500000
vt 0.125000 0.750000
vt 0.875000 0.500000
vt 0.875000 0.750000
vn -1.0000 0.0000 0.0000
vn 0.0000 0.0000 -1.0000
vn 1.0000 0.0000 0.0000
vn 0.0000 0.0000 1.0000
vn 0.0000 -1.0000 0.0000
vn 0.0000 1.0000 0.0000
usemtl hbmat_wood
s off
f 3509/5353/2111 3510/5354/2111 3512/5355/2111 3511/5356/2111
f 3511/5356/2112 3512/5355/2112 3516/5357/2112 3515/5358/2112
f 3515/5358/2113 3516/5357/2113 3514/5359/2113 3513/5360/2113
f 3513/5360/2114 3514/5359/2114 3510/5361/2114 3509/5362/2114
f 3511/5363/2115 3515/5358/2115 3513/5360/2115 3509/5364/2115
f 3516/5357/2116 3512/5365/2116 3510/5366/2116 3514/5359/2116
o Cube.222_Cube.219
v -6.939423 8.299391 86.402260
v -6.939423 8.410992 86.402260
v -6.939423 8.299391 84.340309
v -6.939423 8.410992 84.340309
v -4.931454 8.299391 86.402260
v -4.931454 8.410992 86.402260
v -4.931454 8.299391 84.340309
v -4.931454 8.410992 84.340309
vt 0.375000 0.000000
vt 0.625000 0.000000
vt 0.625000 0.250000
vt 0.375000 0.250000
vt 0.625000 0.500000
vt 0.375000 0.500000
vt 0.625000 0.750000
vt 0.375000 0.750000
vt 0.625000 1.000000
vt 0.375000 1.000000
vt 0.125000 0.500000
vt 0.125000 0.750000
vt 0.875000 0.500000
vt 0.875000 0.750000
vn -1.0000 0.0000 0.0000
vn 0.0000 0.0000 -1.0000
vn 1.0000 0.0000 0.0000
vn 0.0000 0.0000 1.0000
vn 0.0000 -1.0000 0.0000
vn 0.0000 1.0000 0.0000
usemtl hbmat_wood
s off
f 3517/5367/2117 3518/5368/2117 3520/5369/2117 3519/5370/2117
f 3519/5370/2118 3520/5369/2118 3524/5371/2118 3523/5372/2118
f 3523/5372/2119 3524/5371/2119 3522/5373/2119 3521/5374/2119
f 3521/5374/2120 3522/5373/2120 3518/5375/2120 3517/5376/2120
f 3519/5377/2121 3523/5372/2121 3521/5374/2121 3517/5378/2121
f 3524/5371/2122 3520/5379/2122 3518/5380/2122 3522/5373/2122
o Cube.223_Cube.220
v -6.939423 5.709448 86.402260
v -6.939423 5.821050 86.402260
v -6.939423 5.709448 84.340309
v -6.939423 5.821050 84.340309
v -4.931454 5.709448 86.402260
v -4.931454 5.821050 86.402260
v -4.931454 5.709448 84.340309
v -4.931454 5.821050 84.340309
vt 0.375000 0.000000
vt 0.625000 0.000000
vt 0.625000 0.250000
vt 0.375000 0.250000
vt 0.625000 0.500000
vt 0.375000 0.500000
vt 0.625000 0.750000
vt 0.375000 0.750000
vt 0.625000 1.000000
vt 0.375000 1.000000
vt 0.125000 0.500000
vt 0.125000 0.750000
vt 0.875000 0.500000
vt 0.875000 0.750000
vn -1.0000 0.0000 0.0000
vn 0.0000 0.0000 -1.0000
vn 1.0000 0.0000 0.0000
vn 0.0000 0.0000 1.0000
vn 0.0000 -1.0000 0.0000
vn 0.0000 1.0000 0.0000
usemtl hbmat_wood
s off
f 3525/5381/2123 3526/5382/2123 3528/5383/2123 3527/5384/2123
f 3527/5384/2124 3528/5383/2124 3532/5385/2124 3531/5386/2124
f 3531/5386/2125 3532/5385/2125 3530/5387/2125 3529/5388/2125
f 3529/5388/2126 3530/5387/2126 3526/5389/2126 3525/5390/2126
f 3527/5391/2127 3531/5386/2127 3529/5388/2127 3525/5392/2127
f 3532/5385/2128 3528/5393/2128 3526/5394/2128 3530/5387/2128
o Cube.224_Cube.221
v -8.883774 12.707435 88.422615
v -8.883774 12.819036 88.422615
v -8.883774 12.707435 86.360664
v -8.883774 12.819036 86.360664
v -6.875805 12.707435 88.422615
v -6.875805 12.819036 88.422615
v -6.875805 12.707435 86.360664
v -6.875805 12.819036 86.360664
vt 0.375000 0.000000
vt 0.625000 0.000000
vt 0.625000 0.250000
vt 0.375000 0.250000
vt 0.625000 0.500000
vt 0.375000 0.500000
vt 0.625000 0.750000
vt 0.375000 0.750000
vt 0.625000 1.000000
vt 0.375000 1.000000
vt 0.125000 0.500000
vt 0.125000 0.750000
vt 0.875000 0.500000
vt 0.875000 0.750000
vn -1.0000 0.0000 0.0000
vn 0.0000 0.0000 -1.0000
vn 1.0000 0.0000 0.0000
vn 0.0000 0.0000 1.0000
vn 0.0000 -1.0000 0.0000
vn 0.0000 1.0000 0.0000
usemtl hbmat_wood
s off
f 3533/5395/2129 3534/5396/2129 3536/5397/2129 3535/5398/2129
f 3535/5398/2130 3536/5397/2130 3540/5399/2130 3539/5400/2130
f 3539/5400/2131 3540/5399/2131 3538/5401/2131 3537/5402/2131
f 3537/5402/2132 3538/5401/2132 3534/5403/2132 3533/5404/2132
f 3535/5405/2133 3539/5400/2133 3537/5402/2133 3533/5406/2133
f 3540/5399/2134 3536/5407/2134 3534/5408/2134 3538/5401/2134
o Cube.225_Cube.222
v -8.883774 10.187621 88.422615
v -8.883774 10.299222 88.422615
v -8.883774 10.187621 86.360664
v -8.883774 10.299222 86.360664
v -6.875805 10.187621 88.422615
v -6.875805 10.299222 88.422615
v -6.875805 10.187621 86.360664
v -6.875805 10.299222 86.360664
vt 0.375000 0.000000
vt 0.625000 0.000000
vt 0.625000 0.250000
vt 0.375000 0.250000
vt 0.625000 0.500000
vt 0.375000 0.500000
vt 0.625000 0.750000
vt 0.375000 0.750000
vt 0.625000 1.000000
vt 0.375000 1.000000
vt 0.125000 0.500000
vt 0.125000 0.750000
vt 0.875000 0.500000
vt 0.875000 0.750000
vn -1.0000 0.0000 0.0000
vn 0.0000 0.0000 -1.0000
vn 1.0000 0.0000 0.0000
vn 0.0000 0.0000 1.0000
vn 0.0000 -1.0000 0.0000
vn 0.0000 1.0000 0.0000
usemtl hbmat_wood
s off
f 3541/5409/2135 3542/5410/2135 3544/5411/2135 3543/5412/2135
f 3543/5412/2136 3544/5411/2136 3548/5413/2136 3547/5414/2136
f 3547/5414/2137 3548/5413/2137 3546/5415/2137 3545/5416/2137
f 3545/5416/2138 3546/5415/2138 3542/5417/2138 3541/5418/2138
f 3543/5419/2139 3547/5414/2139 3545/5416/2139 3541/5420/2139
f 3548/5413/2140 3544/5421/2140 3542/5422/2140 3546/5415/2140
o Cube.226_Cube.223
v -8.883774 7.609149 88.422615
v -8.883774 7.720751 88.422615
v -8.883774 7.609149 86.360664
v -8.883774 7.720751 86.360664
v -6.875805 7.609149 88.422615
v -6.875805 7.720751 88.422615
v -6.875805 7.609149 86.360664
v -6.875805 7.720751 86.360664
vt 0.375000 0.000000
vt 0.625000 0.000000
vt 0.625000 0.250000
vt 0.375000 0.250000
vt 0.625000 0.500000
vt 0.375000 0.500000
vt 0.625000 0.750000
vt 0.375000 0.750000
vt 0.625000 1.000000
vt 0.375000 1.000000
vt 0.125000 0.500000
vt 0.125000 0.750000
vt 0.875000 0.500000
vt 0.875000 0.750000
vn -1.0000 0.0000 0.0000
vn 0.0000 0.0000 -1.0000
vn 1.0000 0.0000 0.0000
vn 0.0000 0.0000 1.0000
vn 0.0000 -1.0000 0.0000
vn 0.0000 1.0000 0.0000
usemtl hbmat_wood
s off
f 3549/5423/2141 3550/5424/2141 3552/5425/2141 3551/5426/2141
f 3551/5426/2142 3552/5425/2142 3556/5427/2142 3555/5428/2142
f 3555/5428/2143 3556/5427/2143 3554/5429/2143 3553/5430/2143
f 3553/5430/2144 3554/5429/2144 3550/5431/2144 3549/5432/2144
f 3551/5433/2145 3555/5428/2145 3553/5430/2145 3549/5434/2145
f 3556/5427/2146 3552/5435/2146 3550/5436/2146 3554/5429/2146
o Cube.227_Cube.224
v -8.883774 2.543229 88.422615
v -8.883774 2.654831 88.422615
v -8.883774 2.543229 86.360664
v -8.883774 2.654831 86.360664
v -6.875805 2.543229 88.422615
v -6.875805 2.654831 88.422615
v -6.875805 2.543229 86.360664
v -6.875805 2.654831 86.360664
vt 0.375000 0.000000
vt 0.625000 0.000000
vt 0.625000 0.250000
vt 0.375000 0.250000
vt 0.625000 0.500000
vt 0.375000 0.500000
vt 0.625000 0.750000
vt 0.375000 0.750000
vt 0.625000 1.000000
vt 0.375000 1.000000
vt 0.125000 0.500000
vt 0.125000 0.750000
vt 0.875000 0.500000
vt 0.875000 0.750000
vn -1.0000 0.0000 0.0000
vn 0.0000 0.0000 -1.0000
vn 1.0000 0.0000 0.0000
vn 0.0000 0.0000 1.0000
vn 0.0000 -1.0000 0.0000
vn 0.0000 1.0000 0.0000
usemtl hbmat_wood
s off
f 3557/5437/2147 3558/5438/2147 3560/5439/2147 3559/5440/2147
f 3559/5440/2148 3560/5439/2148 3564/5441/2148 3563/5442/2148
f 3563/5442/2149 3564/5441/2149 3562/5443/2149 3561/5444/2149
f 3561/5444/2150 3562/5443/2150 3558/5445/2150 3557/5446/2150
f 3559/5447/2151 3563/5442/2151 3561/5444/2151 3557/5448/2151
f 3564/5441/2152 3560/5449/2152 3558/5450/2152 3562/5443/2152
o Cube.228_Cube.225
v -6.914089 12.083473 90.442970
v -6.914089 12.195074 90.442970
v -6.914089 12.083473 88.381020
v -6.914089 12.195074 88.381020
v -4.906120 12.083473 90.442970
v -4.906120 12.195074 90.442970
v -4.906120 12.083473 88.381020
v -4.906120 12.195074 88.381020
vt 0.375000 0.000000
vt 0.625000 0.000000
vt 0.625000 0.250000
vt 0.375000 0.250000
vt 0.625000 0.500000
vt 0.375000 0.500000
vt 0.625000 0.750000
vt 0.375000 0.750000
vt 0.625000 1.000000
vt 0.375000 1.000000
vt 0.125000 0.500000
vt 0.125000 0.750000
vt 0.875000 0.500000
vt 0.875000 0.750000
vn -1.0000 0.0000 0.0000
vn 0.0000 0.0000 -1.0000
vn 1.0000 0.0000 0.0000
vn 0.0000 0.0000 1.0000
vn 0.0000 -1.0000 0.0000
vn 0.0000 1.0000 0.0000
usemtl hbmat_wood
s off
f 3565/5451/2153 3566/5452/2153 3568/5453/2153 3567/5454/2153
f 3567/5454/2154 3568/5453/2154 3572/5455/2154 3571/5456/2154
f 3571/5456/2155 3572/5455/2155 3570/5457/2155 3569/5458/2155
f 3569/5458/2156 3570/5457/2156 3566/5459/2156 3565/5460/2156
f 3567/5461/2157 3571/5456/2157 3569/5458/2157 3565/5462/2157
f 3572/5455/2158 3568/5463/2158 3566/5464/2158 3570/5457/2158
o Cube.229_Cube.226
v -6.914089 9.505477 90.442970
v -6.914089 9.617078 90.442970
v -6.914089 9.505477 88.381020
v -6.914089 9.617078 88.381020
v -4.906120 9.505477 90.442970
v -4.906120 9.617078 90.442970
v -4.906120 9.505477 88.381020
v -4.906120 9.617078 88.381020
vt 0.375000 0.000000
vt 0.625000 0.000000
vt 0.625000 0.250000
vt 0.375000 0.250000
vt 0.625000 0.500000
vt 0.375000 0.500000
vt 0.625000 0.750000
vt 0.375000 0.750000
vt 0.625000 1.000000
vt 0.375000 1.000000
vt 0.125000 0.500000
vt 0.125000 0.750000
vt 0.875000 0.500000
vt 0.875000 0.750000
vn -1.0000 0.0000 0.0000
vn 0.0000 0.0000 -1.0000
vn 1.0000 0.0000 0.0000
vn 0.0000 0.0000 1.0000
vn 0.0000 -1.0000 0.0000
vn 0.0000 1.0000 0.0000
usemtl hbmat_wood
s off
f 3573/5465/2159 3574/5466/2159 3576/5467/2159 3575/5468/2159
f 3575/5468/2160 3576/5467/2160 3580/5469/2160 3579/5470/2160
f 3579/5470/2161 3580/5469/2161 3578/5471/2161 3577/5472/2161
f 3577/5472/2162 3578/5471/2162 3574/5473/2162 3573/5474/2162
f 3575/5475/2163 3579/5470/2163 3577/5472/2163 3573/5476/2163
f 3580/5469/2164 3576/5477/2164 3574/5478/2164 3578/5471/2164
o Cube.230_Cube.227
v -6.914089 6.985400 90.442970
v -6.914089 7.097002 90.442970
v -6.914089 6.985400 88.381020
v -6.914089 7.097002 88.381020
v -4.906120 6.985400 90.442970
v -4.906120 7.097002 90.442970
v -4.906120 6.985400 88.381020
v -4.906120 7.097002 88.381020
vt 0.375000 0.000000
vt 0.625000 0.000000
vt 0.625000 0.250000
vt 0.375000 0.250000
vt 0.625000 0.500000
vt 0.375000 0.500000
vt 0.625000 0.750000
vt 0.375000 0.750000
vt 0.625000 1.000000
vt 0.375000 1.000000
vt 0.125000 0.500000
vt 0.125000 0.750000
vt 0.875000 0.500000
vt 0.875000 0.750000
vn -1.0000 0.0000 0.0000
vn 0.0000 0.0000 -1.0000
vn 1.0000 0.0000 0.0000
vn 0.0000 0.0000 1.0000
vn 0.0000 -1.0000 0.0000
vn 0.0000 1.0000 0.0000
usemtl hbmat_wood
s off
f 3581/5479/2165 3582/5480/2165 3584/5481/2165 3583/5482/2165
f 3583/5482/2166 3584/5481/2166 3588/5483/2166 3587/5484/2166
f 3587/5484/2167 3588/5483/2167 3586/5485/2167 3585/5486/2167
f 3585/5486/2168 3586/5485/2168 3582/5487/2168 3581/5488/2168
f 3583/5489/2169 3587/5484/2169 3585/5486/2169 3581/5490/2169
f 3588/5483/2170 3584/5491/2170 3582/5492/2170 3586/5485/2170
o Cube.231_Cube.228
v -6.914089 1.903422 90.442970
v -6.914089 2.015024 90.442970
v -6.914089 1.903422 88.381020
v -6.914089 2.015024 88.381020
v -4.906120 1.903422 90.442970
v -4.906120 2.015024 90.442970
v -4.906120 1.903422 88.381020
v -4.906120 2.015024 88.381020
vt 0.375000 0.000000
vt 0.625000 0.000000
vt 0.625000 0.250000
vt 0.375000 0.250000
vt 0.625000 0.500000
vt 0.375000 0.500000
vt 0.625000 0.750000
vt 0.375000 0.750000
vt 0.625000 1.000000
vt 0.375000 1.000000
vt 0.125000 0.500000
vt 0.125000 0.750000
vt 0.875000 0.500000
vt 0.875000 0.750000
vn -1.0000 0.0000 0.0000
vn 0.0000 0.0000 -1.0000
vn 1.0000 0.0000 0.0000
vn 0.0000 0.0000 1.0000
vn 0.0000 -1.0000 0.0000
vn 0.0000 1.0000 0.0000
usemtl hbmat_wood
s off
f 3589/5493/2171 3590/5494/2171 3592/5495/2171 3591/5496/2171
f 3591/5496/2172 3592/5495/2172 3596/5497/2172 3595/5498/2172
f 3595/5498/2173 3596/5497/2173 3594/5499/2173 3593/5500/2173
f 3593/5500/2174 3594/5499/2174 3590/5501/2174 3589/5502/2174
f 3591/5503/2175 3595/5498/2175 3593/5500/2175 3589/5504/2175
f 3596/5497/2176 3592/5505/2176 3590/5506/2176 3594/5499/2176
o Cube.232_Cube.229
v -4.976070 11.425955 88.378281
v -4.976070 11.537556 88.378281
v -4.976070 11.425955 86.316330
v -4.976070 11.537556 86.316330
v -2.968102 11.425955 88.378281
v -2.968102 11.537556 88.378281
v -2.968102 11.425955 86.316330
v -2.968102 11.537556 86.316330
vt 0.375000 0.000000
vt 0.625000 0.000000
vt 0.625000 0.250000
vt 0.375000 0.250000
vt 0.625000 0.500000
vt 0.375000 0.500000
vt 0.625000 0.750000
vt 0.375000 0.750000
vt 0.625000 1.000000
vt 0.375000 1.000000
vt 0.125000 0.500000
vt 0.125000 0.750000
vt 0.875000 0.500000
vt 0.875000 0.750000
vn -1.0000 0.0000 0.0000
vn 0.0000 0.0000 -1.0000
vn 1.0000 0.0000 0.0000
vn 0.0000 0.0000 1.0000
vn 0.0000 -1.0000 0.0000
vn 0.0000 1.0000 0.0000
usemtl hbmat_wood
s off
f 3597/5507/2177 3598/5508/2177 3600/5509/2177 3599/5510/2177
f 3599/5510/2178 3600/5509/2178 3604/5511/2178 3603/5512/2178
f 3603/5512/2179 3604/5511/2179 3602/5513/2179 3601/5514/2179
f 3601/5514/2180 3602/5513/2180 3598/5515/2180 3597/5516/2180
f 3599/5517/2181 3603/5512/2181 3601/5514/2181 3597/5518/2181
f 3604/5511/2182 3600/5519/2182 3598/5520/2182 3602/5513/2182
o Cube.233_Cube.230
v -4.976070 8.874094 88.378281
v -4.976070 8.985695 88.378281
v -4.976070 8.874094 86.316330
v -4.976070 8.985695 86.316330
v -2.968102 8.874094 88.378281
v -2.968102 8.985695 88.378281
v -2.968102 8.874094 86.316330
v -2.968102 8.985695 86.316330
vt 0.375000 0.000000
vt 0.625000 0.000000
vt 0.625000 0.250000
vt 0.375000 0.250000
vt 0.625000 0.500000
vt 0.375000 0.500000
vt 0.625000 0.750000
vt 0.375000 0.750000
vt 0.625000 1.000000
vt 0.375000 1.000000
vt 0.125000 0.500000
vt 0.125000 0.750000
vt 0.875000 0.500000
vt 0.875000 0.750000
vn -1.0000 0.0000 0.0000
vn 0.0000 0.0000 -1.0000
vn 1.0000 0.0000 0.0000
vn 0.0000 0.0000 1.0000
vn 0.0000 -1.0000 0.0000
vn 0.0000 1.0000 0.0000
usemtl hbmat_wood
s off
f 3605/5521/2183 3606/5522/2183 3608/5523/2183 3607/5524/2183
f 3607/5524/2184 3608/5523/2184 3612/5525/2184 3611/5526/2184
f 3611/5526/2185 3612/5525/2185 3610/5527/2185 3609/5528/2185
f 3609/5528/2186 3610/5527/2186 3606/5529/2186 3605/5530/2186
f 3607/5531/2187 3611/5526/2187 3609/5528/2187 3605/5532/2187
f 3612/5525/2188 3608/5533/2188 3606/5534/2188 3610/5527/2188
o Cube.234_Cube.231
v -4.976070 6.364118 88.378281
v -4.976070 6.475720 88.378281
v -4.976070 6.364118 86.316330
v -4.976070 6.475720 86.316330
v -2.968102 6.364118 88.378281
v -2.968102 6.475720 88.378281
v -2.968102 6.364118 86.316330
v -2.968102 6.475720 86.316330
vt 0.375000 0.000000
vt 0.625000 0.000000
vt 0.625000 0.250000
vt 0.375000 0.250000
vt 0.625000 0.500000
vt 0.375000 0.500000
vt 0.625000 0.750000
vt 0.375000 0.750000
vt 0.625000 1.000000
vt 0.375000 1.000000
vt 0.125000 0.500000
vt 0.125000 0.750000
vt 0.875000 0.500000
vt 0.875000 0.750000
vn -1.0000 0.0000 0.0000
vn 0.0000 0.0000 -1.0000
vn 1.0000 0.0000 0.0000
vn 0.0000 0.0000 1.0000
vn 0.0000 -1.0000 0.0000
vn 0.0000 1.0000 0.0000
usemtl hbmat_wood
s off
f 3613/5535/2189 3614/5536/2189 3616/5537/2189 3615/5538/2189
f 3615/5538/2190 3616/5537/2190 3620/5539/2190 3619/5540/2190
f 3619/5540/2191 3620/5539/2191 3618/5541/2191 3617/5542/2191
f 3617/5542/2192 3618/5541/2192 3614/5543/2192 3613/5544/2192
f 3615/5545/2193 3619/5540/2193 3617/5542/2193 3613/5546/2193
f 3620/5539/2194 3616/5547/2194 3614/5548/2194 3618/5541/2194
o Cube.235_Cube.232
v -4.976070 3.770554 88.378281
v -4.976070 3.882156 88.378281
v -4.976070 3.770554 86.316330
v -4.976070 3.882156 86.316330
v -2.968102 3.770554 88.378281
v -2.968102 3.882156 88.378281
v -2.968102 3.770554 86.316330
v -2.968102 3.882156 86.316330
vt 0.375000 0.000000
vt 0.625000 0.000000
vt 0.625000 0.250000
vt 0.375000 0.250000
vt 0.625000 0.500000
vt 0.375000 0.500000
vt 0.625000 0.750000
vt 0.375000 0.750000
vt 0.625000 1.000000
vt 0.375000 1.000000
vt 0.125000 0.500000
vt 0.125000 0.750000
vt 0.875000 0.500000
vt 0.875000 0.750000
vn -1.0000 0.0000 0.0000
vn 0.0000 0.0000 -1.0000
vn 1.0000 0.0000 0.0000
vn 0.0000 0.0000 1.0000
vn 0.0000 -1.0000 0.0000
vn 0.0000 1.0000 0.0000
usemtl hbmat_wood
s off
f 3621/5549/2195 3622/5550/2195 3624/5551/2195 3623/5552/2195
f 3623/5552/2196 3624/5551/2196 3628/5553/2196 3627/5554/2196
f 3627/5554/2197 3628/5553/2197 3626/5555/2197 3625/5556/2197
f 3625/5556/2198 3626/5555/2198 3622/5557/2198 3621/5558/2198
f 3623/5559/2199 3627/5554/2199 3625/5556/2199 3621/5560/2199
f 3628/5553/2200 3624/5561/2200 3622/5562/2200 3626/5555/2200
o Cube.236_Cube.233
v -6.939423 3.135705 86.402260
v -6.939423 3.247307 86.402260
v -6.939423 3.135705 84.340309
v -6.939423 3.247307 84.340309
v -4.931454 3.135705 86.402260
v -4.931454 3.247307 86.402260
v -4.931454 3.135705 84.340309
v -4.931454 3.247307 84.340309
vt 0.375000 0.000000
vt 0.625000 0.000000
vt 0.625000 0.250000
vt 0.375000 0.250000
vt 0.625000 0.500000
vt 0.375000 0.500000
vt 0.625000 0.750000
vt 0.375000 0.750000
vt 0.625000 1.000000
vt 0.375000 1.000000
vt 0.125000 0.500000
vt 0.125000 0.750000
vt 0.875000 0.500000
vt 0.875000 0.750000
vn -1.0000 0.0000 0.0000
vn 0.0000 0.0000 -1.0000
vn 1.0000 0.0000 0.0000
vn 0.0000 0.0000 1.0000
vn 0.0000 -1.0000 0.0000
vn 0.0000 1.0000 0.0000
usemtl hbmat_wood
s off
f 3629/5563/2201 3630/5564/2201 3632/5565/2201 3631/5566/2201
f 3631/5566/2202 3632/5565/2202 3636/5567/2202 3635/5568/2202
f 3635/5568/2203 3636/5567/2203 3634/5569/2203 3633/5570/2203
f 3633/5570/2204 3634/5569/2204 3630/5571/2204 3629/5572/2204
f 3631/5573/2205 3635/5568/2205 3633/5570/2205 3629/5574/2205
f 3636/5567/2206 3632/5575/2206 3630/5576/2206 3634/5569/2206
o Cube.237_Cube.234
v -8.883774 5.093890 88.422615
v -8.883774 5.205492 88.422615
v -8.883774 5.093890 86.360664
v -8.883774 5.205492 86.360664
v -6.875805 5.093890 88.422615
v -6.875805 5.205492 88.422615
v -6.875805 5.093890 86.360664
v -6.875805 5.205492 86.360664
vt 0.375000 0.000000
vt 0.625000 0.000000
vt 0.625000 0.250000
vt 0.375000 0.250000
vt 0.625000 0.500000
vt 0.375000 0.500000
vt 0.625000 0.750000
vt 0.375000 0.750000
vt 0.625000 1.000000
vt 0.375000 1.000000
vt 0.125000 0.500000
vt 0.125000 0.750000
vt 0.875000 0.500000
vt 0.875000 0.750000
vn -1.0000 0.0000 0.0000
vn 0.0000 0.0000 -1.0000
vn 1.0000 0.0000 0.0000
vn 0.0000 0.0000 1.0000
vn 0.0000 -1.0000 0.0000
vn 0.0000 1.0000 0.0000
usemtl hbmat_wood
s off
f 3637/5577/2207 3638/5578/2207 3640/5579/2207 3639/5580/2207
f 3639/5580/2208 3640/5579/2208 3644/5581/2208 3643/5582/2208
f 3643/5582/2209 3644/5581/2209 3642/5583/2209 3641/5584/2209
f 3641/5584/2210 3642/5583/2210 3638/5585/2210 3637/5586/2210
f 3639/5587/2211 3643/5582/2211 3641/5584/2211 3637/5588/2211
f 3644/5581/2212 3640/5589/2212 3638/5590/2212 3642/5583/2212
o Cube.238_Cube.235
v -6.914089 4.419009 90.442970
v -6.914089 4.530611 90.442970
v -6.914089 4.419009 88.381020
v -6.914089 4.530611 88.381020
v -4.906120 4.419009 90.442970
v -4.906120 4.530611 90.442970
v -4.906120 4.419009 88.381020
v -4.906120 4.530611 88.381020
vt 0.375000 0.000000
vt 0.625000 0.000000
vt 0.625000 0.250000
vt 0.375000 0.250000
vt 0.625000 0.500000
vt 0.375000 0.500000
vt 0.625000 0.750000
vt 0.375000 0.750000
vt 0.625000 1.000000
vt 0.375000 1.000000
vt 0.125000 0.500000
vt 0.125000 0.750000
vt 0.875000 0.500000
vt 0.875000 0.750000
vn -1.0000 0.0000 0.0000
vn 0.0000 0.0000 -1.0000
vn 1.0000 0.0000 0.0000
vn 0.0000 0.0000 1.0000
vn 0.0000 -1.0000 0.0000
vn 0.0000 1.0000 0.0000
usemtl hbmat_wood
s off
f 3645/5591/2213 3646/5592/2213 3648/5593/2213 3647/5594/2213
f 3647/5594/2214 3648/5593/2214 3652/5595/2214 3651/5596/2214
f 3651/5596/2215 3652/5595/2215 3650/5597/2215 3649/5598/2215
f 3649/5598/2216 3650/5597/2216 3646/5599/2216 3645/5600/2216
f 3647/5601/2217 3651/5596/2217 3649/5598/2217 3645/5602/2217
f 3652/5595/2218 3648/5603/2218 3646/5604/2218 3650/5597/2218
o Cube.239_Cube.236
v -4.976070 1.230196 88.378281
v -4.976070 1.341798 88.378281
v -4.976070 1.230196 86.316330
v -4.976070 1.341798 86.316330
v -2.968102 1.230196 88.378281
v -2.968102 1.341798 88.378281
v -2.968102 1.230196 86.316330
v -2.968102 1.341798 86.316330
vt 0.375000 0.000000
vt 0.625000 0.000000
vt 0.625000 0.250000
vt 0.375000 0.250000
vt 0.625000 0.500000
vt 0.375000 0.500000
vt 0.625000 0.750000
vt 0.375000 0.750000
vt 0.625000 1.000000
vt 0.375000 1.000000
vt 0.125000 0.500000
vt 0.125000 0.750000
vt 0.875000 0.500000
vt 0.875000 0.750000
vn -1.0000 0.0000 0.0000
vn 0.0000 0.0000 -1.0000
vn 1.0000 0.0000 0.0000
vn 0.0000 0.0000 1.0000
vn 0.0000 -1.0000 0.0000
vn 0.0000 1.0000 0.0000
usemtl hbmat_wood
s off
f 3653/5605/2219 3654/5606/2219 3656/5607/2219 3655/5608/2219
f 3655/5608/2220 3656/5607/2220 3660/5609/2220 3659/5610/2220
f 3659/5610/2221 3660/5609/2221 3658/5611/2221 3657/5612/2221
f 3657/5612/2222 3658/5611/2222 3654/5613/2222 3653/5614/2222
f 3655/5615/2223 3659/5610/2223 3657/5612/2223 3653/5616/2223
f 3660/5609/2224 3656/5617/2224 3654/5618/2224 3658/5611/2224
o Cube.240_Cube.237
v 72.113014 -0.662216 90.155914
v 72.113014 -0.080060 90.155914
v 72.113014 -0.662216 83.374359
v 72.113014 -0.080060 83.374359
v 79.100822 -0.662216 90.155914
v 79.100822 -0.080060 90.155914
v 79.100822 -0.662216 83.374359
v 79.100822 -0.080060 83.374359
vt 0.375000 0.000000
vt 0.625000 0.000000
vt 0.625000 0.250000
vt 0.375000 0.250000
vt 0.625000 0.500000
vt 0.375000 0.500000
vt 0.625000 0.750000
vt 0.375000 0.750000
vt 0.625000 1.000000
vt 0.375000 1.000000
vt 0.125000 0.500000
vt 0.125000 0.750000
vt 0.875000 0.500000
vt 0.875000 0.750000
vn -1.0000 0.0000 0.0000
vn 0.0000 0.0000 -1.0000
vn 1.0000 0.0000 0.0000
vn 0.0000 0.0000 1.0000
vn 0.0000 -1.0000 0.0000
vn 0.0000 1.0000 0.0000
usemtl hbmat_concrete
s off
f 3661/5619/2225 3662/5620/2225 3664/5621/2225 3663/5622/2225
f 3663/5622/2226 3664/5621/2226 3668/5623/2226 3667/5624/2226
f 3667/5624/2227 3668/5623/2227 3666/5625/2227 3665/5626/2227
f 3665/5626/2228 3666/5625/2228 3662/5627/2228 3661/5628/2228
f 3663/5629/2229 3667/5624/2229 3665/5626/2229 3661/5630/2229
f 3668/5623/2230 3664/5631/2230 3662/5632/2230 3666/5625/2230
o Cube.241_Cube.238
v -44.925468 -3.894725 93.198692
v -44.925468 9.941725 93.198692
v -44.925468 -3.894725 79.931511
v -44.925468 9.941725 79.931511
v -32.029930 -3.894725 93.198692
v -32.029930 9.941725 93.198692
v -32.029930 -3.894725 79.931511
v -32.029930 9.941725 79.931511
vt 0.375000 0.000000
vt 0.625000 0.000000
vt 0.625000 0.250000
vt 0.375000 0.250000
vt 0.625000 0.500000
vt 0.375000 0.500000
vt 0.625000 0.750000
vt 0.375000 0.750000
vt 0.625000 1.000000
vt 0.375000 1.000000
vt 0.125000 0.500000
vt 0.125000 0.750000
vt 0.875000 0.500000
vt 0.875000 0.750000
vn -1.0000 0.0000 0.0000
vn 0.0000 0.0000 -1.0000
vn 1.0000 0.0000 0.0000
vn 0.0000 0.0000 1.0000
vn 0.0000 -1.0000 0.0000
vn 0.0000 1.0000 0.0000
usemtl hbmat_concrete
s off
f 3669/5633/2231 3670/5634/2231 3672/5635/2231 3671/5636/2231
f 3671/5636/2232 3672/5635/2232 3676/5637/2232 3675/5638/2232
f 3675/5638/2233 3676/5637/2233 3674/5639/2233 3673/5640/2233
f 3673/5640/2234 3674/5639/2234 3670/5641/2234 3669/5642/2234
f 3671/5643/2235 3675/5638/2235 3673/5640/2235 3669/5644/2235
f 3676/5637/2236 3672/5645/2236 3670/5646/2236 3674/5639/2236
o Cube.242_Cube.239
v -47.196796 -0.353740 96.265892
v -47.196796 0.354295 96.265892
v -47.196796 -0.353740 76.968071
v -47.196796 0.354295 76.968071
v -29.765453 -0.353740 96.265892
v -29.765453 0.354295 96.265892
v -29.765453 -0.353740 76.968071
v -29.765453 0.354295 76.968071
vt 0.375000 0.000000
vt 0.625000 0.000000
vt 0.625000 0.250000
vt 0.375000 0.250000
vt 0.625000 0.500000
vt 0.375000 0.500000
vt 0.625000 0.750000
vt 0.375000 0.750000
vt 0.625000 1.000000
vt 0.375000 1.000000
vt 0.125000 0.500000
vt 0.125000 0.750000
vt 0.875000 0.500000
vt 0.875000 0.750000
vn -1.0000 0.0000 0.0000
vn 0.0000 0.0000 -1.0000
vn 1.0000 0.0000 0.0000
vn 0.0000 0.0000 1.0000
vn 0.0000 -1.0000 0.0000
vn 0.0000 1.0000 0.0000
usemtl hbmat_wire
s off
f 3677/5647/2237 3678/5648/2237 3680/5649/2237 3679/5650/2237
f 3679/5650/2238 3680/5649/2238 3684/5651/2238 3683/5652/2238
f 3683/5652/2239 3684/5651/2239 3682/5653/2239 3681/5654/2239
f 3681/5654/2240 3682/5653/2240 3678/5655/2240 3677/5656/2240
f 3679/5657/2241 3683/5652/2241 3681/5654/2241 3677/5658/2241
f 3684/5651/2242 3680/5659/2242 3678/5660/2242 3682/5653/2242
o Cube.243_Cube.240
v -32.793602 -0.180916 87.340179
v -32.793602 0.181471 87.340179
v -32.793602 -0.180916 85.594589
v -32.793602 0.181471 85.594589
v -25.813789 -0.180916 87.340179
v -25.813789 0.181471 87.340179
v -25.813789 -0.180916 85.594589
v -25.813789 0.181471 85.594589
vt 0.375000 0.000000
vt 0.625000 0.000000
vt 0.625000 0.250000
vt 0.375000 0.250000
vt 0.625000 0.500000
vt 0.375000 0.500000
vt 0.625000 0.750000
vt 0.375000 0.750000
vt 0.625000 1.000000
vt 0.375000 1.000000
vt 0.125000 0.500000
vt 0.125000 0.750000
vt 0.875000 0.500000
vt 0.875000 0.750000
vn -1.0000 0.0000 0.0000
vn 0.0000 0.0000 -1.0000
vn 1.0000 0.0000 0.0000
vn 0.0000 0.0000 1.0000
vn 0.0000 -1.0000 0.0000
vn 0.0000 1.0000 0.0000
usemtl hbmat_concrete
s off
f 3685/5661/2243 3686/5662/2243 3688/5663/2243 3687/5664/2243
f 3687/5664/2244 3688/5663/2244 3692/5665/2244 3691/5666/2244
f 3691/5666/2245 3692/5665/2245 3690/5667/2245 3689/5668/2245
f 3689/5668/2246 3690/5667/2246 3686/5669/2246 3685/5670/2246
f 3687/5671/2247 3691/5666/2247 3689/5668/2247 3685/5672/2247
f 3692/5665/2248 3688/5673/2248 3686/5674/2248 3690/5667/2248
o Cube.220_Cube.116
v 116.547134 -0.324184 4.892342
v 116.547134 -0.324184 5.289104
v 116.547134 4.967990 4.892343
v 116.547134 4.967990 5.289104
v 139.098648 -0.324184 4.892342
v 139.098648 -0.324184 5.289104
v 139.098648 4.967990 4.892343
v 139.098648 4.967990 5.289104
vt 0.375000 0.000000
vt 0.625000 0.000000
vt 0.625000 0.250000
vt 0.375000 0.250000
vt 0.625000 0.500000
vt 0.375000 0.500000
vt 0.625000 0.750000
vt 0.375000 0.750000
vt 0.625000 1.000000
vt 0.375000 1.000000
vt 0.125000 0.500000
vt 0.125000 0.750000
vt 0.875000 0.500000
vt 0.875000 0.750000
vn -1.0000 0.0000 0.0000
vn 0.0000 1.0000 0.0000
vn 1.0000 0.0000 0.0000
vn 0.0000 -1.0000 0.0000
vn 0.0000 0.0000 -1.0000
vn 0.0000 -0.0000 1.0000
usemtl hbmat_concrete
s off
f 3693/5675/2249 3694/5676/2249 3696/5677/2249 3695/5678/2249
f 3695/5678/2250 3696/5677/2250 3700/5679/2250 3699/5680/2250
f 3699/5680/2251 3700/5679/2251 3698/5681/2251 3697/5682/2251
f 3697/5682/2252 3698/5681/2252 3694/5683/2252 3693/5684/2252
f 3695/5685/2253 3699/5680/2253 3697/5682/2253 3693/5686/2253
f 3700/5679/2254 3696/5687/2254 3694/5688/2254 3698/5681/2254
o Cube.294_Cube.287
v -53.807770 -0.232466 90.566391
v -53.807770 0.139101 90.566391
v -53.807770 -0.232466 84.549271
v -53.807770 0.139101 84.549271
v -47.790649 -0.232466 90.566391
v -47.790649 0.139101 90.566391
v -47.790649 -0.232466 84.549271
v -47.790649 0.139101 84.549271
vt 0.007560 0.265830
vt 0.243002 0.265830
vt 0.243002 0.490701
vt 0.007560 0.490701
vt 0.243002 0.259795
vt 0.007560 0.259795
vt 0.243002 0.495238
vt 0.007560 0.495238
vt 0.243002 0.267857
vt 0.007560 0.267857
vt 0.237291 0.259795
vt 0.237291 0.495238
vt 0.014447 0.259795
vt 0.014447 0.495238
vn -1.0000 0.0000 0.0000
vn 0.0000 0.0000 -1.0000
vn 1.0000 0.0000 0.0000
vn 0.0000 0.0000 1.0000
vn 0.0000 -1.0000 0.0000
vn 0.0000 1.0000 0.0000
usemtl hbmat_concrete
s off
f 3701/5689/2255 3702/5690/2255 3704/5691/2255 3703/5692/2255
f 3703/5692/2256 3704/5691/2256 3708/5693/2256 3707/5694/2256
f 3707/5694/2257 3708/5693/2257 3706/5695/2257 3705/5696/2257
f 3705/5696/2258 3706/5695/2258 3702/5697/2258 3701/5698/2258
f 3703/5699/2259 3707/5694/2259 3705/5696/2259 3701/5700/2259
f 3708/5693/2260 3704/5701/2260 3702/5702/2260 3706/5695/2260
o Cube.295_Cube.288
v -51.442722 0.599396 88.312737
v -51.442722 5.447106 88.312737
v -51.442722 0.599396 87.011757
v -51.442722 5.447106 87.011757
v -50.141735 0.599396 88.312737
v -50.141735 5.447106 88.312737
v -50.141735 0.599396 87.011757
v -50.141735 5.447106 87.011757
vt 0.375000 0.000000
vt 0.625000 0.000000
vt 0.625000 0.250000
vt 0.375000 0.250000
vt 0.625000 0.500000
vt 0.375000 0.500000
vt 0.625000 0.750000
vt 0.375000 0.750000
vt 0.625000 1.000000
vt 0.375000 1.000000
vt 0.125000 0.500000
vt 0.125000 0.750000
vt 0.875000 0.500000
vt 0.875000 0.750000
vn -1.0000 0.0000 0.0000
vn 0.0000 0.0000 -1.0000
vn 1.0000 0.0000 0.0000
vn 0.0000 0.0000 1.0000
vn 0.0000 -1.0000 0.0000
vn 0.0000 1.0000 0.0000
usemtl tpmat
s off
f 3709/5703/2261 3710/5704/2261 3712/5705/2261 3711/5706/2261
f 3711/5706/2262 3712/5705/2262 3716/5707/2262 3715/5708/2262
f 3715/5708/2263 3716/5707/2263 3714/5709/2263 3713/5710/2263
f 3713/5710/2264 3714/5709/2264 3710/5711/2264 3709/5712/2264
f 3711/5713/2265 3715/5708/2265 3713/5710/2265 3709/5714/2265
f 3716/5707/2266 3712/5715/2266 3710/5716/2266 3714/5709/2266
o Cube.181_Cube.286
v 80.370590 -1.010526 84.499878
v 80.370590 -0.261825 84.499878
v 80.370590 -1.010526 83.751175
v 80.370590 -0.261825 83.751175
v 107.428070 -1.010526 84.499878
v 107.428070 -0.261825 84.499878
v 107.428070 -1.010526 83.751175
v 107.428070 -0.261825 83.751175
vt 0.506728 0.755554
vt 0.741502 0.755554
vt 0.741502 0.815218
vt 0.506728 0.815218
vt 0.741502 0.874882
vt 0.506728 0.874882
vt 0.741502 0.934546
vt 0.506728 0.934546
vt 0.741502 0.994209
vt 0.506728 0.994209
vt 0.744571 0.874882
vt 0.744571 0.934546
vt 0.503659 0.874882
vt 0.503659 0.934546
vn -1.0000 0.0000 0.0000
vn 0.0000 0.0000 -1.0000
vn 1.0000 0.0000 0.0000
vn 0.0000 0.0000 1.0000
vn 0.0000 -1.0000 0.0000
vn 0.0000 1.0000 0.0000
usemtl hbmat_concrete
s off
f 3717/5717/2267 3718/5718/2267 3720/5719/2267 3719/5720/2267
f 3719/5720/2268 3720/5719/2268 3724/5721/2268 3723/5722/2268
f 3723/5722/2269 3724/5721/2269 3722/5723/2269 3721/5724/2269
f 3721/5724/2270 3722/5723/2270 3718/5725/2270 3717/5726/2270
f 3719/5727/2271 3723/5722/2271 3721/5724/2271 3717/5728/2271
f 3724/5721/2272 3720/5729/2272 3718/5730/2272 3722/5723/2272
o Cube.182_Cube.294
v 80.370590 -1.010526 87.146820
v 80.370590 -0.261825 87.146820
v 80.370590 -1.010526 86.398117
v 80.370590 -0.261825 86.398117
v 107.428070 -1.010526 87.146820
v 107.428070 -0.261825 87.146820
v 107.428070 -1.010526 86.398117
v 107.428070 -0.261825 86.398117
vt 0.506728 0.755554
vt 0.741502 0.755554
vt 0.741502 0.815218
vt 0.506728 0.815218
vt 0.741502 0.874882
vt 0.506728 0.874882
vt 0.741502 0.934546
vt 0.506728 0.934546
vt 0.741502 0.994209
vt 0.506728 0.994209
vt 0.744571 0.874882
vt 0.744571 0.934546
vt 0.503659 0.874882
vt 0.503659 0.934546
vn -1.0000 0.0000 0.0000
vn 0.0000 0.0000 -1.0000
vn 1.0000 0.0000 0.0000
vn 0.0000 0.0000 1.0000
vn 0.0000 -1.0000 0.0000
vn 0.0000 1.0000 0.0000
usemtl hbmat_concrete
s off
f 3725/5731/2273 3726/5732/2273 3728/5733/2273 3727/5734/2273
f 3727/5734/2274 3728/5733/2274 3732/5735/2274 3731/5736/2274
f 3731/5736/2275 3732/5735/2275 3730/5737/2275 3729/5738/2275
f 3729/5738/2276 3730/5737/2276 3726/5739/2276 3725/5740/2276
f 3727/5741/2277 3731/5736/2277 3729/5738/2277 3725/5742/2277
f 3732/5735/2278 3728/5743/2278 3726/5744/2278 3730/5737/2278
o Cube.183_Cube.295
v 80.370590 -1.010526 89.838394
v 80.370590 -0.261825 89.838394
v 80.370590 -1.010526 89.089691
v 80.370590 -0.261825 89.089691
v 107.428070 -1.010526 89.838394
v 107.428070 -0.261825 89.838394
v 107.428070 -1.010526 89.089691
v 107.428070 -0.261825 89.089691
vt 0.506728 0.755554
vt 0.741502 0.755554
vt 0.741502 0.815218
vt 0.506728 0.815218
vt 0.741502 0.874882
vt 0.506728 0.874882
vt 0.741502 0.934546
vt 0.506728 0.934546
vt 0.741502 0.994209
vt 0.506728 0.994209
vt 0.744571 0.874882
vt 0.744571 0.934546
vt 0.503659 0.874882
vt 0.503659 0.934546
vn -1.0000 0.0000 0.0000
vn 0.0000 0.0000 -1.0000
vn 1.0000 0.0000 0.0000
vn 0.0000 0.0000 1.0000
vn 0.0000 -1.0000 0.0000
vn 0.0000 1.0000 0.0000
usemtl hbmat_concrete
s off
f 3733/5745/2279 3734/5746/2279 3736/5747/2279 3735/5748/2279
f 3735/5748/2280 3736/5747/2280 3740/5749/2280 3739/5750/2280
f 3739/5750/2281 3740/5749/2281 3738/5751/2281 3737/5752/2281
f 3737/5752/2282 3738/5751/2282 3734/5753/2282 3733/5754/2282
f 3735/5755/2283 3739/5750/2283 3737/5752/2283 3733/5756/2283
f 3740/5749/2284 3736/5757/2284 3734/5758/2284 3738/5751/2284
o Cube.207_Cube.007
v 6.021652 -6.016884 7.959009
v 6.021652 11.031416 7.959009
v 6.021652 -6.016884 -9.089292
v 6.021652 11.031416 -9.089292
v 23.373249 -6.016884 7.959009
v 23.373249 11.031416 7.959009
v 23.373249 -6.016884 -9.089292
v 23.373249 11.031416 -9.089292
vt 0.375000 0.000000
vt 0.625000 0.000000
vt 0.625000 0.250000
vt 0.375000 0.250000
vt 0.625000 0.500000
vt 0.375000 0.500000
vt 0.625000 0.750000
vt 0.375000 0.750000
vt 0.625000 1.000000
vt 0.375000 1.000000
vt 0.125000 0.500000
vt 0.125000 0.750000
vt 0.875000 0.500000
vt 0.875000 0.750000
vn -1.0000 0.0000 0.0000
vn 0.0000 0.0000 -1.0000
vn 1.0000 0.0000 0.0000
vn 0.0000 0.0000 1.0000
vn 0.0000 -1.0000 0.0000
vn 0.0000 1.0000 0.0000
usemtl zombiemat_Awajiba
s off
f 3741/5759/2285 3742/5760/2285 3744/5761/2285 3743/5762/2285
f 3743/5762/2286 3744/5761/2286 3748/5763/2286 3747/5764/2286
f 3747/5764/2287 3748/5763/2287 3746/5765/2287 3745/5766/2287
f 3745/5766/2288 3746/5765/2288 3742/5767/2288 3741/5768/2288
f 3743/5769/2289 3747/5764/2289 3745/5766/2289 3741/5770/2289
f 3748/5763/2290 3744/5771/2290 3742/5772/2290 3746/5765/2290
o Cube.247_Cube.217
v 29.420530 -6.016884 5.808867
v 29.420530 11.031416 5.808867
v 29.420530 -6.016884 -11.239433
v 29.420530 11.031416 -11.239433
v 46.772125 -6.016884 5.808867
v 46.772125 11.031416 5.808867
v 46.772125 -6.016884 -11.239433
v 46.772125 11.031416 -11.239433
vt 0.375000 0.000000
vt 0.625000 0.000000
vt 0.625000 0.250000
vt 0.375000 0.250000
vt 0.625000 0.500000
vt 0.375000 0.500000
vt 0.625000 0.750000
vt 0.375000 0.750000
vt 0.625000 1.000000
vt 0.375000 1.000000
vt 0.125000 0.500000
vt 0.125000 0.750000
vt 0.875000 0.500000
vt 0.875000 0.750000
vn -1.0000 0.0000 0.0000
vn 0.0000 0.0000 -1.0000
vn 1.0000 0.0000 0.0000
vn 0.0000 0.0000 1.0000
vn 0.0000 -1.0000 0.0000
vn 0.0000 1.0000 0.0000
usemtl zombiemat_Awajiba
s off
f 3749/5773/2291 3750/5774/2291 3752/5775/2291 3751/5776/2291
f 3751/5776/2292 3752/5775/2292 3756/5777/2292 3755/5778/2292
f 3755/5778/2293 3756/5777/2293 3754/5779/2293 3753/5780/2293
f 3753/5780/2294 3754/5779/2294 3750/5781/2294 3749/5782/2294
f 3751/5783/2295 3755/5778/2295 3753/5780/2295 3749/5784/2295
f 3756/5777/2296 3752/5785/2296 3750/5786/2296 3754/5779/2296
o Cube.248_Cube.241
v 65.507141 -10.706898 16.587044
v 65.507141 15.721428 16.587044
v 65.507141 -10.706898 -9.841282
v 65.507141 15.721428 -9.841282
v 92.405640 -10.706898 16.587044
v 92.405640 15.721428 16.587044
v 92.405640 -10.706898 -9.841282
v 92.405640 15.721428 -9.841282
vt 0.375000 0.000000
vt 0.625000 0.000000
vt 0.625000 0.250000
vt 0.375000 0.250000
vt 0.625000 0.500000
vt 0.375000 0.500000
vt 0.625000 0.750000
vt 0.375000 0.750000
vt 0.625000 1.000000
vt 0.375000 1.000000
vt 0.125000 0.500000
vt 0.125000 0.750000
vt 0.875000 0.500000
vt 0.875000 0.750000
vn -1.0000 0.0000 0.0000
vn 0.0000 0.0000 -1.0000
vn 1.0000 0.0000 0.0000
vn 0.0000 0.0000 1.0000
vn 0.0000 -1.0000 0.0000
vn 0.0000 1.0000 0.0000
usemtl zombiemat_Awajiba
s off
f 3757/5787/2297 3758/5788/2297 3760/5789/2297 3759/5790/2297
f 3759/5790/2298 3760/5789/2298 3764/5791/2298 3763/5792/2298
f 3763/5792/2299 3764/5791/2299 3762/5793/2299 3761/5794/2299
f 3761/5794/2300 3762/5793/2300 3758/5795/2300 3757/5796/2300
f 3759/5797/2301 3763/5792/2301 3761/5794/2301 3757/5798/2301
f 3764/5791/2302 3760/5799/2302 3758/5800/2302 3762/5793/2302
o Cube.249_Cube.242
v 66.952774 -9.860689 15.786222
v 66.952774 14.875219 15.786222
v 66.952774 -9.860689 -8.949686
v 66.952774 14.875219 -8.949686
v 92.128738 -9.860689 15.786222
v 92.128738 14.875219 15.786222
v 92.128738 -9.860689 -8.949686
v 92.128738 14.875219 -8.949686
vt 0.375000 0.000000
vt 0.625000 0.000000
vt 0.625000 0.250000
vt 0.375000 0.250000
vt 0.625000 0.500000
vt 0.375000 0.500000
vt 0.625000 0.750000
vt 0.375000 0.750000
vt 0.625000 1.000000
vt 0.375000 1.000000
vt 0.125000 0.500000
vt 0.125000 0.750000
vt 0.875000 0.500000
vt 0.875000 0.750000
vn -1.0000 0.0000 0.0000
vn 0.0000 0.0000 -1.0000
vn 1.0000 0.0000 0.0000
vn 0.0000 0.0000 1.0000
vn 0.0000 -1.0000 0.0000
vn 0.0000 1.0000 0.0000
usemtl zombiemat_Awajiba
s off
f 3765/5801/2303 3766/5802/2303 3768/5803/2303 3767/5804/2303
f 3767/5804/2304 3768/5803/2304 3772/5805/2304 3771/5806/2304
f 3771/5806/2305 3772/5805/2305 3770/5807/2305 3769/5808/2305
f 3769/5808/2306 3770/5807/2306 3766/5809/2306 3765/5810/2306
f 3767/5811/2307 3771/5806/2307 3769/5808/2307 3765/5812/2307
f 3772/5805/2308 3768/5813/2308 3766/5814/2308 3770/5807/2308
o Cube.250_Cube.243
v 68.142532 -11.329605 18.029882
v 68.142532 16.344135 18.029882
v 68.142532 -11.329605 -9.643858
v 68.142532 16.344135 -9.643858
v 96.308609 -11.329605 18.029882
v 96.308609 16.344135 18.029882
v 96.308609 -11.329605 -9.643858
v 96.308609 16.344135 -9.643858
vt 0.375000 0.000000
vt 0.625000 0.000000
vt 0.625000 0.250000
vt 0.375000 0.250000
vt 0.625000 0.500000
vt 0.375000 0.500000
vt 0.625000 0.750000
vt 0.375000 0.750000
vt 0.625000 1.000000
vt 0.375000 1.000000
vt 0.125000 0.500000
vt 0.125000 0.750000
vt 0.875000 0.500000
vt 0.875000 0.750000
vn -1.0000 0.0000 0.0000
vn 0.0000 0.0000 -1.0000
vn 1.0000 0.0000 0.0000
vn 0.0000 0.0000 1.0000
vn 0.0000 -1.0000 0.0000
vn 0.0000 1.0000 0.0000
usemtl zombiemat_Awajiba
s off
f 3773/5815/2309 3774/5816/2309 3776/5817/2309 3775/5818/2309
f 3775/5818/2310 3776/5817/2310 3780/5819/2310 3779/5820/2310
f 3779/5820/2311 3780/5819/2311 3778/5821/2311 3777/5822/2311
f 3777/5822/2312 3778/5821/2312 3774/5823/2312 3773/5824/2312
f 3775/5825/2313 3779/5820/2313 3777/5822/2313 3773/5826/2313
f 3780/5819/2314 3776/5827/2314 3774/5828/2314 3778/5821/2314
o Cube.251_Cube.244
v 88.500404 -9.153765 17.143057
v 88.500404 14.168297 17.143057
v 88.500404 -9.153765 -6.179004
v 88.500404 14.168297 -6.179004
v 112.237373 -9.153765 17.143057
v 112.237373 14.168297 17.143057
v 112.237373 -9.153765 -6.179004
v 112.237373 14.168297 -6.179004
vt 0.375000 0.000000
vt 0.625000 0.000000
vt 0.625000 0.250000
vt 0.375000 0.250000
vt 0.625000 0.500000
vt 0.375000 0.500000
vt 0.625000 0.750000
vt 0.375000 0.750000
vt 0.625000 1.000000
vt 0.375000 1.000000
vt 0.125000 0.500000
vt 0.125000 0.750000
vt 0.875000 0.500000
vt 0.875000 0.750000
vn -1.0000 0.0000 0.0000
vn 0.0000 0.0000 -1.0000
vn 1.0000 0.0000 0.0000
vn 0.0000 0.0000 1.0000
vn 0.0000 -1.0000 0.0000
vn 0.0000 1.0000 0.0000
usemtl zombiemat_Awajiba
s off
f 3781/5829/2315 3782/5830/2315 3784/5831/2315 3783/5832/2315
f 3783/5832/2316 3784/5831/2316 3788/5833/2316 3787/5834/2316
f 3787/5834/2317 3788/5833/2317 3786/5835/2317 3785/5836/2317
f 3785/5836/2318 3786/5835/2318 3782/5837/2318 3781/5838/2318
f 3783/5839/2319 3787/5834/2319 3785/5836/2319 3781/5840/2319
f 3788/5833/2320 3784/5841/2320 3782/5842/2320 3786/5835/2320
o Cube.252_Cube.245
v 122.448395 1.507266 8.855514
v 122.448395 3.507266 8.855514
v 122.448395 1.507266 -0.512299
v 122.448395 3.507266 -0.512299
v 124.481384 1.507266 8.855514
v 124.481384 3.507266 8.855514
v 124.481384 1.507266 -0.512299
v 124.481384 3.507266 -0.512299
vt 0.375000 0.000000
vt 0.625000 0.000000
vt 0.625000 0.250000
vt 0.375000 0.250000
vt 0.625000 0.500000
vt 0.375000 0.500000
vt 0.625000 0.750000
vt 0.375000 0.750000
vt 0.625000 1.000000
vt 0.375000 1.000000
vt 0.125000 0.500000
vt 0.125000 0.750000
vt 0.875000 0.500000
vt 0.875000 0.750000
vn -1.0000 0.0000 0.0000
vn 0.0000 0.0000 -1.0000
vn 1.0000 0.0000 0.0000
vn 0.0000 0.0000 1.0000
vn 0.0000 -1.0000 0.0000
vn 0.0000 1.0000 0.0000
usemtl zombiemat_Awajiba
s off
f 3789/5843/2321 3790/5844/2321 3792/5845/2321 3791/5846/2321
f 3791/5846/2322 3792/5845/2322 3796/5847/2322 3795/5848/2322
f 3795/5848/2323 3796/5847/2323 3794/5849/2323 3793/5850/2323
f 3793/5850/2324 3794/5849/2324 3790/5851/2324 3789/5852/2324
f 3791/5853/2325 3795/5848/2325 3793/5850/2325 3789/5854/2325
f 3796/5847/2326 3792/5855/2326 3790/5856/2326 3794/5849/2326
o Cube.253_Cube.246
v 112.295410 -1.125175 10.561735
v 112.295410 6.139707 10.561735
v 112.295410 -1.125175 0.039215
v 112.295410 6.139707 0.039215
v 115.643784 -1.125175 10.561735
v 115.643784 6.139707 10.561735
v 115.643784 -1.125175 0.039215
v 115.643784 6.139707 0.039215
vt 0.375000 0.000000
vt 0.625000 0.000000
vt 0.625000 0.250000
vt 0.375000 0.250000
vt 0.625000 0.500000
vt 0.375000 0.500000
vt 0.625000 0.750000
vt 0.375000 0.750000
vt 0.625000 1.000000
vt 0.375000 1.000000
vt 0.125000 0.500000
vt 0.125000 0.750000
vt 0.875000 0.500000
vt 0.875000 0.750000
vn -1.0000 0.0000 0.0000
vn 0.0000 0.0000 -1.0000
vn 1.0000 0.0000 0.0000
vn 0.0000 0.0000 1.0000
vn 0.0000 -1.0000 0.0000
vn 0.0000 1.0000 0.0000
usemtl zombiemat_Awajiba
s off
f 3797/5857/2327 3798/5858/2327 3800/5859/2327 3799/5860/2327
f 3799/5860/2328 3800/5859/2328 3804/5861/2328 3803/5862/2328
f 3803/5862/2329 3804/5861/2329 3802/5863/2329 3801/5864/2329
f 3801/5864/2330 3802/5863/2330 3798/5865/2330 3797/5866/2330
f 3799/5867/2331 3803/5862/2331 3801/5864/2331 3797/5868/2331
f 3804/5861/2332 3800/5869/2332 3798/5870/2332 3802/5863/2332
o Cube.254_Cube.247
v 128.321915 1.507266 8.855514
v 128.321915 3.507266 8.855514
v 128.321915 1.507266 -0.512299
v 128.321915 3.507266 -0.512299
v 130.354904 1.507266 8.855514
v 130.354904 3.507266 8.855514
v 130.354904 1.507266 -0.512299
v 130.354904 3.507266 -0.512299
vt 0.375000 0.000000
vt 0.625000 0.000000
vt 0.625000 0.250000
vt 0.375000 0.250000
vt 0.625000 0.500000
vt 0.375000 0.500000
vt 0.625000 0.750000
vt 0.375000 0.750000
vt 0.625000 1.000000
vt 0.375000 1.000000
vt 0.125000 0.500000
vt 0.125000 0.750000
vt 0.875000 0.500000
vt 0.875000 0.750000
vn -1.0000 0.0000 0.0000
vn 0.0000 0.0000 -1.0000
vn 1.0000 0.0000 0.0000
vn 0.0000 0.0000 1.0000
vn 0.0000 -1.0000 0.0000
vn 0.0000 1.0000 0.0000
usemtl zombiemat_Awajiba
s off
f 3805/5871/2333 3806/5872/2333 3808/5873/2333 3807/5874/2333
f 3807/5874/2334 3808/5873/2334 3812/5875/2334 3811/5876/2334
f 3811/5876/2335 3812/5875/2335 3810/5877/2335 3809/5878/2335
f 3809/5878/2336 3810/5877/2336 3806/5879/2336 3805/5880/2336
f 3807/5881/2337 3811/5876/2337 3809/5878/2337 3805/5882/2337
f 3812/5875/2338 3808/5883/2338 3806/5884/2338 3810/5877/2338
o Cube.255_Cube.248
v 145.712036 1.507266 10.281441
v 145.712036 3.507266 10.281441
v 136.375061 1.507266 10.281441
v 136.375061 3.507266 10.281441
v 145.712036 1.507266 8.248446
v 145.712036 3.507266 8.248446
v 136.375061 1.507266 8.248446
v 136.375061 3.507266 8.248446
vt 0.375000 0.000000
vt 0.625000 0.000000
vt 0.625000 0.250000
vt 0.375000 0.250000
vt 0.625000 0.500000
vt 0.375000 0.500000
vt 0.625000 0.750000
vt 0.375000 0.750000
vt 0.625000 1.000000
vt 0.375000 1.000000
vt 0.125000 0.500000
vt 0.125000 0.750000
vt 0.875000 0.500000
vt 0.875000 0.750000
vn 0.0000 0.0000 1.0000
vn -1.0000 0.0000 0.0000
vn 0.0000 0.0000 -1.0000
vn 1.0000 0.0000 0.0000
vn 0.0000 -1.0000 0.0000
vn 0.0000 1.0000 0.0000
usemtl zombiemat_Awajiba
s off
f 3813/5885/2339 3814/5886/2339 3816/5887/2339 3815/5888/2339
f 3815/5888/2340 3816/5887/2340 3820/5889/2340 3819/5890/2340
f 3819/5890/2341 3820/5889/2341 3818/5891/2341 3817/5892/2341
f 3817/5892/2342 3818/5891/2342 3814/5893/2342 3813/5894/2342
f 3815/5895/2343 3819/5890/2343 3817/5892/2343 3813/5896/2343
f 3820/5889/2344 3816/5897/2344 3814/5898/2344 3818/5891/2344
o Cube.256_Cube.249
v 142.559189 1.507266 19.911915
v 142.559189 3.507266 19.911915
v 133.222214 1.507266 19.911915
v 133.222214 3.507266 19.911915
v 142.559189 1.507266 17.878922
v 142.559189 3.507266 17.878922
v 133.222214 1.507266 17.878922
v 133.222214 3.507266 17.878922
vt 0.375000 0.000000
vt 0.625000 0.000000
vt 0.625000 0.250000
vt 0.375000 0.250000
vt 0.625000 0.500000
vt 0.375000 0.500000
vt 0.625000 0.750000
vt 0.375000 0.750000
vt 0.625000 1.000000
vt 0.375000 1.000000
vt 0.125000 0.500000
vt 0.125000 0.750000
vt 0.875000 0.500000
vt 0.875000 0.750000
vn 0.0000 0.0000 1.0000
vn -1.0000 0.0000 0.0000
vn 0.0000 0.0000 -1.0000
vn 1.0000 0.0000 0.0000
vn 0.0000 -1.0000 0.0000
vn 0.0000 1.0000 0.0000
usemtl zombiemat_Awajiba
s off
f 3821/5899/2345 3822/5900/2345 3824/5901/2345 3823/5902/2345
f 3823/5902/2346 3824/5901/2346 3828/5903/2346 3827/5904/2346
f 3827/5904/2347 3828/5903/2347 3826/5905/2347 3825/5906/2347
f 3825/5906/2348 3826/5905/2348 3822/5907/2348 3821/5908/2348
f 3823/5909/2349 3827/5904/2349 3825/5906/2349 3821/5910/2349
f 3828/5903/2350 3824/5911/2350 3822/5912/2350 3826/5905/2350
o Cube.257_Cube.250
v 122.499481 -6.016884 44.180145
v 122.499481 11.031416 44.180145
v 122.499481 -6.016884 27.131844
v 122.499481 11.031416 27.131844
v 139.851074 -6.016884 44.180145
v 139.851074 11.031416 44.180145
v 139.851074 -6.016884 27.131844
v 139.851074 11.031416 27.131844
vt 0.375000 0.000000
vt 0.625000 0.000000
vt 0.625000 0.250000
vt 0.375000 0.250000
vt 0.625000 0.500000
vt 0.375000 0.500000
vt 0.625000 0.750000
vt 0.375000 0.750000
vt 0.625000 1.000000
vt 0.375000 1.000000
vt 0.125000 0.500000
vt 0.125000 0.750000
vt 0.875000 0.500000
vt 0.875000 0.750000
vn -1.0000 0.0000 0.0000
vn 0.0000 0.0000 -1.0000
vn 1.0000 0.0000 0.0000
vn 0.0000 0.0000 1.0000
vn 0.0000 -1.0000 0.0000
vn 0.0000 1.0000 0.0000
usemtl zombiemat_Awajiba
s off
f 3829/5913/2351 3830/5914/2351 3832/5915/2351 3831/5916/2351
f 3831/5916/2352 3832/5915/2352 3836/5917/2352 3835/5918/2352
f 3835/5918/2353 3836/5917/2353 3834/5919/2353 3833/5920/2353
f 3833/5920/2354 3834/5919/2354 3830/5921/2354 3829/5922/2354
f 3831/5923/2355 3835/5918/2355 3833/5920/2355 3829/5924/2355
f 3836/5917/2356 3832/5925/2356 3830/5926/2356 3834/5919/2356
o Cube.258_Cube.251
v 130.272141 -6.016884 47.584229
v 130.272141 11.031416 47.584229
v 130.272141 -6.016884 30.535927
v 130.272141 11.031416 30.535927
v 147.623734 -6.016884 47.584229
v 147.623734 11.031416 47.584229
v 147.623734 -6.016884 30.535927
v 147.623734 11.031416 30.535927
vt 0.375000 0.000000
vt 0.625000 0.000000
vt 0.625000 0.250000
vt 0.375000 0.250000
vt 0.625000 0.500000
vt 0.375000 0.500000
vt 0.625000 0.750000
vt 0.375000 0.750000
vt 0.625000 1.000000
vt 0.375000 1.000000
vt 0.125000 0.500000
vt 0.125000 0.750000
vt 0.875000 0.500000
vt 0.875000 0.750000
vn -1.0000 0.0000 0.0000
vn 0.0000 0.0000 -1.0000
vn 1.0000 0.0000 0.0000
vn 0.0000 0.0000 1.0000
vn 0.0000 -1.0000 0.0000
vn 0.0000 1.0000 0.0000
usemtl zombiemat_Awajiba
s off
f 3837/5927/2357 3838/5928/2357 3840/5929/2357 3839/5930/2357
f 3839/5930/2358 3840/5929/2358 3844/5931/2358 3843/5932/2358
f 3843/5932/2359 3844/5931/2359 3842/5933/2359 3841/5934/2359
f 3841/5934/2360 3842/5933/2360 3838/5935/2360 3837/5936/2360
f 3839/5937/2361 3843/5932/2361 3841/5934/2361 3837/5938/2361
f 3844/5931/2362 3840/5939/2362 3838/5940/2362 3842/5933/2362
o Cube.259_Cube.252
v 127.057175 -6.016884 63.715809
v 127.057175 11.031416 63.715809
v 127.057175 -6.016884 46.667507
v 127.057175 11.031416 46.667507
v 144.408768 -6.016884 63.715809
v 144.408768 11.031416 63.715809
v 144.408768 -6.016884 46.667507
v 144.408768 11.031416 46.667507
vt 0.375000 0.000000
vt 0.625000 0.000000
vt 0.625000 0.250000
vt 0.375000 0.250000
vt 0.625000 0.500000
vt 0.375000 0.500000
vt 0.625000 0.750000
vt 0.375000 0.750000
vt 0.625000 1.000000
vt 0.375000 1.000000
vt 0.125000 0.500000
vt 0.125000 0.750000
vt 0.875000 0.500000
vt 0.875000 0.750000
vn -1.0000 0.0000 0.0000
vn 0.0000 0.0000 -1.0000
vn 1.0000 0.0000 0.0000
vn 0.0000 0.0000 1.0000
vn 0.0000 -1.0000 0.0000
vn 0.0000 1.0000 0.0000
usemtl zombiemat_Awajiba
s off
f 3845/5941/2363 3846/5942/2363 3848/5943/2363 3847/5944/2363
f 3847/5944/2364 3848/5943/2364 3852/5945/2364 3851/5946/2364
f 3851/5946/2365 3852/5945/2365 3850/5947/2365 3849/5948/2365
f 3849/5948/2366 3850/5947/2366 3846/5949/2366 3845/5950/2366
f 3847/5951/2367 3851/5946/2367 3849/5948/2367 3845/5952/2367
f 3852/5945/2368 3848/5953/2368 3846/5954/2368 3850/5947/2368
o Cube.260_Cube.253
v 142.559189 1.507266 76.535210
v 142.559189 3.507266 76.535210
v 133.222214 1.507266 76.535210
v 133.222214 3.507266 76.535210
v 142.559189 1.507266 74.502220
v 142.559189 3.507266 74.502220
v 133.222214 1.507266 74.502220
v 133.222214 3.507266 74.502220
vt 0.375000 0.000000
vt 0.625000 0.000000
vt 0.625000 0.250000
vt 0.375000 0.250000
vt 0.625000 0.500000
vt 0.375000 0.500000
vt 0.625000 0.750000
vt 0.375000 0.750000
vt 0.625000 1.000000
vt 0.375000 1.000000
vt 0.125000 0.500000
vt 0.125000 0.750000
vt 0.875000 0.500000
vt 0.875000 0.750000
vn 0.0000 0.0000 1.0000
vn -1.0000 0.0000 0.0000
vn 0.0000 0.0000 -1.0000
vn 1.0000 0.0000 0.0000
vn 0.0000 -1.0000 0.0000
vn 0.0000 1.0000 0.0000
usemtl zombiemat_Awajiba
s off
f 3853/5955/2369 3854/5956/2369 3856/5957/2369 3855/5958/2369
f 3855/5958/2370 3856/5957/2370 3860/5959/2370 3859/5960/2370
f 3859/5960/2371 3860/5959/2371 3858/5961/2371 3857/5962/2371
f 3857/5962/2372 3858/5961/2372 3854/5963/2372 3853/5964/2372
f 3855/5965/2373 3859/5960/2373 3857/5962/2373 3853/5966/2373
f 3860/5959/2374 3856/5967/2374 3854/5968/2374 3858/5961/2374
o Cube.261_Cube.254
v 126.668755 1.507266 92.768906
v 126.668755 3.507266 92.768906
v 126.668755 1.507266 83.431931
v 126.668755 3.507266 83.431931
v 128.701752 1.507266 92.768906
v 128.701752 3.507266 92.768906
v 128.701752 1.507266 83.431931
v 128.701752 3.507266 83.431931
vt 0.375000 0.000000
vt 0.625000 0.000000
vt 0.625000 0.250000
vt 0.375000 0.250000
vt 0.625000 0.500000
vt 0.375000 0.500000
vt 0.625000 0.750000
vt 0.375000 0.750000
vt 0.625000 1.000000
vt 0.375000 1.000000
vt 0.125000 0.500000
vt 0.125000 0.750000
vt 0.875000 0.500000
vt 0.875000 0.750000
vn -1.0000 0.0000 0.0000
vn 0.0000 0.0000 -1.0000
vn 1.0000 0.0000 0.0000
vn 0.0000 0.0000 1.0000
vn 0.0000 -1.0000 0.0000
vn 0.0000 1.0000 0.0000
usemtl zombiemat_Awajiba
s off
f 3861/5969/2375 3862/5970/2375 3864/5971/2375 3863/5972/2375
f 3863/5972/2376 3864/5971/2376 3868/5973/2376 3867/5974/2376
f 3867/5974/2377 3868/5973/2377 3866/5975/2377 3865/5976/2377
f 3865/5976/2378 3866/5975/2378 3862/5977/2378 3861/5978/2378
f 3863/5979/2379 3867/5974/2379 3865/5976/2379 3861/5980/2379
f 3868/5973/2380 3864/5981/2380 3862/5982/2380 3866/5975/2380
o Cube.262_Cube.255
v 117.077591 1.507266 89.107208
v 117.077591 3.507266 89.107208
v 117.077591 1.507266 79.770233
v 117.077591 3.507266 79.770233
v 119.110580 1.507266 89.107208
v 119.110580 3.507266 89.107208
v 119.110580 1.507266 79.770233
v 119.110580 3.507266 79.770233
vt 0.375000 0.000000
vt 0.625000 0.000000
vt 0.625000 0.250000
vt 0.375000 0.250000
vt 0.625000 0.500000
vt 0.375000 0.500000
vt 0.625000 0.750000
vt 0.375000 0.750000
vt 0.625000 1.000000
vt 0.375000 1.000000
vt 0.125000 0.500000
vt 0.125000 0.750000
vt 0.875000 0.500000
vt 0.875000 0.750000
vn -1.0000 0.0000 0.0000
vn 0.0000 0.0000 -1.0000
vn 1.0000 0.0000 0.0000
vn 0.0000 0.0000 1.0000
vn 0.0000 -1.0000 0.0000
vn 0.0000 1.0000 0.0000
usemtl zombiemat_Awajiba
s off
f 3869/5983/2381 3870/5984/2381 3872/5985/2381 3871/5986/2381
f 3871/5986/2382 3872/5985/2382 3876/5987/2382 3875/5988/2382
f 3875/5988/2383 3876/5987/2383 3874/5989/2383 3873/5990/2383
f 3873/5990/2384 3874/5989/2384 3870/5991/2384 3869/5992/2384
f 3871/5993/2385 3875/5988/2385 3873/5990/2385 3869/5994/2385
f 3876/5987/2386 3872/5995/2386 3870/5996/2386 3874/5989/2386
o Cube.263_Cube.256
v 21.853981 -8.125729 97.907486
v 21.853981 13.140259 97.907486
v 21.853981 -8.125729 76.641495
v 21.853981 13.140259 76.641495
v 43.498299 -8.125729 97.907486
v 43.498299 13.140259 97.907486
v 43.498299 -8.125729 76.641495
v 43.498299 13.140259 76.641495
vt 0.375000 0.000000
vt 0.625000 0.000000
vt 0.625000 0.250000
vt 0.375000 0.250000
vt 0.625000 0.500000
vt 0.375000 0.500000
vt 0.625000 0.750000
vt 0.375000 0.750000
vt 0.625000 1.000000
vt 0.375000 1.000000
vt 0.125000 0.500000
vt 0.125000 0.750000
vt 0.875000 0.500000
vt 0.875000 0.750000
vn -1.0000 0.0000 0.0000
vn 0.0000 0.0000 -1.0000
vn 1.0000 0.0000 0.0000
vn 0.0000 0.0000 1.0000
vn 0.0000 -1.0000 0.0000
vn 0.0000 1.0000 0.0000
usemtl zombiemat_Awajiba
s off
f 3877/5997/2387 3878/5998/2387 3880/5999/2387 3879/6000/2387
f 3879/6000/2388 3880/5999/2388 3884/6001/2388 3883/6002/2388
f 3883/6002/2389 3884/6001/2389 3882/6003/2389 3881/6004/2389
f 3881/6004/2390 3882/6003/2390 3878/6005/2390 3877/6006/2390
f 3879/6007/2391 3883/6002/2391 3881/6004/2391 3877/6008/2391
f 3884/6001/2392 3880/6009/2392 3878/6010/2392 3882/6003/2392
o Cube.264_Cube.257
v -66.613152 -6.452104 95.947678
v -66.613152 11.466635 95.947678
v -66.613152 -6.452104 78.028946
v -66.613152 11.466635 78.028946
v -26.679581 -6.452104 95.947678
v -26.679581 11.466635 95.947678
v -26.679581 -6.452104 78.028946
v -26.679581 11.466635 78.028946
vt 0.375000 0.000000
vt 0.625000 0.000000
vt 0.625000 0.250000
vt 0.375000 0.250000
vt 0.625000 0.500000
vt 0.375000 0.500000
vt 0.625000 0.750000
vt 0.375000 0.750000
vt 0.625000 1.000000
vt 0.375000 1.000000
vt 0.125000 0.500000
vt 0.125000 0.750000
vt 0.875000 0.500000
vt 0.875000 0.750000
vn -1.0000 0.0000 0.0000
vn 0.0000 0.0000 -1.0000
vn 1.0000 0.0000 0.0000
vn 0.0000 0.0000 1.0000
vn 0.0000 -1.0000 0.0000
vn 0.0000 1.0000 0.0000
usemtl zombiemat_Awajiba
s off
f 3885/6011/2393 3886/6012/2393 3888/6013/2393 3887/6014/2393
f 3887/6014/2394 3888/6013/2394 3892/6015/2394 3891/6016/2394
f 3891/6016/2395 3892/6015/2395 3890/6017/2395 3889/6018/2395
f 3889/6018/2396 3890/6017/2396 3886/6019/2396 3885/6020/2396
f 3887/6021/2397 3891/6016/2397 3889/6018/2397 3885/6022/2397
f 3892/6015/2398 3888/6023/2398 3886/6024/2398 3890/6017/2398
o Cube.265_Cube.258
v -66.417076 -6.452104 98.182938
v -66.417076 11.466635 98.182938
v -66.417076 -6.452104 80.264206
v -66.417076 11.466635 80.264206
v -26.483505 -6.452104 98.182938
v -26.483505 11.466635 98.182938
v -26.483505 -6.452104 80.264206
v -26.483505 11.466635 80.264206
vt 0.375000 0.000000
vt 0.625000 0.000000
vt 0.625000 0.250000
vt 0.375000 0.250000
vt 0.625000 0.500000
vt 0.375000 0.500000
vt 0.625000 0.750000
vt 0.375000 0.750000
vt 0.625000 1.000000
vt 0.375000 1.000000
vt 0.125000 0.500000
vt 0.125000 0.750000
vt 0.875000 0.500000
vt 0.875000 0.750000
vn -1.0000 0.0000 0.0000
vn 0.0000 0.0000 -1.0000
vn 1.0000 0.0000 0.0000
vn 0.0000 0.0000 1.0000
vn 0.0000 -1.0000 0.0000
vn 0.0000 1.0000 0.0000
usemtl zombiemat_Awajiba
s off
f 3893/6025/2399 3894/6026/2399 3896/6027/2399 3895/6028/2399
f 3895/6028/2400 3896/6027/2400 3900/6029/2400 3899/6030/2400
f 3899/6030/2401 3900/6029/2401 3898/6031/2401 3897/6032/2401
f 3897/6032/2402 3898/6031/2402 3894/6033/2402 3893/6034/2402
f 3895/6035/2403 3899/6030/2403 3897/6032/2403 3893/6036/2403
f 3900/6029/2404 3896/6037/2404 3894/6038/2404 3898/6031/2404
o Cube.266_Cube.259
v -66.730797 -6.452104 91.869308
v -66.730797 11.466635 91.869308
v -66.730797 -6.452104 73.950577
v -66.730797 11.466635 73.950577
v -26.797226 -6.452104 91.869308
v -26.797226 11.466635 91.869308
v -26.797226 -6.452104 73.950577
v -26.797226 11.466635 73.950577
vt 0.375000 0.000000
vt 0.625000 0.000000
vt 0.625000 0.250000
vt 0.375000 0.250000
vt 0.625000 0.500000
vt 0.375000 0.500000
vt 0.625000 0.750000
vt 0.375000 0.750000
vt 0.625000 1.000000
vt 0.375000 1.000000
vt 0.125000 0.500000
vt 0.125000 0.750000
vt 0.875000 0.500000
vt 0.875000 0.750000
vn -1.0000 0.0000 0.0000
vn 0.0000 0.0000 -1.0000
vn 1.0000 0.0000 0.0000
vn 0.0000 0.0000 1.0000
vn 0.0000 -1.0000 0.0000
vn 0.0000 1.0000 0.0000
usemtl zombiemat_Awajiba
s off
f 3901/6039/2405 3902/6040/2405 3904/6041/2405 3903/6042/2405
f 3903/6042/2406 3904/6041/2406 3908/6043/2406 3907/6044/2406
f 3907/6044/2407 3908/6043/2407 3906/6045/2407 3905/6046/2407
f 3905/6046/2408 3906/6045/2408 3902/6047/2408 3901/6048/2408
f 3903/6049/2409 3907/6044/2409 3905/6046/2409 3901/6050/2409
f 3908/6043/2410 3904/6051/2410 3902/6052/2410 3906/6045/2410
o Cube.267_Cube.260
v -66.240608 -6.452104 103.627289
v -66.240608 11.466635 103.627289
v -66.240608 -6.452104 85.708557
v -66.240608 11.466635 85.708557
v -26.307037 -6.452104 103.627289
v -26.307037 11.466635 103.627289
v -26.307037 -6.452104 85.708557
v -26.307037 11.466635 85.708557
vt 0.375000 0.000000
vt 0.625000 0.000000
vt 0.625000 0.250000
vt 0.375000 0.250000
vt 0.625000 0.500000
vt 0.375000 0.500000
vt 0.625000 0.750000
vt 0.375000 0.750000
vt 0.625000 1.000000
vt 0.375000 1.000000
vt 0.125000 0.500000
vt 0.125000 0.750000
vt 0.875000 0.500000
vt 0.875000 0.750000
vn -1.0000 0.0000 0.0000
vn 0.0000 0.0000 -1.0000
vn 1.0000 0.0000 0.0000
vn 0.0000 0.0000 1.0000
vn 0.0000 -1.0000 0.0000
vn 0.0000 1.0000 0.0000
usemtl zombiemat_Awajiba
s off
f 3909/6053/2411 3910/6054/2411 3912/6055/2411 3911/6056/2411
f 3911/6056/2412 3912/6055/2412 3916/6057/2412 3915/6058/2412
f 3915/6058/2413 3916/6057/2413 3914/6059/2413 3913/6060/2413
f 3913/6060/2414 3914/6059/2414 3910/6061/2414 3909/6062/2414
f 3911/6063/2415 3915/6058/2415 3913/6060/2415 3909/6064/2415
f 3916/6057/2416 3912/6065/2416 3910/6066/2416 3914/6059/2416
o Cube.138_Cube.132
v 117.114883 -0.324184 27.778057
v 117.511642 -0.324184 27.778057
v 117.114883 4.967990 27.778057
v 117.511642 4.967990 27.778057
v 117.114883 -0.324184 5.226540
v 117.511642 -0.324184 5.226540
v 117.114883 4.967990 5.226540
v 117.511642 4.967990 5.226540
vt 0.375000 0.000000
vt 0.625000 0.000000
vt 0.625000 0.250000
vt 0.375000 0.250000
vt 0.625000 0.500000
vt 0.375000 0.500000
vt 0.625000 0.750000
vt 0.375000 0.750000
vt 0.625000 1.000000
vt 0.375000 1.000000
vt 0.125000 0.500000
vt 0.125000 0.750000
vt 0.875000 0.500000
vt 0.875000 0.750000
vn 0.0000 0.0000 1.0000
vn 0.0000 1.0000 0.0000
vn 0.0000 0.0000 -1.0000
vn 0.0000 -1.0000 0.0000
vn -1.0000 0.0000 0.0000
vn 1.0000 0.0000 0.0000
usemtl hbmat_concrete
s off
f 3917/6067/2417 3918/6068/2417 3920/6069/2417 3919/6070/2417
f 3919/6070/2418 3920/6069/2418 3924/6071/2418 3923/6072/2418
f 3923/6072/2419 3924/6071/2419 3922/6073/2419 3921/6074/2419
f 3921/6074/2420 3922/6073/2420 3918/6075/2420 3917/6076/2420
f 3919/6077/2421 3923/6072/2421 3921/6074/2421 3917/6078/2421
f 3924/6071/2422 3920/6079/2422 3918/6080/2422 3922/6073/2422
o Cube.244_Cube.118
v 116.840378 -0.324184 -0.731274
v 117.237137 -0.324184 -0.731274
v 116.840378 4.967990 -0.731274
v 117.237137 4.967990 -0.731274
v 116.840378 -0.324184 -23.282791
v 117.237137 -0.324184 -23.282791
v 116.840378 4.967990 -23.282791
v 117.237137 4.967990 -23.282791
vt 0.375000 0.000000
vt 0.625000 0.000000
vt 0.625000 0.250000
vt 0.375000 0.250000
vt 0.625000 0.500000
vt 0.375000 0.500000
vt 0.625000 0.750000
vt 0.375000 0.750000
vt 0.625000 1.000000
vt 0.375000 1.000000
vt 0.125000 0.500000
vt 0.125000 0.750000
vt 0.875000 0.500000
vt 0.875000 0.750000
vn 0.0000 0.0000 1.0000
vn 0.0000 1.0000 0.0000
vn 0.0000 0.0000 -1.0000
vn 0.0000 -1.0000 0.0000
vn -1.0000 0.0000 0.0000
vn 1.0000 0.0000 0.0000
usemtl hbmat_concrete
s off
f 3925/6081/2423 3926/6082/2423 3928/6083/2423 3927/6084/2423
f 3927/6084/2424 3928/6083/2424 3932/6085/2424 3931/6086/2424
f 3931/6086/2425 3932/6085/2425 3930/6087/2425 3929/6088/2425
f 3929/6088/2426 3930/6087/2426 3926/6089/2426 3925/6090/2426
f 3927/6091/2427 3931/6086/2427 3929/6088/2427 3925/6092/2427
f 3932/6085/2428 3928/6093/2428 3926/6094/2428 3930/6087/2428
o Cube.245_Cube.192
v 107.502785 -0.043994 64.865730
v 107.502785 4.346822 64.865730
v 107.502785 -0.043994 64.451149
v 107.502785 4.346822 64.451149
v 132.331772 -0.043994 64.865730
v 132.331772 4.346822 64.865730
v 132.331772 -0.043994 64.451149
v 132.331772 4.346822 64.451149
vt 0.375000 0.000000
vt 0.625000 0.000000
vt 0.625000 0.250000
vt 0.375000 0.250000
vt 0.625000 0.500000
vt 0.375000 0.500000
vt 0.625000 0.750000
vt 0.375000 0.750000
vt 0.625000 1.000000
vt 0.375000 1.000000
vt 0.125000 0.500000
vt 0.125000 0.750000
vt 0.875000 0.500000
vt 0.875000 0.750000
vn -1.0000 0.0000 0.0000
vn 0.0000 0.0000 -1.0000
vn 1.0000 0.0000 0.0000
vn 0.0000 0.0000 1.0000
vn 0.0000 -1.0000 0.0000
vn 0.0000 1.0000 0.0000
usemtl hbmat_concrete
s off
f 3933/6095/2429 3934/6096/2429 3936/6097/2429 3935/6098/2429
f 3935/6098/2430 3936/6097/2430 3940/6099/2430 3939/6100/2430
f 3939/6100/2431 3940/6099/2431 3938/6101/2431 3937/6102/2431
f 3937/6102/2432 3938/6101/2432 3934/6103/2432 3933/6104/2432
f 3935/6105/2433 3939/6100/2433 3937/6102/2433 3933/6106/2433
f 3940/6099/2434 3936/6107/2434 3934/6108/2434 3938/6101/2434
o Cube.246_Cube.204
v 138.090515 -0.043994 64.735016
v 138.090515 4.346822 64.735016
v 138.090515 -0.043994 64.320435
v 138.090515 4.346822 64.320435
v 162.919495 -0.043994 64.735016
v 162.919495 4.346822 64.735016
v 162.919495 -0.043994 64.320435
v 162.919495 4.346822 64.320435
vt 0.375000 0.000000
vt 0.625000 0.000000
vt 0.625000 0.250000
vt 0.375000 0.250000
vt 0.625000 0.500000
vt 0.375000 0.500000
vt 0.625000 0.750000
vt 0.375000 0.750000
vt 0.625000 1.000000
vt 0.375000 1.000000
vt 0.125000 0.500000
vt 0.125000 0.750000
vt 0.875000 0.500000
vt 0.875000 0.750000
vn -1.0000 0.0000 0.0000
vn 0.0000 0.0000 -1.0000
vn 1.0000 0.0000 0.0000
vn 0.0000 0.0000 1.0000
vn 0.0000 -1.0000 0.0000
vn 0.0000 1.0000 0.0000
usemtl hbmat_concrete
s off
f 3941/6109/2435 3942/6110/2435 3944/6111/2435 3943/6112/2435
f 3943/6112/2436 3944/6111/2436 3948/6113/2436 3947/6114/2436
f 3947/6114/2437 3948/6113/2437 3946/6115/2437 3945/6116/2437
f 3945/6116/2438 3946/6115/2438 3942/6117/2438 3941/6118/2438
f 3943/6119/2439 3947/6114/2439 3945/6116/2439 3941/6120/2439
f 3948/6113/2440 3944/6121/2440 3942/6122/2440 3946/6115/2440
o Cube.268_Cube.261
v -7.270607 -0.324184 11.685645
v -7.270607 -0.324184 12.082406
v -7.270607 4.967990 11.685645
v -7.270607 4.967990 12.082406
v 117.055183 -0.324184 11.685645
v 117.055183 -0.324184 12.082406
v 117.055183 4.967990 11.685645
v 117.055183 4.967990 12.082406
vt 0.375000 0.000000
vt 0.625000 0.000000
vt 0.625000 0.250000
vt 0.375000 0.250000
vt 0.625000 0.500000
vt 0.375000 0.500000
vt 0.625000 0.750000
vt 0.375000 0.750000
vt 0.625000 1.000000
vt 0.375000 1.000000
vt 0.125000 0.500000
vt 0.125000 0.750000
vt 0.875000 0.500000
vt 0.875000 0.750000
vn -1.0000 0.0000 0.0000
vn 0.0000 1.0000 0.0000
vn 1.0000 0.0000 0.0000
vn 0.0000 -1.0000 0.0000
vn 0.0000 0.0000 -1.0000
vn 0.0000 0.0000 1.0000
usemtl hbmat_concrete
s off
f 3949/6123/2441 3950/6124/2441 3952/6125/2441 3951/6126/2441
f 3951/6126/2442 3952/6125/2442 3956/6127/2442 3955/6128/2442
f 3955/6128/2443 3956/6127/2443 3954/6129/2443 3953/6130/2443
f 3953/6130/2444 3954/6129/2444 3950/6131/2444 3949/6132/2444
f 3951/6133/2445 3955/6128/2445 3953/6130/2445 3949/6134/2445
f 3956/6127/2446 3952/6135/2446 3950/6136/2446 3954/6129/2446
o Cube.269_Cube.262
v -7.270607 -0.324184 -9.930950
v -7.270607 -0.324184 -9.534189
v -7.270607 4.967990 -9.930950
v -7.270607 4.967990 -9.534189
v 117.055183 -0.324184 -9.930950
v 117.055183 -0.324184 -9.534189
v 117.055183 4.967990 -9.930950
v 117.055183 4.967990 -9.534189
vt 0.375000 0.000000
vt 0.625000 0.000000
vt 0.625000 0.250000
vt 0.375000 0.250000
vt 0.625000 0.500000
vt 0.375000 0.500000
vt 0.625000 0.750000
vt 0.375000 0.750000
vt 0.625000 1.000000
vt 0.375000 1.000000
vt 0.125000 0.500000
vt 0.125000 0.750000
vt 0.875000 0.500000
vt 0.875000 0.750000
vn -1.0000 0.0000 0.0000
vn 0.0000 1.0000 0.0000
vn 1.0000 0.0000 0.0000
vn 0.0000 -1.0000 0.0000
vn 0.0000 0.0000 -1.0000
vn 0.0000 0.0000 1.0000
usemtl hbmat_concrete
s off
f 3957/6137/2447 3958/6138/2447 3960/6139/2447 3959/6140/2447
f 3959/6140/2448 3960/6139/2448 3964/6141/2448 3963/6142/2448
f 3963/6142/2449 3964/6141/2449 3962/6143/2449 3961/6144/2449
f 3961/6144/2450 3962/6143/2450 3958/6145/2450 3957/6146/2450
f 3959/6147/2451 3963/6142/2451 3961/6144/2451 3957/6148/2451
f 3964/6141/2452 3960/6149/2452 3958/6150/2452 3962/6143/2452
o Cube.270_Cube.263
v 149.627823 -0.324184 65.716019
v 150.024582 -0.324184 65.716019
v 149.627823 4.967990 65.716019
v 150.024582 4.967990 65.716019
v 149.627823 -0.324184 23.113071
v 150.024582 -0.324184 23.113071
v 149.627823 4.967990 23.113071
v 150.024582 4.967990 23.113071
vt 0.375000 0.000000
vt 0.625000 0.000000
vt 0.625000 0.250000
vt 0.375000 0.250000
vt 0.625000 0.500000
vt 0.375000 0.500000
vt 0.625000 0.750000
vt 0.375000 0.750000
vt 0.625000 1.000000
vt 0.375000 1.000000
vt 0.125000 0.500000
vt 0.125000 0.750000
vt 0.875000 0.500000
vt 0.875000 0.750000
vn 0.0000 0.0000 1.0000
vn 0.0000 1.0000 0.0000
vn 0.0000 0.0000 -1.0000
vn 0.0000 -1.0000 0.0000
vn -1.0000 0.0000 0.0000
vn 1.0000 0.0000 0.0000
usemtl hbmat_concrete
s off
f 3965/6151/2453 3966/6152/2453 3968/6153/2453 3967/6154/2453
f 3967/6154/2454 3968/6153/2454 3972/6155/2454 3971/6156/2454
f 3971/6156/2455 3972/6155/2455 3970/6157/2455 3969/6158/2455
f 3969/6158/2456 3970/6157/2456 3966/6159/2456 3965/6160/2456
f 3967/6161/2457 3971/6156/2457 3969/6158/2457 3965/6162/2457
f 3972/6155/2458 3968/6163/2458 3966/6164/2458 3970/6157/2458
o Cube.271_Cube.264
v 127.769989 -0.324184 64.740227
v 128.166748 -0.324184 64.740227
v 127.769989 4.967990 64.740227
v 128.166748 4.967990 64.740227
v 127.769989 -0.324184 22.137276
v 128.166748 -0.324184 22.137276
v 127.769989 4.967990 22.137276
v 128.166748 4.967990 22.137276
vt 0.375000 0.000000
vt 0.625000 0.000000
vt 0.625000 0.250000
vt 0.375000 0.250000
vt 0.625000 0.500000
vt 0.375000 0.500000
vt 0.625000 0.750000
vt 0.375000 0.750000
vt 0.625000 1.000000
vt 0.375000 1.000000
vt 0.125000 0.500000
vt 0.125000 0.750000
vt 0.875000 0.500000
vt 0.875000 0.750000
vn 0.0000 0.0000 1.0000
vn 0.0000 1.0000 0.0000
vn 0.0000 0.0000 -1.0000
vn 0.0000 -1.0000 0.0000
vn -1.0000 0.0000 0.0000
vn 1.0000 0.0000 0.0000
usemtl hbmat_concrete
s off
f 3973/6165/2459 3974/6166/2459 3976/6167/2459 3975/6168/2459
f 3975/6168/2460 3976/6167/2460 3980/6169/2460 3979/6170/2460
f 3979/6170/2461 3980/6169/2461 3978/6171/2461 3977/6172/2461
f 3977/6172/2462 3978/6171/2462 3974/6173/2462 3973/6174/2462
f 3975/6175/2463 3979/6170/2463 3977/6172/2463 3973/6176/2463
f 3980/6169/2464 3976/6177/2464 3974/6178/2464 3978/6171/2464
o Cube.272_Cube.265
v 110.332596 -0.043994 23.687128
v 110.332596 4.346822 23.687128
v 110.332596 -0.043994 23.272543
v 110.332596 4.346822 23.272543
v 135.161591 -0.043994 23.687128
v 135.161591 4.346822 23.687128
v 135.161591 -0.043994 23.272543
v 135.161591 4.346822 23.272543
vt 0.375000 0.000000
vt 0.625000 0.000000
vt 0.625000 0.250000
vt 0.375000 0.250000
vt 0.625000 0.500000
vt 0.375000 0.500000
vt 0.625000 0.750000
vt 0.375000 0.750000
vt 0.625000 1.000000
vt 0.375000 1.000000
vt 0.125000 0.500000
vt 0.125000 0.750000
vt 0.875000 0.500000
vt 0.875000 0.750000
vn -1.0000 0.0000 0.0000
vn 0.0000 0.0000 -1.0000
vn 1.0000 0.0000 0.0000
vn 0.0000 0.0000 1.0000
vn 0.0000 -1.0000 0.0000
vn 0.0000 1.0000 0.0000
usemtl hbmat_concrete
s off
f 3981/6179/2465 3982/6180/2465 3984/6181/2465 3983/6182/2465
f 3983/6182/2466 3984/6181/2466 3988/6183/2466 3987/6184/2466
f 3987/6184/2467 3988/6183/2467 3986/6185/2467 3985/6186/2467
f 3985/6186/2468 3986/6185/2468 3982/6187/2468 3981/6188/2468
f 3983/6189/2469 3987/6184/2469 3985/6186/2469 3981/6190/2469
f 3988/6183/2470 3984/6191/2470 3982/6192/2470 3986/6185/2470
o Cube.273_Cube.266
v 143.262238 -0.043994 24.044313
v 143.262238 4.346822 24.044313
v 143.262238 -0.043994 23.629728
v 143.262238 4.346822 23.629728
v 168.091217 -0.043994 24.044313
v 168.091217 4.346822 24.044313
v 168.091217 -0.043994 23.629728
v 168.091217 4.346822 23.629728
vt 0.375000 0.000000
vt 0.625000 0.000000
vt 0.625000 0.250000
vt 0.375000 0.250000
vt 0.625000 0.500000
vt 0.375000 0.500000
vt 0.625000 0.750000
vt 0.375000 0.750000
vt 0.625000 1.000000
vt 0.375000 1.000000
vt 0.125000 0.500000
vt 0.125000 0.750000
vt 0.875000 0.500000
vt 0.875000 0.750000
vn -1.0000 0.0000 0.0000
vn 0.0000 0.0000 -1.0000
vn 1.0000 0.0000 0.0000
vn 0.0000 0.0000 1.0000
vn 0.0000 -1.0000 0.0000
vn 0.0000 1.0000 0.0000
usemtl hbmat_concrete
s off
f 3989/6193/2471 3990/6194/2471 3992/6195/2471 3991/6196/2471
f 3991/6196/2472 3992/6195/2472 3996/6197/2472 3995/6198/2472
f 3995/6198/2473 3996/6197/2473 3994/6199/2473 3993/6200/2473
f 3993/6200/2474 3994/6199/2474 3990/6201/2474 3989/6202/2474
f 3991/6203/2475 3995/6198/2475 3993/6200/2475 3989/6204/2475
f 3996/6197/2476 3992/6205/2476 3990/6206/2476 3994/6199/2476
o Cube.274_Cube.268
v -61.818619 -0.324184 69.451553
v -61.818619 -0.324184 69.848312
v -61.818619 4.967990 69.451553
v -61.818619 4.967990 69.848312
v -24.723841 -0.324184 69.451553
v -24.723841 -0.324184 69.848312
v -24.723841 4.967990 69.451553
v -24.723841 4.967990 69.848312
vt 0.375000 0.000000
vt 0.625000 0.000000
vt 0.625000 0.250000
vt 0.375000 0.250000
vt 0.625000 0.500000
vt 0.375000 0.500000
vt 0.625000 0.750000
vt 0.375000 0.750000
vt 0.625000 1.000000
vt 0.375000 1.000000
vt 0.125000 0.500000
vt 0.125000 0.750000
vt 0.875000 0.500000
vt 0.875000 0.750000
vn -1.0000 0.0000 0.0000
vn 0.0000 1.0000 0.0000
vn 1.0000 0.0000 0.0000
vn 0.0000 -1.0000 0.0000
vn 0.0000 0.0000 -1.0000
vn 0.0000 0.0000 1.0000
usemtl hbmat_concrete
s off
f 3997/6207/2477 3998/6208/2477 4000/6209/2477 3999/6210/2477
f 3999/6210/2478 4000/6209/2478 4004/6211/2478 4003/6212/2478
f 4003/6212/2479 4004/6211/2479 4002/6213/2479 4001/6214/2479
f 4001/6214/2480 4002/6213/2480 3998/6215/2480 3997/6216/2480
f 3999/6217/2481 4003/6212/2481 4001/6214/2481 3997/6218/2481
f 4004/6211/2482 4000/6219/2482 3998/6220/2482 4002/6213/2482
o Cube.275_Cube.269
v -61.206863 -0.324184 104.415703
v -61.206863 -0.324184 104.812462
v -61.206863 4.967990 104.415703
v -61.206863 4.967990 104.812462
v -24.112085 -0.324184 104.415703
v -24.112085 -0.324184 104.812462
v -24.112085 4.967990 104.415703
v -24.112085 4.967990 104.812462
vt 0.375000 0.000000
vt 0.625000 0.000000
vt 0.625000 0.250000
vt 0.375000 0.250000
vt 0.625000 0.500000
vt 0.375000 0.500000
vt 0.625000 0.750000
vt 0.375000 0.750000
vt 0.625000 1.000000
vt 0.375000 1.000000
vt 0.125000 0.500000
vt 0.125000 0.750000
vt 0.875000 0.500000
vt 0.875000 0.750000
vn -1.0000 0.0000 0.0000
vn 0.0000 1.0000 0.0000
vn 1.0000 0.0000 0.0000
vn 0.0000 -1.0000 0.0000
vn 0.0000 0.0000 -1.0000
vn 0.0000 0.0000 1.0000
usemtl hbmat_concrete
s off
f 4005/6221/2483 4006/6222/2483 4008/6223/2483 4007/6224/2483
f 4007/6224/2484 4008/6223/2484 4012/6225/2484 4011/6226/2484
f 4011/6226/2485 4012/6225/2485 4010/6227/2485 4009/6228/2485
f 4009/6228/2486 4010/6227/2486 4006/6229/2486 4005/6230/2486
f 4007/6231/2487 4011/6226/2487 4009/6228/2487 4005/6232/2487
f 4012/6225/2488 4008/6233/2488 4006/6234/2488 4010/6227/2488
o Cube.276_Cube.270
v -55.099598 -0.324183 65.692749
v -55.099598 -0.324185 108.241867
v -55.099598 4.967991 65.692749
v -55.099598 4.967989 108.241867
v -54.313091 -0.324183 65.692749
v -54.313091 -0.324185 108.241867
v -54.313091 4.967991 65.692749
v -54.313091 4.967989 108.241867
vt 0.375000 0.000000
vt 0.625000 0.000000
vt 0.625000 0.250000
vt 0.375000 0.250000
vt 0.625000 0.500000
vt 0.375000 0.500000
vt 0.625000 0.750000
vt 0.375000 0.750000
vt 0.625000 1.000000
vt 0.375000 1.000000
vt 0.125000 0.500000
vt 0.125000 0.750000
vt 0.875000 0.500000
vt 0.875000 0.750000
vn -1.0000 0.0000 0.0000
vn 0.0000 1.0000 0.0000
vn 1.0000 0.0000 0.0000
vn 0.0000 -1.0000 -0.0000
vn 0.0000 0.0000 -1.0000
vn 0.0000 0.0000 1.0000
usemtl hbmat_concrete
s off
f 4013/6235/2489 4014/6236/2489 4016/6237/2489 4015/6238/2489
f 4015/6238/2490 4016/6237/2490 4020/6239/2490 4019/6240/2490
f 4019/6240/2491 4020/6239/2491 4018/6241/2491 4017/6242/2491
f 4017/6242/2492 4018/6241/2492 4014/6243/2492 4013/6244/2492
f 4015/6245/2493 4019/6240/2493 4017/6242/2493 4013/6246/2493
f 4020/6239/2494 4016/6247/2494 4014/6248/2494 4018/6241/2494
o Cube.277_Cube.267
v 23.685886 -1.502145 14.077513
v 23.685886 1.204301 14.077513
v 23.685886 -1.502145 5.267649
v 23.685886 1.204301 5.267649
v 30.244247 -1.502145 14.077513
v 30.244247 1.204301 14.077513
v 30.244247 -1.502145 5.267649
v 30.244247 1.204301 5.267649
vt 0.375000 0.000000
vt 0.625000 0.000000
vt 0.625000 0.250000
vt 0.375000 0.250000
vt 0.625000 0.500000
vt 0.375000 0.500000
vt 0.625000 0.750000
vt 0.375000 0.750000
vt 0.625000 1.000000
vt 0.375000 1.000000
vt 0.125000 0.500000
vt 0.125000 0.750000
vt 0.875000 0.500000
vt 0.875000 0.750000
vn -1.0000 0.0000 0.0000
vn 0.0000 0.0000 -1.0000
vn 1.0000 0.0000 0.0000
vn 0.0000 0.0000 1.0000
vn 0.0000 -1.0000 0.0000
vn 0.0000 1.0000 0.0000
usemtl hbmat_concrete
s off
f 4021/6249/2495 4022/6250/2495 4024/6251/2495 4023/6252/2495
f 4023/6252/2496 4024/6251/2496 4028/6253/2496 4027/6254/2496
f 4027/6254/2497 4028/6253/2497 4026/6255/2497 4025/6256/2497
f 4025/6256/2498 4026/6255/2498 4022/6257/2498 4021/6258/2498
f 4023/6259/2499 4027/6254/2499 4025/6256/2499 4021/6260/2499
f 4028/6253/2500 4024/6261/2500 4022/6262/2500 4026/6255/2500
o Cube.278_Cube.271
v 54.960789 -2.224443 8.441309
v 54.960789 1.926600 8.441309
v 54.960789 -2.224443 0.751786
v 54.960789 1.926600 0.751786
v 62.203632 -2.224443 8.441309
v 62.203632 1.926600 8.441309
v 62.203632 -2.224443 0.751786
v 62.203632 1.926600 0.751786
vt 0.375000 0.000000
vt 0.625000 0.000000
vt 0.625000 0.250000
vt 0.375000 0.250000
vt 0.625000 0.500000
vt 0.375000 0.500000
vt 0.625000 0.750000
vt 0.375000 0.750000
vt 0.625000 1.000000
vt 0.375000 1.000000
vt 0.125000 0.500000
vt 0.125000 0.750000
vt 0.875000 0.500000
vt 0.875000 0.750000
vn -1.0000 0.0000 0.0000
vn 0.0000 0.0000 -1.0000
vn 1.0000 0.0000 0.0000
vn 0.0000 0.0000 1.0000
vn 0.0000 -1.0000 0.0000
vn 0.0000 1.0000 0.0000
usemtl hbmat_concrete
s off
f 4029/6263/2501 4030/6264/2501 4032/6265/2501 4031/6266/2501
f 4031/6266/2502 4032/6265/2502 4036/6267/2502 4035/6268/2502
f 4035/6268/2503 4036/6267/2503 4034/6269/2503 4033/6270/2503
f 4033/6270/2504 4034/6269/2504 4030/6271/2504 4029/6272/2504
f 4031/6273/2505 4035/6268/2505 4033/6270/2505 4029/6274/2505
f 4036/6267/2506 4032/6275/2506 4030/6276/2506 4034/6269/2506
o Cube.279_Cube.272
v 52.996429 -2.224443 -3.943871
v 52.996429 1.926600 -3.943871
v 52.996429 -2.224443 -11.725950
v 52.996429 1.926600 -11.725950
v 64.711372 -2.224443 -3.943871
v 64.711372 1.926600 -3.943871
v 64.711372 -2.224443 -11.725950
v 64.711372 1.926600 -11.725950
vt 0.375000 0.000000
vt 0.625000 0.000000
vt 0.625000 0.250000
vt 0.375000 0.250000
vt 0.625000 0.500000
vt 0.375000 0.500000
vt 0.625000 0.750000
vt 0.375000 0.750000
vt 0.625000 1.000000
vt 0.375000 1.000000
vt 0.125000 0.500000
vt 0.125000 0.750000
vt 0.875000 0.500000
vt 0.875000 0.750000
vn -1.0000 0.0000 0.0000
vn 0.0000 0.0000 -1.0000
vn 1.0000 0.0000 0.0000
vn 0.0000 0.0000 1.0000
vn 0.0000 -1.0000 0.0000
vn 0.0000 1.0000 0.0000
usemtl hbmat_concrete
s off
f 4037/6277/2507 4038/6278/2507 4040/6279/2507 4039/6280/2507
f 4039/6280/2508 4040/6279/2508 4044/6281/2508 4043/6282/2508
f 4043/6282/2509 4044/6281/2509 4042/6283/2509 4041/6284/2509
f 4041/6284/2510 4042/6283/2510 4038/6285/2510 4037/6286/2510
f 4039/6287/2511 4043/6282/2511 4041/6284/2511 4037/6288/2511
f 4044/6281/2512 4040/6289/2512 4038/6290/2512 4042/6283/2512
o Cube.280_Cube.273
v 112.308075 -1.233438 -5.388875
v 112.308075 0.935594 -5.388875
v 112.308075 -1.233438 -12.449381
v 112.308075 0.935594 -12.449381
v 118.429443 -1.233438 -5.388875
v 118.429443 0.935594 -5.388875
v 118.429443 -1.233438 -12.449381
v 118.429443 0.935594 -12.449381
vt 0.375000 0.000000
vt 0.625000 0.000000
vt 0.625000 0.250000
vt 0.375000 0.250000
vt 0.625000 0.500000
vt 0.375000 0.500000
vt 0.625000 0.750000
vt 0.375000 0.750000
vt 0.625000 1.000000
vt 0.375000 1.000000
vt 0.125000 0.500000
vt 0.125000 0.750000
vt 0.875000 0.500000
vt 0.875000 0.750000
vn -1.0000 0.0000 0.0000
vn 0.0000 0.0000 -1.0000
vn 1.0000 0.0000 0.0000
vn 0.0000 0.0000 1.0000
vn 0.0000 -1.0000 0.0000
vn 0.0000 1.0000 0.0000
usemtl hbmat_concrete
s off
f 4045/6291/2513 4046/6292/2513 4048/6293/2513 4047/6294/2513
f 4047/6294/2514 4048/6293/2514 4052/6295/2514 4051/6296/2514
f 4051/6296/2515 4052/6295/2515 4050/6297/2515 4049/6298/2515
f 4049/6298/2516 4050/6297/2516 4046/6299/2516 4045/6300/2516
f 4047/6301/2517 4051/6296/2517 4049/6298/2517 4045/6302/2517
f 4052/6295/2518 4048/6303/2518 4046/6304/2518 4050/6297/2518
o Cube.281_Cube.274
v 52.710823 -2.071176 18.169186
v 52.710823 1.773332 18.169186
v 52.710823 -2.071176 5.654774
v 52.710823 1.773332 5.654774
v 65.225235 -2.071176 18.169186
v 65.225235 1.773332 18.169186
v 65.225235 -2.071176 5.654774
v 65.225235 1.773332 5.654774
vt 0.375000 0.000000
vt 0.625000 0.000000
vt 0.625000 0.250000
vt 0.375000 0.250000
vt 0.625000 0.500000
vt 0.375000 0.500000
vt 0.625000 0.750000
vt 0.375000 0.750000
vt 0.625000 1.000000
vt 0.375000 1.000000
vt 0.125000 0.500000
vt 0.125000 0.750000
vt 0.875000 0.500000
vt 0.875000 0.750000
vn -1.0000 0.0000 0.0000
vn 0.0000 0.0000 -1.0000
vn 1.0000 0.0000 0.0000
vn 0.0000 0.0000 1.0000
vn 0.0000 -1.0000 0.0000
vn 0.0000 1.0000 0.0000
usemtl hbmat_concrete
s off
f 4053/6305/2519 4054/6306/2519 4056/6307/2519 4055/6308/2519
f 4055/6308/2520 4056/6307/2520 4060/6309/2520 4059/6310/2520
f 4059/6310/2521 4060/6309/2521 4058/6311/2521 4057/6312/2521
f 4057/6312/2522 4058/6311/2522 4054/6313/2522 4053/6314/2522
f 4055/6315/2523 4059/6310/2523 4057/6312/2523 4053/6316/2523
f 4060/6309/2524 4056/6317/2524 4054/6318/2524 4058/6311/2524
o Cube.282_Cube.275
v 19.987492 -2.071176 21.723244
v 19.987492 1.773332 21.723244
v 19.987492 -2.071176 9.208832
v 19.987492 1.773332 9.208832
v 32.501904 -2.071176 21.723244
v 32.501904 1.773332 21.723244
v 32.501904 -2.071176 9.208832
v 32.501904 1.773332 9.208832
vt 0.375000 0.000000
vt 0.625000 0.000000
vt 0.625000 0.250000
vt 0.375000 0.250000
vt 0.625000 0.500000
vt 0.375000 0.500000
vt 0.625000 0.750000
vt 0.375000 0.750000
vt 0.625000 1.000000
vt 0.375000 1.000000
vt 0.125000 0.500000
vt 0.125000 0.750000
vt 0.875000 0.500000
vt 0.875000 0.750000
vn -1.0000 0.0000 0.0000
vn 0.0000 0.0000 -1.0000
vn 1.0000 0.0000 0.0000
vn 0.0000 0.0000 1.0000
vn 0.0000 -1.0000 0.0000
vn 0.0000 1.0000 0.0000
usemtl hbmat_concrete
s off
f 4061/6319/2525 4062/6320/2525 4064/6321/2525 4063/6322/2525
f 4063/6322/2526 4064/6321/2526 4068/6323/2526 4067/6324/2526
f 4067/6324/2527 4068/6323/2527 4066/6325/2527 4065/6326/2527
f 4065/6326/2528 4066/6325/2528 4062/6327/2528 4061/6328/2528
f 4063/6329/2529 4067/6324/2529 4065/6326/2529 4061/6330/2529
f 4068/6323/2530 4064/6331/2530 4062/6332/2530 4066/6325/2530
o Cube.283_Cube.276
v 77.181664 -0.324184 94.651939
v 77.181664 -0.324184 95.048698
v 77.181664 4.967990 94.651939
v 77.181664 4.967990 95.048698
v 107.940102 -0.324184 94.651939
v 107.940102 -0.324184 95.048698
v 107.940102 4.967990 94.651939
v 107.940102 4.967990 95.048698
vt 0.375000 0.000000
vt 0.625000 0.000000
vt 0.625000 0.250000
vt 0.375000 0.250000
vt 0.625000 0.500000
vt 0.375000 0.500000
vt 0.625000 0.750000
vt 0.375000 0.750000
vt 0.625000 1.000000
vt 0.375000 1.000000
vt 0.125000 0.500000
vt 0.125000 0.750000
vt 0.875000 0.500000
vt 0.875000 0.750000
vn -1.0000 0.0000 0.0000
vn 0.0000 1.0000 0.0000
vn 1.0000 0.0000 0.0000
vn 0.0000 -1.0000 0.0000
vn 0.0000 0.0000 -1.0000
vn 0.0000 0.0000 1.0000
usemtl hbmat_concrete
s off
f 4069/6333/2531 4070/6334/2531 4072/6335/2531 4071/6336/2531
f 4071/6336/2532 4072/6335/2532 4076/6337/2532 4075/6338/2532
f 4075/6338/2533 4076/6337/2533 4074/6339/2533 4073/6340/2533
f 4073/6340/2534 4074/6339/2534 4070/6341/2534 4069/6342/2534
f 4071/6343/2535 4075/6338/2535 4073/6340/2535 4069/6344/2535
f 4076/6337/2536 4072/6345/2536 4070/6346/2536 4074/6339/2536
o Cube.284_Cube.277
v 77.181664 -0.324184 77.797989
v 77.181664 -0.324184 78.194748
v 77.181664 4.967990 77.797989
v 77.181664 4.967990 78.194748
v 107.940102 -0.324184 77.797989
v 107.940102 -0.324184 78.194748
v 107.940102 4.967990 77.797989
v 107.940102 4.967990 78.194748
vt 0.375000 0.000000
vt 0.625000 0.000000
vt 0.625000 0.250000
vt 0.375000 0.250000
vt 0.625000 0.500000
vt 0.375000 0.500000
vt 0.625000 0.750000
vt 0.375000 0.750000
vt 0.625000 1.000000
vt 0.375000 1.000000
vt 0.125000 0.500000
vt 0.125000 0.750000
vt 0.875000 0.500000
vt 0.875000 0.750000
vn -1.0000 0.0000 0.0000
vn 0.0000 1.0000 0.0000
vn 1.0000 0.0000 0.0000
vn 0.0000 -1.0000 0.0000
vn 0.0000 0.0000 -1.0000
vn 0.0000 0.0000 1.0000
usemtl hbmat_concrete
s off
f 4077/6347/2537 4078/6348/2537 4080/6349/2537 4079/6350/2537
f 4079/6350/2538 4080/6349/2538 4084/6351/2538 4083/6352/2538
f 4083/6352/2539 4084/6351/2539 4082/6353/2539 4081/6354/2539
f 4081/6354/2540 4082/6353/2540 4078/6355/2540 4077/6356/2540
f 4079/6357/2541 4083/6352/2541 4081/6354/2541 4077/6358/2541
f 4084/6351/2542 4080/6359/2542 4078/6360/2542 4082/6353/2542
o Cube.285_Cube.278
v 108.221870 -0.080433 89.952400
v 108.221870 -0.080433 94.988716
v 108.221870 4.724239 89.952400
v 108.221870 4.724239 94.988716
v 109.108208 -0.080433 89.952400
v 109.108208 -0.080433 94.988716
v 109.108208 4.724239 89.952400
v 109.108208 4.724239 94.988716
vt 0.375000 0.000000
vt 0.625000 0.000000
vt 0.625000 0.250000
vt 0.375000 0.250000
vt 0.625000 0.500000
vt 0.375000 0.500000
vt 0.625000 0.750000
vt 0.375000 0.750000
vt 0.625000 1.000000
vt 0.375000 1.000000
vt 0.125000 0.500000
vt 0.125000 0.750000
vt 0.875000 0.500000
vt 0.875000 0.750000
vn -1.0000 0.0000 0.0000
vn 0.0000 1.0000 0.0000
vn 1.0000 0.0000 0.0000
vn 0.0000 -1.0000 0.0000
vn 0.0000 0.0000 -1.0000
vn 0.0000 0.0000 1.0000
usemtl hbmat_concrete
s off
f 4085/6361/2543 4086/6362/2543 4088/6363/2543 4087/6364/2543
f 4087/6364/2544 4088/6363/2544 4092/6365/2544 4091/6366/2544
f 4091/6366/2545 4092/6365/2545 4090/6367/2545 4089/6368/2545
f 4089/6368/2546 4090/6367/2546 4086/6369/2546 4085/6370/2546
f 4087/6371/2547 4091/6366/2547 4089/6368/2547 4085/6372/2547
f 4092/6365/2548 4088/6373/2548 4086/6374/2548 4090/6367/2548
o Cube.286_Cube.279
v 108.221870 -0.080433 77.890579
v 108.221870 -0.080433 82.926895
v 108.221870 4.724239 77.890579
v 108.221870 4.724239 82.926895
v 109.108208 -0.080433 77.890579
v 109.108208 -0.080433 82.926895
v 109.108208 4.724239 77.890579
v 109.108208 4.724239 82.926895
vt 0.375000 0.000000
vt 0.625000 0.000000
vt 0.625000 0.250000
vt 0.375000 0.250000
vt 0.625000 0.500000
vt 0.375000 0.500000
vt 0.625000 0.750000
vt 0.375000 0.750000
vt 0.625000 1.000000
vt 0.375000 1.000000
vt 0.125000 0.500000
vt 0.125000 0.750000
vt 0.875000 0.500000
vt 0.875000 0.750000
vn -1.0000 0.0000 0.0000
vn 0.0000 1.0000 0.0000
vn 1.0000 0.0000 0.0000
vn 0.0000 -1.0000 0.0000
vn 0.0000 0.0000 -1.0000
vn 0.0000 0.0000 1.0000
usemtl hbmat_concrete
s off
f 4093/6375/2549 4094/6376/2549 4096/6377/2549 4095/6378/2549
f 4095/6378/2550 4096/6377/2550 4100/6379/2550 4099/6380/2550
f 4099/6380/2551 4100/6379/2551 4098/6381/2551 4097/6382/2551
f 4097/6382/2552 4098/6381/2552 4094/6383/2552 4093/6384/2552
f 4095/6385/2553 4099/6380/2553 4097/6382/2553 4093/6386/2553
f 4100/6379/2554 4096/6387/2554 4094/6388/2554 4098/6381/2554
o Cube.287_Cube.280
v 50.774784 -0.324184 83.196465
v 50.774784 -0.324184 83.593224
v 50.774784 4.967990 83.196465
v 50.774784 4.967990 83.593224
v 67.124191 -0.324184 83.196465
v 67.124191 -0.324184 83.593224
v 67.124191 4.967990 83.196465
v 67.124191 4.967990 83.593224
vt 0.375000 0.000000
vt 0.625000 0.000000
vt 0.625000 0.250000
vt 0.375000 0.250000
vt 0.625000 0.500000
vt 0.375000 0.500000
vt 0.625000 0.750000
vt 0.375000 0.750000
vt 0.625000 1.000000
vt 0.375000 1.000000
vt 0.125000 0.500000
vt 0.125000 0.750000
vt 0.875000 0.500000
vt 0.875000 0.750000
vn -1.0000 0.0000 0.0000
vn 0.0000 1.0000 0.0000
vn 1.0000 0.0000 0.0000
vn 0.0000 -1.0000 0.0000
vn 0.0000 0.0000 -1.0000
vn 0.0000 0.0000 1.0000
usemtl hbmat_concrete
s off
f 4101/6389/2555 4102/6390/2555 4104/6391/2555 4103/6392/2555
f 4103/6392/2556 4104/6391/2556 4108/6393/2556 4107/6394/2556
f 4107/6394/2557 4108/6393/2557 4106/6395/2557 4105/6396/2557
f 4105/6396/2558 4106/6395/2558 4102/6397/2558 4101/6398/2558
f 4103/6399/2559 4107/6394/2559 4105/6396/2559 4101/6400/2559
f 4108/6393/2560 4104/6401/2560 4102/6402/2560 4106/6395/2560
o Cube.288_Cube.281
v 50.774784 -0.324184 89.768524
v 50.774784 -0.324184 90.165283
v 50.774784 4.967990 89.768524
v 50.774784 4.967990 90.165283
v 67.124191 -0.324184 89.768524
v 67.124191 -0.324184 90.165283
v 67.124191 4.967990 89.768524
v 67.124191 4.967990 90.165283
vt 0.375000 0.000000
vt 0.625000 0.000000
vt 0.625000 0.250000
vt 0.375000 0.250000
vt 0.625000 0.500000
vt 0.375000 0.500000
vt 0.625000 0.750000
vt 0.375000 0.750000
vt 0.625000 1.000000
vt 0.375000 1.000000
vt 0.125000 0.500000
vt 0.125000 0.750000
vt 0.875000 0.500000
vt 0.875000 0.750000
vn -1.0000 0.0000 0.0000
vn 0.0000 1.0000 0.0000
vn 1.0000 0.0000 0.0000
vn 0.0000 -1.0000 0.0000
vn 0.0000 0.0000 -1.0000
vn 0.0000 0.0000 1.0000
usemtl hbmat_concrete
s off
f 4109/6403/2561 4110/6404/2561 4112/6405/2561 4111/6406/2561
f 4111/6406/2562 4112/6405/2562 4116/6407/2562 4115/6408/2562
f 4115/6408/2563 4116/6407/2563 4114/6409/2563 4113/6410/2563
f 4113/6410/2564 4114/6409/2564 4110/6411/2564 4109/6412/2564
f 4111/6413/2565 4115/6408/2565 4113/6410/2565 4109/6414/2565
f 4116/6407/2566 4112/6415/2566 4110/6416/2566 4114/6409/2566
o Cube.289_Cube.282
v 69.570114 -0.270548 77.113907
v 69.570114 -0.270548 80.099350
v 69.570114 4.914353 77.113907
v 69.570114 4.914353 80.099350
v 77.058151 -0.270548 77.113907
v 77.058151 -0.270548 80.099350
v 77.058151 4.914353 77.113907
v 77.058151 4.914353 80.099350
vt 0.375000 0.000000
vt 0.625000 0.000000
vt 0.625000 0.250000
vt 0.375000 0.250000
vt 0.625000 0.500000
vt 0.375000 0.500000
vt 0.625000 0.750000
vt 0.375000 0.750000
vt 0.625000 1.000000
vt 0.375000 1.000000
vt 0.125000 0.500000
vt 0.125000 0.750000
vt 0.875000 0.500000
vt 0.875000 0.750000
vn -1.0000 0.0000 0.0000
vn 0.0000 1.0000 0.0000
vn 1.0000 0.0000 0.0000
vn 0.0000 -1.0000 0.0000
vn 0.0000 0.0000 -1.0000
vn 0.0000 0.0000 1.0000
usemtl hbmat_concrete
s off
f 4117/6417/2567 4118/6418/2567 4120/6419/2567 4119/6420/2567
f 4119/6420/2568 4120/6419/2568 4124/6421/2568 4123/6422/2568
f 4123/6422/2569 4124/6421/2569 4122/6423/2569 4121/6424/2569
f 4121/6424/2570 4122/6423/2570 4118/6425/2570 4117/6426/2570
f 4119/6427/2571 4123/6422/2571 4121/6424/2571 4117/6428/2571
f 4124/6421/2572 4120/6429/2572 4118/6430/2572 4122/6423/2572
o Cube.290_Cube.283
v 65.925613 -0.270548 80.024391
v 65.925613 -0.270548 83.009834
v 65.925613 4.914353 80.024391
v 65.925613 4.914353 83.009834
v 70.187347 -0.270548 80.024391
v 70.187347 -0.270548 83.009834
v 70.187347 4.914353 80.024391
v 70.187347 4.914353 83.009834
vt 0.375000 0.000000
vt 0.625000 0.000000
vt 0.625000 0.250000
vt 0.375000 0.250000
vt 0.625000 0.500000
vt 0.375000 0.500000
vt 0.625000 0.750000
vt 0.375000 0.750000
vt 0.625000 1.000000
vt 0.375000 1.000000
vt 0.125000 0.500000
vt 0.125000 0.750000
vt 0.875000 0.500000
vt 0.875000 0.750000
vn -1.0000 0.0000 0.0000
vn 0.0000 1.0000 0.0000
vn 1.0000 0.0000 0.0000
vn 0.0000 -1.0000 0.0000
vn 0.0000 0.0000 -1.0000
vn 0.0000 0.0000 1.0000
usemtl hbmat_concrete
s off
f 4125/6431/2573 4126/6432/2573 4128/6433/2573 4127/6434/2573
f 4127/6434/2574 4128/6433/2574 4132/6435/2574 4131/6436/2574
f 4131/6436/2575 4132/6435/2575 4130/6437/2575 4129/6438/2575
f 4129/6438/2576 4130/6437/2576 4126/6439/2576 4125/6440/2576
f 4127/6441/2577 4131/6436/2577 4129/6438/2577 4125/6442/2577
f 4132/6435/2578 4128/6443/2578 4126/6444/2578 4130/6437/2578
o Cube.291_Cube.284
v 69.570114 -0.270548 95.872284
v 69.570114 -0.270548 92.886841
v 69.570114 4.914353 95.872284
v 69.570114 4.914353 92.886841
v 77.058151 -0.270548 95.872284
v 77.058151 -0.270548 92.886841
v 77.058151 4.914353 95.872284
v 77.058151 4.914353 92.886841
vt 0.375000 0.000000
vt 0.375000 0.250000
vt 0.625000 0.250000
vt 0.625000 0.000000
vt 0.375000 0.500000
vt 0.625000 0.500000
vt 0.375000 0.750000
vt 0.625000 0.750000
vt 0.375000 1.000000
vt 0.625000 1.000000
vt 0.125000 0.500000
vt 0.125000 0.750000
vt 0.875000 0.750000
vt 0.875000 0.500000
vn -1.0000 0.0000 0.0000
vn 0.0000 1.0000 0.0000
vn 1.0000 0.0000 0.0000
vn 0.0000 -1.0000 0.0000
vn 0.0000 0.0000 1.0000
vn 0.0000 0.0000 -1.0000
usemtl hbmat_concrete
s off
f 4133/6445/2579 4135/6446/2579 4136/6447/2579 4134/6448/2579
f 4135/6446/2580 4139/6449/2580 4140/6450/2580 4136/6447/2580
f 4139/6449/2581 4137/6451/2581 4138/6452/2581 4140/6450/2581
f 4137/6451/2582 4133/6453/2582 4134/6454/2582 4138/6452/2582
f 4135/6455/2583 4133/6456/2583 4137/6451/2583 4139/6449/2583
f 4140/6450/2584 4138/6452/2584 4134/6457/2584 4136/6458/2584
o Cube.292_Cube.285
v 65.925613 -0.270548 92.961800
v 65.925613 -0.270548 89.976357
v 65.925613 4.914353 92.961800
v 65.925613 4.914353 89.976357
v 70.187347 -0.270548 92.961800
v 70.187347 -0.270548 89.976357
v 70.187347 4.914353 92.961800
v 70.187347 4.914353 89.976357
vt 0.375000 0.000000
vt 0.375000 0.250000
vt 0.625000 0.250000
vt 0.625000 0.000000
vt 0.375000 0.500000
vt 0.625000 0.500000
vt 0.375000 0.750000
vt 0.625000 0.750000
vt 0.375000 1.000000
vt 0.625000 1.000000
vt 0.125000 0.500000
vt 0.125000 0.750000
vt 0.875000 0.750000
vt 0.875000 0.500000
vn -1.0000 0.0000 0.0000
vn 0.0000 1.0000 0.0000
vn 1.0000 0.0000 0.0000
vn 0.0000 -1.0000 0.0000
vn 0.0000 0.0000 1.0000
vn 0.0000 0.0000 -1.0000
usemtl hbmat_concrete
s off
f 4141/6459/2585 4143/6460/2585 4144/6461/2585 4142/6462/2585
f 4143/6460/2586 4147/6463/2586 4148/6464/2586 4144/6461/2586
f 4147/6463/2587 4145/6465/2587 4146/6466/2587 4148/6464/2587
f 4145/6465/2588 4141/6467/2588 4142/6468/2588 4146/6466/2588
f 4143/6469/2589 4141/6470/2589 4145/6465/2589 4147/6463/2589
f 4148/6464/2590 4146/6466/2590 4142/6471/2590 4144/6472/2590
o Cube.297_Cube.177
v 65.423897 -2.224443 11.538054
v 65.423897 1.926600 11.538054
v 65.423897 -2.224443 8.487137
v 65.423897 1.926600 8.487137
v 69.794014 -2.224443 11.538054
v 69.794014 1.926600 11.538054
v 69.794014 -2.224443 8.487137
v 69.794014 1.926600 8.487137
vt 0.375000 0.000000
vt 0.625000 0.000000
vt 0.625000 0.250000
vt 0.375000 0.250000
vt 0.625000 0.500000
vt 0.375000 0.500000
vt 0.625000 0.750000
vt 0.375000 0.750000
vt 0.625000 1.000000
vt 0.375000 1.000000
vt 0.125000 0.500000
vt 0.125000 0.750000
vt 0.875000 0.500000
vt 0.875000 0.750000
vn -1.0000 0.0000 0.0000
vn 0.0000 0.0000 -1.0000
vn 1.0000 0.0000 0.0000
vn 0.0000 0.0000 1.0000
vn 0.0000 -1.0000 0.0000
vn 0.0000 1.0000 0.0000
usemtl hbmat_concrete
s off
f 4149/6473/2591 4150/6474/2591 4152/6475/2591 4151/6476/2591
f 4151/6476/2592 4152/6475/2592 4156/6477/2592 4155/6478/2592
f 4155/6478/2593 4156/6477/2593 4154/6479/2593 4153/6480/2593
f 4153/6480/2594 4154/6479/2594 4150/6481/2594 4149/6482/2594
f 4151/6483/2595 4155/6478/2595 4153/6480/2595 4149/6484/2595
f 4156/6477/2596 4152/6485/2596 4150/6486/2596 4154/6479/2596
o Cube.298_Cube.178
v 49.908630 -2.224443 11.455992
v 49.908630 1.926600 11.455992
v 49.908630 -2.224443 8.405075
v 49.908630 1.926600 8.405075
v 52.550400 -2.224443 11.455992
v 52.550400 1.926600 11.455992
v 52.550400 -2.224443 8.405075
v 52.550400 1.926600 8.405075
vt 0.375000 0.000000
vt 0.625000 0.000000
vt 0.625000 0.250000
vt 0.375000 0.250000
vt 0.625000 0.500000
vt 0.375000 0.500000
vt 0.625000 0.750000
vt 0.375000 0.750000
vt 0.625000 1.000000
vt 0.375000 1.000000
vt 0.125000 0.500000
vt 0.125000 0.750000
vt 0.875000 0.500000
vt 0.875000 0.750000
vn -1.0000 0.0000 0.0000
vn 0.0000 0.0000 -1.0000
vn 1.0000 0.0000 0.0000
vn 0.0000 0.0000 1.0000
vn 0.0000 -1.0000 0.0000
vn 0.0000 1.0000 0.0000
usemtl hbmat_concrete
s off
f 4157/6487/2597 4158/6488/2597 4160/6489/2597 4159/6490/2597
f 4159/6490/2598 4160/6489/2598 4164/6491/2598 4163/6492/2598
f 4163/6492/2599 4164/6491/2599 4162/6493/2599 4161/6494/2599
f 4161/6494/2600 4162/6493/2600 4158/6495/2600 4157/6496/2600
f 4159/6497/2601 4163/6492/2601 4161/6494/2601 4157/6498/2601
f 4164/6491/2602 4160/6499/2602 4158/6500/2602 4162/6493/2602
o Cube.299_Cube.179
v 47.904942 -0.270548 79.985001
v 47.904942 -0.270548 82.970444
v 47.904942 4.914353 79.985001
v 47.904942 4.914353 82.970444
v 52.166683 -0.270548 79.985001
v 52.166683 -0.270548 82.970444
v 52.166683 4.914353 79.985001
v 52.166683 4.914353 82.970444
vt 0.375000 0.000000
vt 0.625000 0.000000
vt 0.625000 0.250000
vt 0.375000 0.250000
vt 0.625000 0.500000
vt 0.375000 0.500000
vt 0.625000 0.750000
vt 0.375000 0.750000
vt 0.625000 1.000000
vt 0.375000 1.000000
vt 0.125000 0.500000
vt 0.125000 0.750000
vt 0.875000 0.500000
vt 0.875000 0.750000
vn -1.0000 0.0000 0.0000
vn 0.0000 1.0000 0.0000
vn 1.0000 0.0000 0.0000
vn 0.0000 -1.0000 0.0000
vn 0.0000 0.0000 -1.0000
vn 0.0000 0.0000 1.0000
usemtl hbmat_concrete
s off
f 4165/6501/2603 4166/6502/2603 4168/6503/2603 4167/6504/2603
f 4167/6504/2604 4168/6503/2604 4172/6505/2604 4171/6506/2604
f 4171/6506/2605 4172/6505/2605 4170/6507/2605 4169/6508/2605
f 4169/6508/2606 4170/6507/2606 4166/6509/2606 4165/6510/2606
f 4167/6511/2607 4171/6506/2607 4169/6508/2607 4165/6512/2607
f 4172/6505/2608 4168/6513/2608 4166/6514/2608 4170/6507/2608
o Cube.300_Cube.296
v 47.744625 -0.324184 69.693680
v 47.347866 -0.324184 69.693680
v 47.744625 4.967990 69.693680
v 47.347866 4.967990 69.693680
v 47.744625 -0.324184 80.000992
v 47.347866 -0.324184 80.000992
v 47.744625 4.967990 80.000992
v 47.347866 4.967990 80.000992
vt 0.375000 0.000000
vt 0.625000 0.000000
vt 0.625000 0.250000
vt 0.375000 0.250000
vt 0.625000 0.500000
vt 0.375000 0.500000
vt 0.625000 0.750000
vt 0.375000 0.750000
vt 0.625000 1.000000
vt 0.375000 1.000000
vt 0.125000 0.500000
vt 0.125000 0.750000
vt 0.875000 0.500000
vt 0.875000 0.750000
vn 0.0000 0.0000 -1.0000
vn 0.0000 1.0000 0.0000
vn 0.0000 0.0000 1.0000
vn 0.0000 -1.0000 0.0000
vn 1.0000 0.0000 0.0000
vn -1.0000 0.0000 0.0000
usemtl hbmat_concrete
s off
f 4173/6515/2609 4174/6516/2609 4176/6517/2609 4175/6518/2609
f 4175/6518/2610 4176/6517/2610 4180/6519/2610 4179/6520/2610
f 4179/6520/2611 4180/6519/2611 4178/6521/2611 4177/6522/2611
f 4177/6522/2612 4178/6521/2612 4174/6523/2612 4173/6524/2612
f 4175/6525/2613 4179/6520/2613 4177/6522/2613 4173/6526/2613
f 4180/6519/2614 4176/6527/2614 4174/6528/2614 4178/6521/2614
o Cube.301_Cube.297
v 47.904942 -0.270548 93.469734
v 47.904942 -0.270548 90.484291
v 47.904942 4.914353 93.469734
v 47.904942 4.914353 90.484291
v 52.166683 -0.270548 93.469734
v 52.166683 -0.270548 90.484291
v 52.166683 4.914353 93.469734
v 52.166683 4.914353 90.484291
vt 0.375000 0.000000
vt 0.375000 0.250000
vt 0.625000 0.250000
vt 0.625000 0.000000
vt 0.375000 0.500000
vt 0.625000 0.500000
vt 0.375000 0.750000
vt 0.625000 0.750000
vt 0.375000 1.000000
vt 0.625000 1.000000
vt 0.125000 0.500000
vt 0.125000 0.750000
vt 0.875000 0.750000
vt 0.875000 0.500000
vn -1.0000 0.0000 0.0000
vn 0.0000 1.0000 0.0000
vn 1.0000 0.0000 0.0000
vn 0.0000 -1.0000 0.0000
vn 0.0000 0.0000 1.0000
vn 0.0000 0.0000 -1.0000
usemtl hbmat_concrete
s off
f 4181/6529/2615 4183/6530/2615 4184/6531/2615 4182/6532/2615
f 4183/6530/2616 4187/6533/2616 4188/6534/2616 4184/6531/2616
f 4187/6533/2617 4185/6535/2617 4186/6536/2617 4188/6534/2617
f 4185/6535/2618 4181/6537/2618 4182/6538/2618 4186/6536/2618
f 4183/6539/2619 4181/6540/2619 4185/6535/2619 4187/6533/2619
f 4188/6534/2620 4186/6536/2620 4182/6541/2620 4184/6542/2620
o Cube.302_Cube.298
v 47.744625 -0.324184 103.761055
v 47.347866 -0.324184 103.761055
v 47.744625 4.967990 103.761055
v 47.347866 4.967990 103.761055
v 47.744625 -0.324184 93.453743
v 47.347866 -0.324184 93.453743
v 47.744625 4.967990 93.453743
v 47.347866 4.967990 93.453743
vt 0.375000 0.000000
vt 0.375000 0.250000
vt 0.625000 0.250000
vt 0.625000 0.000000
vt 0.375000 0.500000
vt 0.625000 0.500000
vt 0.375000 0.750000
vt 0.625000 0.750000
vt 0.375000 1.000000
vt 0.625000 1.000000
vt 0.125000 0.500000
vt 0.125000 0.750000
vt 0.875000 0.750000
vt 0.875000 0.500000
vn 0.0000 0.0000 1.0000
vn 0.0000 1.0000 0.0000
vn 0.0000 0.0000 -1.0000
vn 0.0000 -1.0000 0.0000
vn 1.0000 0.0000 0.0000
vn -1.0000 0.0000 0.0000
usemtl hbmat_concrete
s off
f 4189/6543/2621 4191/6544/2621 4192/6545/2621 4190/6546/2621
f 4191/6544/2622 4195/6547/2622 4196/6548/2622 4192/6545/2622
f 4195/6547/2623 4193/6549/2623 4194/6550/2623 4196/6548/2623
f 4193/6549/2624 4189/6551/2624 4190/6552/2624 4194/6550/2624
f 4191/6553/2625 4189/6554/2625 4193/6549/2625 4195/6547/2625
f 4196/6548/2626 4194/6550/2626 4190/6555/2626 4192/6556/2626
o Cube.639
v 37.646381 1.418060 5.906157
v 37.646381 1.898010 5.906157
v 37.646381 1.418060 5.426207
v 37.646381 1.898010 5.426207
v 38.126331 1.418060 5.906157
v 38.126331 1.898010 5.906157
v 38.126331 1.418060 5.426207
v 38.126331 1.898010 5.426207
vt 0.375000 0.000000
vt 0.625000 0.000000
vt 0.625000 0.250000
vt 0.375000 0.250000
vt 0.625000 0.500000
vt 0.375000 0.500000
vt 0.625000 0.750000
vt 0.375000 0.750000
vt 0.625000 1.000000
vt 0.375000 1.000000
vt 0.125000 0.500000
vt 0.125000 0.750000
vt 0.875000 0.500000
vt 0.875000 0.750000
vn -1.0000 0.0000 0.0000
vn 0.0000 0.0000 -1.0000
vn 1.0000 0.0000 0.0000
vn 0.0000 0.0000 1.0000
vn 0.0000 -1.0000 0.0000
vn 0.0000 1.0000 0.0000
usemtl loot_gun_b.50
s off
f 4197/6557/2627 4198/6558/2627 4200/6559/2627 4199/6560/2627
f 4199/6560/2628 4200/6559/2628 4204/6561/2628 4203/6562/2628
f 4203/6562/2629 4204/6561/2629 4202/6563/2629 4201/6564/2629
f 4201/6564/2630 4202/6563/2630 4198/6565/2630 4197/6566/2630
f 4199/6567/2631 4203/6562/2631 4201/6564/2631 4197/6568/2631
f 4204/6561/2632 4200/6569/2632 4198/6570/2632 4202/6563/2632
o Cube.633
v 37.846409 1.418060 5.124054
v 37.846409 1.898010 5.124054
v 37.846409 1.418060 4.644104
v 37.846409 1.898010 4.644104
v 38.326359 1.418060 5.124054
v 38.326359 1.898010 5.124054
v 38.326359 1.418060 4.644104
v 38.326359 1.898010 4.644104
vt 0.375000 0.000000
vt 0.625000 0.000000
vt 0.625000 0.250000
vt 0.375000 0.250000
vt 0.625000 0.500000
vt 0.375000 0.500000
vt 0.625000 0.750000
vt 0.375000 0.750000
vt 0.625000 1.000000
vt 0.375000 1.000000
vt 0.125000 0.500000
vt 0.125000 0.750000
vt 0.875000 0.500000
vt 0.875000 0.750000
vn -1.0000 0.0000 0.0000
vn 0.0000 0.0000 -1.0000
vn 1.0000 0.0000 0.0000
vn 0.0000 0.0000 1.0000
vn 0.0000 -1.0000 0.0000
vn 0.0000 1.0000 0.0000
usemtl loot_gun_c.100
s off
f 4205/6571/2633 4206/6572/2633 4208/6573/2633 4207/6574/2633
f 4207/6574/2634 4208/6573/2634 4212/6575/2634 4211/6576/2634
f 4211/6576/2635 4212/6575/2635 4210/6577/2635 4209/6578/2635
f 4209/6578/2636 4210/6577/2636 4206/6579/2636 4205/6580/2636
f 4207/6581/2637 4211/6576/2637 4209/6578/2637 4205/6582/2637
f 4212/6575/2638 4208/6583/2638 4206/6584/2638 4210/6577/2638
o Cube.305_Cube.301
v 141.233597 1.418060 0.793605
v 141.233597 1.898010 0.793605
v 141.233597 1.418060 0.313655
v 141.233597 1.898010 0.313655
v 141.713547 1.418060 0.793605
v 141.713547 1.898010 0.793605
v 141.713547 1.418060 0.313655
v 141.713547 1.898010 0.313655
vt 0.375000 0.000000
vt 0.625000 0.000000
vt 0.625000 0.250000
vt 0.375000 0.250000
vt 0.625000 0.500000
vt 0.375000 0.500000
vt 0.625000 0.750000
vt 0.375000 0.750000
vt 0.625000 1.000000
vt 0.375000 1.000000
vt 0.125000 0.500000
vt 0.125000 0.750000
vt 0.875000 0.500000
vt 0.875000 0.750000
vn -1.0000 0.0000 0.0000
vn 0.0000 0.0000 -1.0000
vn 1.0000 0.0000 0.0000
vn 0.0000 0.0000 1.0000
vn 0.0000 -1.0000 0.0000
vn 0.0000 1.0000 0.0000
usemtl loot_gun_b.50
s off
f 4213/6585/2639 4214/6586/2639 4216/6587/2639 4215/6588/2639
f 4215/6588/2640 4216/6587/2640 4220/6589/2640 4219/6590/2640
f 4219/6590/2641 4220/6589/2641 4218/6591/2641 4217/6592/2641
f 4217/6592/2642 4218/6591/2642 4214/6593/2642 4213/6594/2642
f 4215/6595/2643 4219/6590/2643 4217/6592/2643 4213/6596/2643
f 4220/6589/2644 4216/6597/2644 4214/6598/2644 4218/6591/2644
o Cube.306_Cube.302
v 135.448761 1.418060 61.301044
v 135.448761 1.898010 61.301044
v 135.448761 1.418060 60.821095
v 135.448761 1.898010 60.821095
v 135.928711 1.418060 61.301044
v 135.928711 1.898010 61.301044
v 135.928711 1.418060 60.821095
v 135.928711 1.898010 60.821095
vt 0.375000 0.000000
vt 0.625000 0.000000
vt 0.625000 0.250000
vt 0.375000 0.250000
vt 0.625000 0.500000
vt 0.375000 0.500000
vt 0.625000 0.750000
vt 0.375000 0.750000
vt 0.625000 1.000000
vt 0.375000 1.000000
vt 0.125000 0.500000
vt 0.125000 0.750000
vt 0.875000 0.500000
vt 0.875000 0.750000
vn -1.0000 0.0000 0.0000
vn 0.0000 0.0000 -1.0000
vn 1.0000 0.0000 0.0000
vn 0.0000 0.0000 1.0000
vn 0.0000 -1.0000 0.0000
vn 0.0000 1.0000 0.0000
usemtl loot_gun_b.50
s off
f 4221/6599/2645 4222/6600/2645 4224/6601/2645 4223/6602/2645
f 4223/6602/2646 4224/6601/2646 4228/6603/2646 4227/6604/2646
f 4227/6604/2647 4228/6603/2647 4226/6605/2647 4225/6606/2647
f 4225/6606/2648 4226/6605/2648 4222/6607/2648 4221/6608/2648
f 4223/6609/2649 4227/6604/2649 4225/6606/2649 4221/6610/2649
f 4228/6603/2650 4224/6611/2650 4222/6612/2650 4226/6605/2650
o Cube.307_Cube.303
v 85.337990 1.418060 84.432190
v 85.337990 1.898010 84.432190
v 85.337990 1.418060 83.952240
v 85.337990 1.898010 83.952240
v 85.817940 1.418060 84.432190
v 85.817940 1.898010 84.432190
v 85.817940 1.418060 83.952240
v 85.817940 1.898010 83.952240
vt 0.375000 0.000000
vt 0.625000 0.000000
vt 0.625000 0.250000
vt 0.375000 0.250000
vt 0.625000 0.500000
vt 0.375000 0.500000
vt 0.625000 0.750000
vt 0.375000 0.750000
vt 0.625000 1.000000
vt 0.375000 1.000000
vt 0.125000 0.500000
vt 0.125000 0.750000
vt 0.875000 0.500000
vt 0.875000 0.750000
vn -1.0000 0.0000 0.0000
vn 0.0000 0.0000 -1.0000
vn 1.0000 0.0000 0.0000
vn 0.0000 0.0000 1.0000
vn 0.0000 -1.0000 0.0000
vn 0.0000 1.0000 0.0000
usemtl loot_gun_c.100
s off
f 4229/6613/2651 4230/6614/2651 4232/6615/2651 4231/6616/2651
f 4231/6616/2652 4232/6615/2652 4236/6617/2652 4235/6618/2652
f 4235/6618/2653 4236/6617/2653 4234/6619/2653 4233/6620/2653
f 4233/6620/2654 4234/6619/2654 4230/6621/2654 4229/6622/2654
f 4231/6623/2655 4235/6618/2655 4233/6620/2655 4229/6624/2655
f 4236/6617/2656 4232/6625/2656 4230/6626/2656 4234/6619/2656
o Cube.308_Cube.304
v 93.347198 1.418060 89.736504
v 93.347198 1.898010 89.736504
v 93.347198 1.418060 89.256554
v 93.347198 1.898010 89.256554
v 93.827148 1.418060 89.736504
v 93.827148 1.898010 89.736504
v 93.827148 1.418060 89.256554
v 93.827148 1.898010 89.256554
vt 0.375000 0.000000
vt 0.625000 0.000000
vt 0.625000 0.250000
vt 0.375000 0.250000
vt 0.625000 0.500000
vt 0.375000 0.500000
vt 0.625000 0.750000
vt 0.375000 0.750000
vt 0.625000 1.000000
vt 0.375000 1.000000
vt 0.125000 0.500000
vt 0.125000 0.750000
vt 0.875000 0.500000
vt 0.875000 0.750000
vn -1.0000 0.0000 0.0000
vn 0.0000 0.0000 -1.0000
vn 1.0000 0.0000 0.0000
vn 0.0000 0.0000 1.0000
vn 0.0000 -1.0000 0.0000
vn 0.0000 1.0000 0.0000
usemtl loot_gun_c.100
s off
f 4237/6627/2657 4238/6628/2657 4240/6629/2657 4239/6630/2657
f 4239/6630/2658 4240/6629/2658 4244/6631/2658 4243/6632/2658
f 4243/6632/2659 4244/6631/2659 4242/6633/2659 4241/6634/2659
f 4241/6634/2660 4242/6633/2660 4238/6635/2660 4237/6636/2660
f 4239/6637/2661 4243/6632/2661 4241/6634/2661 4237/6638/2661
f 4244/6631/2662 4240/6639/2662 4238/6640/2662 4242/6633/2662
o Cube.309_Cube.305
v 100.497467 1.418060 87.054207
v 100.497467 1.898010 87.054207
v 100.497467 1.418060 86.574257
v 100.497467 1.898010 86.574257
v 100.977417 1.418060 87.054207
v 100.977417 1.898010 87.054207
v 100.977417 1.418060 86.574257
v 100.977417 1.898010 86.574257
vt 0.375000 0.000000
vt 0.625000 0.000000
vt 0.625000 0.250000
vt 0.375000 0.250000
vt 0.625000 0.500000
vt 0.375000 0.500000
vt 0.625000 0.750000
vt 0.375000 0.750000
vt 0.625000 1.000000
vt 0.375000 1.000000
vt 0.125000 0.500000
vt 0.125000 0.750000
vt 0.875000 0.500000
vt 0.875000 0.750000
vn -1.0000 0.0000 0.0000
vn 0.0000 0.0000 -1.0000
vn 1.0000 0.0000 0.0000
vn 0.0000 0.0000 1.0000
vn 0.0000 -1.0000 0.0000
vn 0.0000 1.0000 0.0000
usemtl loot_gun_c.100
s off
f 4245/6641/2663 4246/6642/2663 4248/6643/2663 4247/6644/2663
f 4247/6644/2664 4248/6643/2664 4252/6645/2664 4251/6646/2664
f 4251/6646/2665 4252/6645/2665 4250/6647/2665 4249/6648/2665
f 4249/6648/2666 4250/6647/2666 4246/6649/2666 4245/6650/2666
f 4247/6651/2667 4251/6646/2667 4249/6648/2667 4245/6652/2667
f 4252/6645/2668 4248/6653/2668 4246/6654/2668 4250/6647/2668
